user_id,name,created_at
U00001,Thành Hữu Bùi,2025-12-03
U00002,Hạnh Mai Bảo Hoàng,2025-05-13
U00003,Bảo Dương,2025-10-06
U00004,Ông Tú Bùi,2024-06-12
U00005,Phương Bùi,2025-06-19
U00006,Nam Bùi,2024-12-17
U00007,Bà Hạnh Nguyễn,2024-01-21
U00008,Quang Phú Nguyễn,2024-01-08
U00009,Huy Phạm,2024-08-01
U00010,Chị Kim Phạm,2025-02-21
U00011,Hà Đức Trần,2025-01-07
U00012,Bà Hà Lê,2024-10-16
U00013,Quý cô Hà Bùi,2024-06-21
U00014,Quý cô Hạnh Đặng,2025-08-12
U00015,Nhật Nguyễn,2025-04-22
U00016,Vi Vũ,2024-05-27
U00017,Thành Bùi,2025-06-25
U00018,Quang Dương,2024-12-02
U00019,Anh Thị Bùi,2025-02-06
U00020,An Vũ,2024-04-01
U00021,Hạnh Dương,2025-06-25
U00022,Bảo Nguyễn,2024-08-01
U00023,Quý cô Mai Vũ,2024-05-04
U00024,Châu Quang Mai,2024-09-23
U00025,Cô Phương Mai,2025-09-06
U00026,Cô Hải Trần,2025-01-16
U00027,Phương Hữu Bùi,2024-12-20
U00028,Bà Phương Hoàng,2024-04-17
U00029,Hạnh Đức Bùi,2025-11-27
U00030,Bác Khoa Mai,2024-05-28
U00031,Hoàng Bùi,2025-10-25
U00032,Chị Thảo Bùi,2024-10-01
U00033,Bảo Xuân Mai,2025-12-09
U00034,Bảo Mai,2025-05-30
U00035,Tú Trần,2024-05-24
U00036,Kim Đức Nguyễn,2025-01-19
U00037,Quý cô Ngọc Mai,2025-04-02
U00038,Thành Đức Bùi,2024-03-27
U00039,Thành Mai Bảo Nguyễn,2024-11-18
U00040,Khoa Xuân Phạm,2025-04-26
U00041,Chị Chi Lê,2024-11-26
U00042,Trung Quang Mai,2024-07-30
U00043,Ngọc Nguyễn,2024-08-23
U00044,Hải Thế Trần,2024-12-01
U00045,Phương Vũ,2024-03-23
U00046,Thành Mai,2024-12-05
U00047,Kim Đức Vũ,2025-10-10
U00048,Chị Thành Lê,2024-07-21
U00049,Ánh Nguyễn,2025-07-01
U00050,Trung Bảo Nguyễn,2024-08-29
U00051,Nam Vũ,2024-06-13
U00052,Lan Phạm,2024-12-21
U00053,Nhật Đức Hoàng,2025-09-01
U00054,Bác Huy Phạm,2025-11-07
U00055,Hải Bùi,2025-11-29
U00056,Mai Lê,2025-06-26
U00057,Dương Đặng,2025-08-15
U00058,Thảo Trần,2025-02-17
U00059,Bà Lan Hoàng,2025-07-08
U00060,Duyên Mai,2024-09-15
U00061,Quý cô Hải Phạm,2025-08-20
U00062,Anh Thành Phạm,2024-04-24
U00063,Phương Trí Hoàng,2025-06-25
U00064,Huy Mai,2025-02-18
U00065,Anh Thành Đặng,2024-03-10
U00066,Hải Phạm,2024-02-09
U00067,Anh Trọng Vũ,2025-09-21
U00068,Huy Dương,2024-11-02
U00069,Quý cô Hạnh Vũ,2025-02-22
U00070,Bảo Đức Đặng,2024-01-08
U00071,Trọng Trần,2025-03-20
U00072,Thảo Vũ,2024-09-01
U00073,Nhật Hoàng,2024-08-15
U00074,Yến Hoàng,2025-01-03
U00075,Chị Hương Hoàng,2025-10-14
U00076,Cô Vi Dương,2025-12-29
U00077,Trung Mai Bảo Hoàng,2024-05-30
U00078,Bác Trung Trần,2025-04-24
U00079,Châu Mai,2025-11-22
U00080,Hà Lê,2025-08-27
U00081,Nam Trí Lê,2025-03-27
U00082,Ánh Nguyễn,2024-06-29
U00083,Bác Châu Dương,2025-06-10
U00084,An Trần,2024-12-26
U00085,Lâm Đức Phạm,2025-04-21
U00086,Dương Nguyễn,2024-05-12
U00087,Linh Đặng,2024-05-09
U00088,Ông Nam Dương,2025-09-30
U00089,Chị Duyên Bùi,2025-12-12
U00090,Hải Đặng,2024-08-21
U00091,An Xuân Dương,2025-12-31
U00092,Anh Dương,2024-02-21
U00093,Lan Dương,2025-10-19
U00094,Chị Nhật Bùi,2025-08-20
U00095,Bà Chi Lê,2024-02-11
U00096,Thành Đặng,2025-06-05
U00097,Ông Huy Dương,2024-07-12
U00098,Bác Phúc Trần,2025-09-24
U00099,Thành Mai Bảo Hoàng,2025-05-11
U00100,Bảo Văn Trần,2024-08-31
U00101,Hương Hoàng,2025-04-18
U00102,Thành Hải Lê,2025-05-07
U00103,An Mai Bảo Hoàng,2024-08-13
U00104,Kim Thị Trần,2024-01-11
U00105,Lâm Mai,2024-03-31
U00106,Cô Vân Mai,2024-06-25
U00107,Hưng Xuân Hoàng,2024-09-13
U00108,Quang Hải Mai,2024-12-16
U00109,Thành Phạm,2024-01-17
U00110,Bác Hưng Trần,2024-03-31
U00111,Hà Nguyễn,2024-09-07
U00112,Kim Tấn Mai,2025-06-16
U00113,Nhật Hữu Mai,2025-01-03
U00114,Bác Bảo Lê,2025-05-27
U00115,Hải Hoàng Phạm,2024-01-03
U00116,Bác Hoàng Vũ,2025-08-26
U00117,Bà Hương Phạm,2024-06-20
U00118,Quý cô Phương Lê,2024-10-26
U00119,Chị Linh Nguyễn,2025-08-02
U00120,Quý cô Hồng Mai,2024-08-23
U00121,Nhật Phú Hoàng,2025-03-12
U00122,Lâm Thế Vũ,2024-03-15
U00123,Bà Nhật Mai,2025-12-18
U00124,Ngọc Bùi,2024-10-28
U00125,Xuân Nguyễn,2024-11-04
U00126,Phúc Hữu Đặng,2024-11-14
U00127,Chị Duyên Hoàng,2025-10-30
U00128,Anh Quang Nguyễn,2025-04-16
U00129,Bà Vi Đặng,2025-05-29
U00130,Quý cô Ngọc Hoàng,2024-09-24
U00131,An Hữu Phạm,2024-07-25
U00132,Quý cô Khoa Nguyễn,2024-10-13
U00133,Ánh Dương,2024-07-10
U00134,Trung Hữu Mai,2025-02-15
U00135,Minh Nguyễn,2025-09-18
U00136,Quý cô Thảo Vũ,2024-01-26
U00137,Chị Thảo Phạm,2025-09-03
U00138,Bảo Xuân Dương,2025-01-29
U00139,Trung Hải Phạm,2025-12-04
U00140,Ông Huy Trần,2024-11-07
U00141,Minh Dương,2024-10-25
U00142,Trọng Mai Nguyễn,2024-04-08
U00143,Chị Thảo Dương,2025-03-23
U00144,Yến Hoàng,2025-10-01
U00145,Quý ông Thành Trần,2024-10-27
U00146,Quý cô Phương Mai,2024-08-06
U00147,Cô Nhật Dương,2024-09-01
U00148,Ông Trung Vũ,2024-12-05
U00149,Vũ Hữu Dương,2025-06-05
U00150,Bà Ngọc Trần,2025-10-22
U00151,Quý cô Mai Phạm,2024-11-12
U00152,Hoàng Phạm,2025-09-27
U00153,Thảo Nguyễn,2024-03-14
U00154,Cô Lan Bùi,2025-03-07
U00155,Cô Ánh Lê,2024-09-12
U00156,Hồng Mai,2025-05-19
U00157,Quý cô Xuân Hoàng,2025-03-05
U00158,Quý cô Hà Lê,2025-10-23
U00159,Thành Hải Nguyễn,2024-07-15
U00160,Quý ông Thành Lê,2025-08-31
U00161,Huy Hải Dương,2025-10-04
U00162,Bảo Thị Dương,2025-05-09
U00163,Ông Vũ Phạm,2025-01-09
U00164,Bà Dương Bùi,2025-05-27
U00165,Cô Lâm Trần,2024-06-15
U00166,Tú Vũ,2025-11-19
U00167,Bà Dương Hoàng,2025-03-14
U00168,Bà Phương Bùi,2025-09-06
U00169,Minh Phạm,2024-09-01
U00170,Nhật Văn Trần,2025-08-17
U00171,Vũ Phú Lê,2025-09-27
U00172,Quang Mai Lê,2024-04-28
U00173,Anh Quang Hoàng,2025-09-10
U00174,Huy Mai,2024-07-15
U00175,Huy Thị Phạm,2024-05-28
U00176,Chị Bảo Đặng,2024-08-10
U00177,Nhiên Văn Nguyễn,2024-08-10
U00178,Quý cô Ngọc Lê,2025-12-25
U00179,Lâm Văn Phạm,2024-01-05
U00180,Thành Phạm,2024-06-24
U00181,Bà Chi Vũ,2025-01-16
U00182,Bà Phương Bùi,2024-10-10
U00183,Bác Trung Nguyễn,2024-02-16
U00184,An Tấn Trần,2024-02-05
U00185,Châu Hoàng Vũ,2025-10-30
U00186,Xuân Bùi,2025-05-20
U00187,Quý cô Hà Vũ,2024-06-27
U00188,Quý cô Hà Hoàng,2025-02-11
U00189,Bác Hưng Phạm,2025-12-25
U00190,Mai Lê,2024-07-02
U00191,Chi Dương,2024-05-29
U00192,Bảo Vũ,2025-07-12
U00193,Quý cô Ánh Bùi,2025-11-26
U00194,Quý ông Vũ Hoàng,2024-10-06
U00195,Nhật Đặng,2025-11-16
U00196,Kim Nguyễn,2024-01-27
U00197,Khoa Đức Hoàng,2024-04-25
U00198,Quý cô Hồng Dương,2025-11-18
U00199,Phương Đặng,2025-03-05
U00200,Nhật Bùi,2024-06-24
U00201,Cô Mai Nguyễn,2024-07-27
U00202,Phúc Mai,2024-05-16
U00203,Cô Mai Nguyễn,2025-09-24
U00204,Quý ông Trọng Trần,2024-01-31
U00205,Hải Trí Hoàng,2024-08-19
U00206,Nhật Hải Đặng,2025-09-28
U00207,Chị Duyên Lê,2024-02-26
U00208,Phương Vũ,2024-07-18
U00209,Bác Nhiên Lê,2025-05-04
U00210,Ông Châu Bùi,2024-05-10
U00211,Thành Đức Trần,2024-04-02
U00212,Chị Mai Mai,2025-03-12
U00213,Anh Anh Hoàng,2025-08-26
U00214,Anh Nhiên Mai,2024-10-02
U00215,Quý cô Ngọc Trần,2024-01-04
U00216,Nhật Trần,2024-10-05
U00217,Cô Phương Dương,2025-11-25
U00218,Thành Hoàng,2025-09-25
U00219,Huy Lê,2025-12-25
U00220,Quý ông Tú Phạm,2024-06-15
U00221,Nhật Tấn Phạm,2024-11-06
U00222,Chị Bảo Bùi,2024-04-25
U00223,Khoa Đặng,2024-09-19
U00224,Thành Phạm,2025-12-17
U00225,Ngọc Phạm,2025-12-05
U00226,Vũ Hoàng,2024-02-01
U00227,Nam Lê,2025-10-25
U00228,Ông Quang Trần,2024-04-20
U00229,Nam Quang Mai,2024-04-06
U00230,Lâm Bùi,2025-12-16
U00231,Quang Lê,2024-09-07
U00232,Minh Hoàng Đặng,2025-09-02
U00233,Quý cô An Đặng,2024-01-12
U00234,Ông Tùng Đặng,2024-01-12
U00235,Bác Phúc Vũ,2025-04-23
U00236,Anh Dũng Trần,2025-10-11
U00237,Phúc Nguyễn,2024-11-19
U00238,Hạnh Phạm,2025-08-04
U00239,Bác Thành Đặng,2024-01-18
U00240,Vũ Hoàng Bùi,2024-04-19
U00241,Tú Nguyễn,2024-03-03
U00242,Khoa Trí Nguyễn,2025-02-11
U00243,Hạnh Đức Bùi,2024-03-10
U00244,Nhật Hoàng Hoàng,2025-03-20
U00245,Trọng Hữu Mai,2025-04-12
U00246,Ông Nhiên Trần,2025-03-13
U00247,Xuân Dương,2024-09-28
U00248,Nam Tấn Lê,2024-03-03
U00249,Cô Lâm Nguyễn,2024-01-06
U00250,Quý cô Hà Mai,2024-05-21
U00251,Khoa Vũ,2024-04-17
U00252,Quý ông Tú Đặng,2025-07-14
U00253,Duyên Hoàng,2025-08-05
U00254,Ngọc Đặng,2024-06-05
U00255,Quý cô Hải Vũ,2024-07-31
U00256,Phương Quang Hoàng,2024-10-30
U00257,Bác Thành Trần,2024-09-15
U00258,Vũ Hải Nguyễn,2025-04-30
U00259,Anh Tú Mai,2025-04-03
U00260,Anh Trung Đặng,2024-04-11
U00261,Cô Thành Hoàng,2024-01-27
U00262,Hà Mai Vũ,2024-12-20
U00263,Quý cô Hương Nguyễn,2025-01-17
U00264,Khoa Nguyễn,2024-01-07
U00265,Lâm Thị Bùi,2024-06-06
U00266,Trọng Lê,2025-10-20
U00267,Phúc Phú Bùi,2025-12-09
U00268,Nam Lê,2024-09-24
U00269,Quý cô Ánh Bùi,2025-03-27
U00270,Bà Thành Hoàng,2025-02-21
U00271,Chị Ngọc Lê,2025-01-16
U00272,Phương Lê,2025-03-14
U00273,Quý cô Lâm Dương,2025-03-23
U00274,Hà Đức Hoàng,2024-02-19
U00275,Phương Trí Hoàng,2025-05-26
U00276,Bà Khoa Nguyễn,2025-05-10
U00277,Bà Hải Vũ,2024-03-28
U00278,Chị Bảo Nguyễn,2025-06-03
U00279,Bác Tú Bùi,2024-04-09
U00280,Kim Dương,2025-03-13
U00281,Ông Phúc Trần,2025-09-27
U00282,Nhật Văn Mai,2024-11-19
U00283,Nhiên Lê,2025-06-10
U00284,Anh Anh Hoàng,2024-03-25
U00285,Khoa Vũ,2025-12-10
U00286,Nhật Vũ,2025-04-18
U00287,Hồng Vũ,2024-02-21
U00288,Nhiên Trí Trần,2025-12-23
U00289,Kim Phạm,2025-02-03
U00290,Linh Nguyễn,2025-05-08
U00291,Vân Dương,2025-10-26
U00292,Bảo Hữu Đặng,2024-10-06
U00293,Nhật Hải Nguyễn,2025-09-10
U00294,Chị Khoa Bùi,2024-12-19
U00295,Lâm Hữu Phạm,2024-08-31
U00296,Quang Quang Dương,2024-08-19
U00297,Cô Vân Vũ,2024-08-08
U00298,Dũng Bảo Trần,2024-03-23
U00299,Tùng Xuân Lê,2024-11-26
U00300,Ông Tùng Phạm,2025-11-04
U00301,Lâm Dương,2024-02-15
U00302,Huy Thị Đặng,2025-05-05
U00303,Khoa Đức Dương,2025-01-19
U00304,Quang Mai,2024-04-11
U00305,Hồng Lê,2024-06-25
U00306,Phúc Bùi,2024-05-26
U00307,Quý ông Vũ Hoàng,2025-12-09
U00308,Bà Nhật Đặng,2024-07-20
U00309,Quý ông Trung Lê,2024-05-09
U00310,Ánh Mai,2024-06-01
U00311,Hạnh Nguyễn,2024-06-06
U00312,Bà Nhật Lê,2025-09-05
U00313,Quang Hoàng,2024-09-03
U00314,Anh Trung Nguyễn,2024-04-29
U00315,Quý ông Trung Mai,2024-06-04
U00316,Khoa Hoàng,2025-04-09
U00317,Lâm Hoàng,2025-11-17
U00318,An Văn Hoàng,2025-05-15
U00319,Nhật Phú Hoàng,2025-10-15
U00320,Bà Lan Hoàng,2025-12-02
U00321,An Đức Mai,2025-08-20
U00322,Chị Nhật Bùi,2025-02-20
U00323,Nhiên Phú Bùi,2025-05-07
U00324,Nhật Hữu Lê,2024-04-15
U00325,Cô Hà Dương,2024-08-05
U00326,Kim Nguyễn,2024-02-23
U00327,Huy Mai,2025-01-15
U00328,Chị Xuân Dương,2024-06-07
U00329,Chị Ánh Lê,2025-02-18
U00330,Phúc Lê,2025-09-17
U00331,Bà Nhật Dương,2025-02-13
U00332,Bà Phương Mai,2024-09-22
U00333,Bác Tùng Mai,2024-10-28
U00334,Hưng Mai,2024-01-24
U00335,Bà Hồng Mai,2024-08-13
U00336,Kim Bùi,2025-09-10
U00337,Kim Trí Lê,2024-10-06
U00338,Quý cô Lan Dương,2025-01-02
U00339,Bác Khoa Dương,2025-04-14
U00340,Khoa Vũ,2024-05-11
U00341,Duyên Đặng,2024-03-02
U00342,Bà Nhật Lê,2025-01-16
U00343,Hoàng Bảo Bùi,2024-03-16
U00344,Quý ông Dũng Hoàng,2025-04-26
U00345,Phúc Nguyễn,2024-12-18
U00346,Hạnh Bảo Đặng,2025-03-02
U00347,Hải Hoàng,2025-02-03
U00348,Quang Đức Lê,2024-03-11
U00349,Anh Anh Mai,2024-05-24
U00350,Nhật Hoàng,2025-05-13
U00351,Nhật Mai,2024-06-18
U00352,Bà Xuân Hoàng,2025-09-30
U00353,Chị Vi Mai,2024-03-19
U00354,Quý cô Hải Vũ,2025-11-23
U00355,Minh Nguyễn,2024-08-18
U00356,Nhật Bảo Mai,2025-05-26
U00357,Bảo Dương,2024-12-30
U00358,Bà Vân Vũ,2024-01-04
U00359,Vũ Văn Hoàng,2024-03-01
U00360,Bà Hương Bùi,2025-06-03
U00361,Vi Lê,2024-01-20
U00362,Thành Mai,2024-12-28
U00363,Khoa Hải Vũ,2025-12-10
U00364,Bà Nhật Lê,2025-04-09
U00365,Quý ông Quang Phạm,2024-04-13
U00366,Nhiên Phú Trần,2025-07-11
U00367,Cô Vi Phạm,2024-07-23
U00368,Cô Vi Bùi,2024-07-12
U00369,Minh Nguyễn,2024-02-19
U00370,Kim Thị Trần,2024-06-03
U00371,Trung Bùi,2025-04-21
U00372,Quý ông Anh Dương,2025-07-23
U00373,Cô Yến Phạm,2025-07-19
U00374,Mai Hoàng,2024-03-06
U00375,Chị Dương Phạm,2024-08-28
U00376,Khoa Dương,2024-09-15
U00377,An Mai Bảo Hoàng,2025-02-22
U00378,Khoa Văn Lê,2024-06-17
U00379,Lâm Bảo Vũ,2024-01-12
U00380,Bảo Thế Hoàng,2025-08-20
U00381,Quý ông Tùng Mai,2024-09-03
U00382,Bà Khoa Đặng,2025-03-03
U00383,Quý ông Vũ Đặng,2025-10-18
U00384,Anh Phạm,2024-01-08
U00385,Phương Văn Lê,2024-11-02
U00386,Hải Hoàng,2025-04-11
U00387,Nhật Phạm,2025-02-02
U00388,Chị Nhật Phạm,2025-08-01
U00389,Mai Trần,2025-12-27
U00390,Quý cô Hồng Phạm,2025-01-10
U00391,Hạnh Lê,2025-10-28
U00392,Bảo Đức Lê,2024-11-22
U00393,Phúc Hải Nguyễn,2024-05-23
U00394,Hà Trần,2025-08-29
U00395,Lâm Phú Đặng,2024-02-13
U00396,Mai Vũ,2025-05-14
U00397,Chị Xuân Phạm,2024-01-20
U00398,Anh Huy Trần,2024-09-29
U00399,Quý cô Phương Vũ,2025-10-04
U00400,An Quang Đặng,2024-04-09
U00401,Tú Hữu Vũ,2024-07-07
U00402,Vân Bùi,2025-07-02
U00403,Quý ông Vũ Đặng,2025-06-02
U00404,Bà Kim Đặng,2024-07-17
U00405,Bảo Trần,2025-01-03
U00406,Vũ Quang Trần,2024-08-27
U00407,An Mai Phạm,2025-03-29
U00408,Nam Bùi,2025-04-17
U00409,Bác Châu Dương,2025-01-12
U00410,Bác Dũng Đặng,2025-10-06
U00411,Quang Xuân Dương,2024-10-09
U00412,Hạnh Thế Bùi,2024-06-25
U00413,Cô Nhật Bùi,2024-02-18
U00414,Phúc Dương,2024-03-21
U00415,Quý cô Lan Nguyễn,2025-03-04
U00416,Tùng Trần,2024-09-15
U00417,Nam Bùi,2024-02-06
U00418,Lâm Mai,2024-09-29
U00419,Cô Hà Bùi,2025-02-13
U00420,Anh Dương,2025-10-20
U00421,Lâm Đặng,2025-09-21
U00422,Dũng Bảo Đặng,2024-07-02
U00423,Hà Hoàng Phạm,2025-03-29
U00424,Trọng Vũ,2025-03-20
U00425,Cô Lan Hoàng,2025-11-24
U00426,Quang Mai Bảo Phạm,2024-03-12
U00427,Lâm Phú Phạm,2024-04-05
U00428,Bà Dương Bùi,2025-12-09
U00429,Anh Hưng Nguyễn,2025-04-21
U00430,Lâm Quang Lê,2024-02-26
U00431,Vũ Mai,2024-08-06
U00432,Quý cô Vân Trần,2025-08-01
U00433,Nhiên Xuân Trần,2024-07-11
U00434,Khoa Trí Trần,2024-04-21
U00435,Bà Mai Hoàng,2024-11-06
U00436,Lâm Trí Hoàng,2024-05-18
U00437,Quý cô An Mai,2025-12-29
U00438,Bà Thành Mai,2025-09-11
U00439,Quang Văn Bùi,2024-06-12
U00440,Nhật Đặng,2024-07-17
U00441,Chị Lâm Nguyễn,2024-06-03
U00442,Cô Hải Dương,2024-11-06
U00443,Anh Huy Dương,2024-09-20
U00444,Hạnh Hải Lê,2025-08-13
U00445,Mai Đặng,2025-08-03
U00446,Tùng Hoàng Nguyễn,2025-11-02
U00447,Nam Hoàng,2025-11-01
U00448,Dũng Nguyễn,2025-04-23
U00449,Vân Đặng,2025-05-27
U00450,Phương Đặng,2025-09-12
U00451,Chị Duyên Đặng,2024-01-03
U00452,Hương Phạm,2025-11-01
U00453,Huy Hoàng,2024-05-31
U00454,Bảo Tấn Nguyễn,2025-07-04
U00455,Quý cô Bảo Hoàng,2025-11-17
U00456,Cô An Lê,2024-07-13
U00457,Bà An Nguyễn,2024-01-03
U00458,Chị Ánh Vũ,2025-05-02
U00459,Hồng Hoàng,2025-02-10
U00460,Cô Lan Trần,2025-12-15
U00461,Hà Đức Dương,2024-12-13
U00462,Hải Dương,2024-01-24
U00463,Duyên Lê,2025-11-11
U00464,Kim Trần,2024-07-25
U00465,Huy Trí Vũ,2025-08-11
U00466,Nhật Mai Bảo Lê,2024-05-12
U00467,Quý cô Kim Hoàng,2025-05-02
U00468,Ánh Dương,2024-05-27
U00469,Quý cô Khoa Mai,2024-03-16
U00470,Quang Mai Bảo Hoàng,2025-08-24
U00471,Chị Chi Đặng,2024-11-20
U00472,Yến Hoàng,2025-10-13
U00473,Chị Hải Lê,2024-09-23
U00474,Hà Xuân Dương,2024-01-28
U00475,Cô Dương Đặng,2024-08-26
U00476,Chị Hương Nguyễn,2025-10-23
U00477,Nhiên Lê,2025-05-09
U00478,Cô An Vũ,2025-01-17
U00479,Nhật Dương,2024-07-17
U00480,Chị Lâm Mai,2024-03-13
U00481,Linh Bùi,2024-01-19
U00482,Bác Anh Đặng,2024-11-08
U00483,Hương Dương,2024-11-23
U00484,Bà Linh Nguyễn,2025-10-10
U00485,Hưng Lê,2025-09-20
U00486,Chị Ánh Vũ,2024-09-14
U00487,Bà Nhật Vũ,2025-08-21
U00488,Vân Dương,2024-09-22
U00489,Hồng Phạm,2025-12-18
U00490,Phương Vũ,2025-01-22
U00491,Mai Bùi,2025-10-11
U00492,Ngọc Bùi,2024-07-12
U00493,Cô Ngọc Đặng,2025-09-06
U00494,Chị Linh Bùi,2025-01-03
U00495,Thành Văn Vũ,2025-11-19
U00496,Bác Minh Mai,2025-01-23
U00497,Thành Dương,2024-10-14
U00498,Quý ông Phúc Vũ,2025-11-26
U00499,Cô Linh Vũ,2025-02-16
U00500,Cô Chi Đặng,2025-10-02
U00501,Quý ông Phúc Lê,2024-11-17
U00502,Hương Dương,2024-01-23
U00503,Yến Bùi,2024-02-18
U00504,Hà Tấn Bùi,2025-06-28
U00505,Quý cô Xuân Dương,2025-04-20
U00506,Khoa Đức Dương,2024-03-15
U00507,Bảo Bùi,2024-03-31
U00508,Phương Đặng,2025-01-24
U00509,Quý cô Hạnh Mai,2025-01-28
U00510,Vũ Trần,2024-09-19
U00511,Tùng Dương,2024-09-27
U00512,Bà Hạnh Vũ,2024-12-24
U00513,Hạnh Hoàng,2025-06-29
U00514,Quý ông Dũng Lê,2025-09-18
U00515,Lan Lê,2024-11-21
U00516,Chi Trần,2024-02-16
U00517,Quý ông Quang Vũ,2025-09-05
U00518,Vũ Dương,2024-03-02
U00519,Vân Bùi,2025-01-24
U00520,Cô Phương Hoàng,2025-02-20
U00521,Phúc Quang Phạm,2025-12-22
U00522,Thành Trần,2025-11-07
U00523,Anh Trần,2024-07-21
U00524,Lâm Hữu Vũ,2024-05-21
U00525,Anh Quang Nguyễn,2025-10-11
U00526,Nhiên Đức Đặng,2025-03-01
U00527,Dũng Vũ,2025-05-14
U00528,Bà Ngọc Bùi,2024-03-13
U00529,Anh Dương,2024-06-20
U00530,Ông Quang Vũ,2025-07-06
U00531,Khoa Trần,2024-06-11
U00532,An Mai,2025-03-03
U00533,Khoa Dương,2024-07-21
U00534,Nhật Phạm,2025-05-02
U00535,Phương Tấn Đặng,2024-06-01
U00536,Quý ông Quang Bùi,2025-12-24
U00537,Ông Anh Trần,2025-04-23
U00538,Châu Trí Hoàng,2025-06-10
U00539,Lan Vũ,2025-10-29
U00540,Cô Phương Vũ,2025-09-03
U00541,Cô Hương Nguyễn,2025-08-20
U00542,Chị An Trần,2024-02-04
U00543,Bà Bảo Lê,2025-07-01
U00544,Anh Hữu Vũ,2024-11-24
U00545,Quý cô Nhật Hoàng,2024-02-18
U00546,Duyên Hoàng,2024-12-30
U00547,Hạnh Mai Bảo Dương,2024-07-30
U00548,Anh Tấn Vũ,2024-03-25
U00549,Anh Bảo Đặng,2025-02-07
U00550,Phương Xuân Bùi,2025-11-04
U00551,Lan Phạm,2024-11-18
U00552,Khoa Vũ,2024-09-28
U00553,Phương Nguyễn,2024-12-24
U00554,Dương Dương,2024-02-21
U00555,Thành Trí Bùi,2024-01-08
U00556,Quý cô Bảo Phạm,2025-05-12
U00557,Mai Bùi,2025-08-18
U00558,Chị Nhật Trần,2024-03-31
U00559,Hải Hoàng,2025-06-25
U00560,Vân Trần,2024-10-30
U00561,Bà Thảo Phạm,2025-09-17
U00562,Hoàng Mai Bảo Đặng,2024-05-17
U00563,Chị Linh Vũ,2024-08-01
U00564,Dương Đặng,2024-03-24
U00565,Yến Bùi,2024-06-29
U00566,Khoa Phạm,2024-09-05
U00567,Ông Trọng Bùi,2024-02-13
U00568,Cô Thảo Dương,2025-11-13
U00569,Quý ông Phúc Mai,2024-02-28
U00570,Ngọc Vũ,2024-05-16
U00571,Quý cô Phương Trần,2024-06-30
U00572,Hải Vũ,2024-03-23
U00573,Nam Bùi,2024-11-07
U00574,Phương Đức Đặng,2024-12-30
U00575,Cô Kim Đặng,2025-12-12
U00576,Chị An Vũ,2024-12-27
U00577,Nhật Lê,2024-10-06
U00578,Dương Bùi,2025-08-11
U00579,Anh Lê,2025-11-13
U00580,Tùng Bảo Mai,2024-02-11
U00581,Anh Tùng Trần,2024-08-12
U00582,Hạnh Nguyễn,2024-03-25
U00583,Tú Quang Đặng,2025-03-14
U00584,Bác Tùng Mai,2025-03-23
U00585,Phúc Vũ,2025-09-22
U00586,Bà Nhật Mai,2024-08-26
U00587,Phúc Đặng,2024-06-28
U00588,Ông Nam Trần,2025-10-07
U00589,Kim Nguyễn,2024-09-27
U00590,Hương Bùi,2025-09-03
U00591,Huy Đức Mai,2024-09-02
U00592,Bác Hoàng Dương,2024-11-10
U00593,Kim Dương,2025-11-22
U00594,An Mai,2024-10-05
U00595,Thành Xuân Trần,2024-01-19
U00596,Hồng Bùi,2025-10-19
U00597,Bác Trọng Mai,2024-04-21
U00598,Hoàng Dương,2024-12-27
U00599,Hưng Đặng,2025-11-11
U00600,Ông Huy Vũ,2025-02-23
U00601,Nhật Quang Phạm,2025-03-18
U00602,Tùng Đặng,2025-11-11
U00603,Dũng Phú Đặng,2025-07-04
U00604,Thảo Nguyễn,2025-07-11
U00605,Cô Duyên Phạm,2024-05-05
U00606,Ông Tú Lê,2024-04-09
U00607,Phúc Trần,2025-05-19
U00608,Hoàng Phạm,2025-01-18
U00609,Cô An Phạm,2024-02-23
U00610,Thành Lê,2024-12-05
U00611,Bác Hưng Lê,2024-11-09
U00612,Nhiên Vũ,2025-04-07
U00613,Kim Bảo Mai,2025-10-09
U00614,Tùng Hữu Trần,2025-01-12
U00615,Trọng Vũ,2025-03-08
U00616,Anh Quang Hoàng,2025-06-02
U00617,Nhật Mai,2025-09-10
U00618,Hạnh Mai Bảo Lê,2024-12-10
U00619,Ông Bảo Lê,2025-09-05
U00620,Ông Tùng Hoàng,2024-05-10
U00621,Anh Trọng Bùi,2024-06-14
U00622,Quý ông Tú Lê,2024-03-23
U00623,Khoa Nguyễn,2024-06-13
U00624,Khoa Dương,2024-10-26
U00625,Hưng Nguyễn,2025-08-16
U00626,Vũ Đức Hoàng,2025-09-30
U00627,Quý ông Châu Hoàng,2024-07-27
U00628,Cô Ánh Đặng,2024-04-22
U00629,Vi Trần,2025-09-20
U00630,Ánh Dương,2024-07-12
U00631,Vũ Bùi,2024-07-17
U00632,Bác Phúc Trần,2024-05-15
U00633,Hoàng Xuân Trần,2025-08-08
U00634,Ông Hoàng Trần,2024-04-21
U00635,Hạnh Đặng,2024-08-23
U00636,Quang Hoàng Đặng,2024-11-22
U00637,Chị Phương Bùi,2024-07-18
U00638,Ông Vũ Phạm,2025-05-06
U00639,Nhật Phạm,2024-08-13
U00640,Lâm Bùi,2025-06-28
U00641,Quý cô Chi Bùi,2025-02-25
U00642,Bác Vũ Hoàng,2024-06-29
U00643,Bảo Bùi,2025-05-08
U00644,Nhật Xuân Hoàng,2024-12-14
U00645,Bà Hà Trần,2024-08-03
U00646,Tú Tấn Lê,2025-01-17
U00647,Quý cô Vân Hoàng,2024-05-10
U00648,Quý cô Ánh Hoàng,2025-02-15
U00649,Bà Khoa Vũ,2025-04-28
U00650,Vân Lê,2025-02-26
U00651,Bà Vi Mai,2024-08-20
U00652,Quang Trí Lê,2024-10-25
U00653,Huy Lê,2024-11-12
U00654,Ông Thành Mai,2025-08-10
U00655,Quý ông Quang Nguyễn,2024-09-03
U00656,Chị Yến Hoàng,2024-01-14
U00657,Quang Bùi,2024-02-04
U00658,Bảo Thế Vũ,2024-09-03
U00659,Quý cô Mai Bùi,2024-05-05
U00660,Bà Hạnh Mai,2025-04-18
U00661,Nhật Trần,2025-11-26
U00662,Cô Ánh Vũ,2025-06-03
U00663,Minh Nguyễn,2024-04-02
U00664,Kim Lê,2025-01-02
U00665,Quý cô Ánh Nguyễn,2025-08-23
U00666,An Nguyễn,2025-04-14
U00667,Thảo Dương,2024-04-30
U00668,Nhiên Đặng,2024-01-30
U00669,Thành Phạm,2024-12-25
U00670,Hoàng Hải Trần,2024-11-09
U00671,Chị Hải Vũ,2024-06-21
U00672,Linh Phạm,2024-06-30
U00673,Quang Dương,2025-12-08
U00674,Ông Vũ Nguyễn,2025-01-14
U00675,Ngọc Bùi,2025-12-03
U00676,Cô Hồng Phạm,2024-04-23
U00677,Lâm Lê,2025-10-20
U00678,Hạnh Mai Phạm,2025-03-05
U00679,Tùng Trần,2024-09-30
U00680,Châu Dương,2024-10-30
U00681,Bà Hà Trần,2024-08-05
U00682,Phúc Xuân Nguyễn,2024-05-20
U00683,Phương Mai Hoàng,2024-01-22
U00684,Hoàng Mai Hoàng,2025-07-25
U00685,Phúc Đặng,2024-11-25
U00686,Trung Trí Đặng,2024-03-07
U00687,Cô Linh Lê,2025-01-29
U00688,Quý ông Trọng Dương,2025-05-26
U00689,Bảo Trần,2024-09-19
U00690,Bà Lâm Nguyễn,2024-05-21
U00691,An Thị Phạm,2025-09-08
U00692,Kim Hoàng,2025-06-30
U00693,Hoàng Trần,2024-06-04
U00694,Ông Phúc Đặng,2025-12-28
U00695,Ông Nhiên Đặng,2025-12-19
U00696,Chi Nguyễn,2024-08-03
U00697,Dương Dương,2024-03-04
U00698,Hạnh Vũ,2025-05-28
U00699,Hạnh Nguyễn,2024-07-10
U00700,Phương Đức Mai,2025-02-27
U00701,Bà Hà Hoàng,2024-04-16
U00702,Bà Ngọc Mai,2024-04-06
U00703,Hải Trần,2024-06-05
U00704,Hà Dương,2025-10-09
U00705,Nhật Đặng,2024-01-21
U00706,Tùng Hoàng,2025-10-21
U00707,Trung Hoàng,2024-04-12
U00708,Nhật Đức Trần,2025-12-25
U00709,Chị Mai Mai,2024-08-17
U00710,Hồng Nguyễn,2024-03-23
U00711,Nhiên Hoàng,2025-07-10
U00712,Hạnh Thị Vũ,2024-02-28
U00713,Chi Lê,2024-01-24
U00714,Trọng Dương,2025-07-27
U00715,Quý cô Yến Phạm,2024-07-15
U00716,Nam Đức Bùi,2025-09-03
U00717,Chị Ánh Vũ,2024-11-26
U00718,Tùng Bùi,2024-09-21
U00719,Anh Tấn Dương,2025-09-03
U00720,Lan Hoàng,2024-11-06
U00721,Hà Hữu Đặng,2024-03-28
U00722,Quang Mai,2024-04-12
U00723,Cô Bảo Phạm,2025-05-31
U00724,Trung Dương,2024-03-30
U00725,Chị Nhật Đặng,2025-12-07
U00726,Hưng Đức Hoàng,2025-06-06
U00727,Cô Bảo Lê,2025-05-28
U00728,Khoa Mai,2025-11-22
U00729,Bà Hạnh Hoàng,2024-03-08
U00730,Bác Châu Bùi,2024-06-22
U00731,Thành Xuân Dương,2024-05-18
U00732,Mai Hoàng,2024-04-26
U00733,Hạnh Phạm,2024-03-21
U00734,Cô Ánh Nguyễn,2024-02-22
U00735,Chị Hạnh Vũ,2025-06-23
U00736,Hải Hữu Trần,2024-12-31
U00737,Bác Anh Đặng,2024-12-16
U00738,Hương Mai,2024-06-11
U00739,Khoa Đức Nguyễn,2024-04-25
U00740,Anh Trọng Vũ,2025-06-07
U00741,Quý cô Nhật Vũ,2025-11-22
U00742,Cô Hà Vũ,2025-04-09
U00743,Quang Mai Bảo Phạm,2025-08-04
U00744,Chi Đặng,2024-01-13
U00745,Vi Nguyễn,2024-04-28
U00746,Huy Văn Bùi,2025-02-19
U00747,Thành Đức Mai,2024-07-24
U00748,Quý cô Lan Phạm,2024-09-07
U00749,Kim Phạm,2024-08-13
U00750,Chị Ngọc Đặng,2025-09-14
U00751,Hải Vũ,2024-09-08
U00752,Chị Lan Mai,2025-10-31
U00753,Chị Nhật Đặng,2025-02-03
U00754,Nhật Hải Nguyễn,2024-11-13
U00755,Hạnh Nguyễn,2024-08-31
U00756,Chị Chi Dương,2024-08-13
U00757,Dương Trần,2024-09-05
U00758,Khoa Văn Phạm,2025-12-16
U00759,Cô Hương Lê,2024-11-04
U00760,Trung Dương,2024-06-10
U00761,Thảo Dương,2025-01-03
U00762,Bà Hà Mai,2024-11-18
U00763,Quý ông Nhiên Bùi,2024-06-25
U00764,Mai Bùi,2025-12-30
U00765,Quý ông Anh Hoàng,2025-07-05
U00766,Chị Dương Vũ,2024-05-11
U00767,Trung Thế Nguyễn,2024-11-04
U00768,Bà Duyên Hoàng,2024-03-24
U00769,Trọng Nguyễn,2024-06-03
U00770,Bà Ánh Lê,2024-09-05
U00771,Bảo Phạm,2024-04-25
U00772,Xuân Nguyễn,2024-04-04
U00773,Hoàng Phạm,2024-11-14
U00774,Nhật Phạm,2025-11-17
U00775,Nam Mai,2025-03-14
U00776,Quý ông Minh Dương,2024-06-15
U00777,Thành Bảo Trần,2024-01-02
U00778,Hải Bùi,2025-02-25
U00779,Bảo Hoàng,2024-11-25
U00780,Anh Quang Lê,2025-08-01
U00781,Châu Mai,2025-02-17
U00782,Chị Khoa Hoàng,2025-12-24
U00783,Quý ông Huy Vũ,2024-04-07
U00784,Chị Nhật Hoàng,2024-08-08
U00785,Anh Hữu Hoàng,2025-04-11
U00786,Tú Đặng,2025-08-02
U00787,Hưng Bùi,2024-09-19
U00788,Chị Yến Nguyễn,2024-02-12
U00789,Nhật Hoàng,2024-04-16
U00790,Hải Mai,2025-04-02
U00791,Lan Bùi,2024-09-20
U00792,Minh Dương,2024-01-01
U00793,Bà Dương Hoàng,2024-02-20
U00794,Cô An Mai,2025-03-05
U00795,Minh Đức Mai,2024-10-28
U00796,Yến Đặng,2024-05-05
U00797,Bà Kim Trần,2024-11-25
U00798,Khoa Phạm,2024-02-13
U00799,Khoa Mai Bảo Mai,2025-04-04
U00800,Bảo Lê,2024-10-29
U00801,Thành Hải Bùi,2024-12-11
U00802,Quý cô Kim Bùi,2024-01-28
U00803,Chi Mai,2025-12-07
U00804,Thành Mai,2025-03-23
U00805,Quý cô Vi Dương,2025-05-30
U00806,Anh Thành Lê,2025-08-09
U00807,Ánh Trần,2025-04-29
U00808,Cô An Bùi,2025-10-31
U00809,Lâm Bùi,2024-08-13
U00810,Cô Lâm Hoàng,2024-07-28
U00811,Anh Hoàng Trần,2024-06-06
U00812,Anh Tùng Đặng,2025-10-14
U00813,Bảo Mai Bảo Hoàng,2024-09-04
U00814,Phương Vũ,2024-11-30
U00815,Quang Thế Dương,2024-12-17
U00816,Quý cô Khoa Đặng,2025-02-04
U00817,Thành Vũ,2024-11-04
U00818,Kim Bùi,2024-03-30
U00819,Hạnh Vũ,2024-01-24
U00820,Hải Thị Vũ,2025-02-19
U00821,Anh Tú Đặng,2025-03-18
U00822,Khoa Bảo Bùi,2025-02-01
U00823,Cô Thảo Hoàng,2025-01-04
U00824,Chị Nhật Vũ,2024-08-02
U00825,Quý cô Xuân Dương,2024-12-10
U00826,Minh Bảo Nguyễn,2024-01-20
U00827,Quang Mai Đặng,2024-02-27
U00828,Nhật Hoàng,2024-05-14
U00829,Cô An Mai,2024-08-24
U00830,Quang Mai,2024-05-08
U00831,Trung Mai Bảo Vũ,2024-07-31
U00832,Quý cô Vi Bùi,2025-09-27
U00833,Hồng Vũ,2025-09-24
U00834,Cô Yến Trần,2024-04-14
U00835,Nam Văn Bùi,2025-09-25
U00836,Nhật Lê,2025-01-25
U00837,Anh Nam Đặng,2025-10-27
U00838,Xuân Dương,2025-08-19
U00839,Ông Châu Mai,2025-03-07
U00840,Quý ông Bảo Hoàng,2025-02-27
U00841,Lan Lê,2024-11-30
U00842,Hồng Bùi,2025-08-19
U00843,Hoàng Hữu Trần,2024-12-27
U00844,Trung Đức Đặng,2025-03-15
U00845,Nam Dương,2025-09-24
U00846,Lâm Nguyễn,2024-07-16
U00847,Chị An Vũ,2025-01-05
U00848,Quý cô An Phạm,2025-10-03
U00849,Dương Trần,2025-11-12
U00850,Quý ông Thành Lê,2024-02-12
U00851,Cô Thành Trần,2024-12-17
U00852,Kim Hữu Bùi,2024-02-07
U00853,Minh Hoàng Phạm,2025-11-07
U00854,Khoa Nguyễn,2024-03-21
U00855,Anh Tấn Vũ,2025-06-22
U00856,Cô Khoa Dương,2025-01-06
U00857,Chị Xuân Mai,2024-12-01
U00858,Nhật Phú Lê,2025-04-14
U00859,Bà Khoa Hoàng,2024-05-31
U00860,Nhật Trí Mai,2025-09-06
U00861,Hưng Đặng,2025-05-14
U00862,Quang Mai Bảo Đặng,2024-08-20
U00863,Vi Nguyễn,2024-04-24
U00864,Bà Dương Bùi,2024-12-04
U00865,Ông Bảo Vũ,2024-01-10
U00866,Nhật Dương,2024-10-23
U00867,Trọng Văn Dương,2024-07-13
U00868,Bảo Bùi,2025-05-20
U00869,Thành Quang Trần,2024-11-20
U00870,Anh Trần,2025-05-23
U00871,Nhật Văn Mai,2025-03-10
U00872,Cô Hà Bùi,2024-03-12
U00873,Bảo Hoàng,2025-04-09
U00874,Hải Bùi,2025-04-05
U00875,Quý ông Phúc Trần,2024-02-16
U00876,Trọng Quang Nguyễn,2024-07-31
U00877,Quang Bùi,2025-10-26
U00878,Bà Hà Đặng,2025-11-10
U00879,Nhật Lê,2024-11-29
U00880,Thành Văn Vũ,2024-03-19
U00881,Bảo Vũ,2024-07-24
U00882,Bác Minh Lê,2024-09-03
U00883,Chị Yến Nguyễn,2024-01-20
U00884,Anh Nam Đặng,2025-04-08
U00885,Hưng Đức Trần,2025-08-16
U00886,Minh Văn Đặng,2025-03-03
U00887,Cô An Phạm,2025-09-10
U00888,An Tấn Lê,2024-07-20
U00889,Xuân Nguyễn,2025-01-20
U00890,Phương Mai Lê,2025-06-20
U00891,An Mai Bảo Lê,2025-08-10
U00892,Ông Châu Trần,2025-03-19
U00893,Minh Xuân Vũ,2025-06-28
U00894,Ngọc Lê,2024-07-27
U00895,Châu Phú Lê,2024-05-22
U00896,Nhật Hoàng,2024-02-18
U00897,Hải Vũ,2025-07-30
U00898,Hải Trần,2024-01-22
U00899,Quý cô Phương Dương,2024-05-19
U00900,Phúc Mai,2025-03-01
U00901,Bà Phương Trần,2025-06-19
U00902,Bảo Xuân Bùi,2025-07-12
U00903,Linh Lê,2025-04-08
U00904,Quý cô Thảo Vũ,2025-07-21
U00905,Mai Trần,2024-08-27
U00906,Lan Trần,2025-04-12
U00907,Bác Hưng Đặng,2025-03-07
U00908,Kim Trí Nguyễn,2025-06-23
U00909,An Văn Mai,2025-03-20
U00910,Bảo Mai,2025-11-08
U00911,Nhật Vũ,2024-02-12
U00912,Minh Hoàng,2025-03-02
U00913,Bảo Bảo Hoàng,2025-01-25
U00914,Nhiên Mai,2025-12-17
U00915,Bảo Đức Hoàng,2024-12-10
U00916,Khoa Hải Dương,2024-10-06
U00917,Bà Duyên Lê,2025-03-22
U00918,Quý ông Huy Nguyễn,2025-12-25
U00919,Hồng Lê,2024-12-18
U00920,Chị Phương Bùi,2024-10-13
U00921,Hà Bùi,2025-10-07
U00922,Quý cô Hương Lê,2025-09-06
U00923,Hà Hoàng Hoàng,2024-01-22
U00924,Lâm Nguyễn,2024-07-01
U00925,Ngọc Dương,2024-11-21
U00926,Quý cô Ngọc Phạm,2025-02-04
U00927,Ông Tùng Lê,2024-03-27
U00928,Bà Khoa Bùi,2024-09-26
U00929,Ngọc Vũ,2024-01-02
U00930,Quý cô Hải Lê,2024-08-18
U00931,Quý cô Xuân Hoàng,2024-10-19
U00932,Ông Thành Phạm,2025-12-07
U00933,Duyên Mai,2025-05-25
U00934,Khoa Văn Bùi,2025-01-08
U00935,Khoa Trần,2025-10-03
U00936,Cô Chi Lê,2025-01-05
U00937,Thành Nguyễn,2025-02-06
U00938,Linh Mai,2025-09-06
U00939,Bà Thảo Lê,2024-07-02
U00940,Trung Nguyễn,2025-07-14
U00941,Quý ông Huy Dương,2025-02-09
U00942,Dũng Mai Vũ,2024-01-30
U00943,Ngọc Lê,2024-08-22
U00944,Cô Nhật Vũ,2024-01-11
U00945,Dương Hoàng,2025-06-22
U00946,Quý ông Nam Vũ,2025-01-06
U00947,Thành Tấn Mai,2024-08-23
U00948,Bảo Trần,2024-07-13
U00949,Anh Lê,2025-09-12
U00950,Khoa Trí Lê,2025-05-28
U00951,Kim Đặng,2025-05-12
U00952,Nhiên Bảo Bùi,2024-10-14
U00953,Nhật Dương,2025-04-11
U00954,Bác Phúc Phạm,2024-06-26
U00955,Bà Hương Nguyễn,2025-08-22
U00956,Bà Yến Vũ,2025-02-04
U00957,Dũng Hoàng,2024-01-09
U00958,Khoa Đặng,2025-02-18
U00959,Nhật Xuân Đặng,2024-07-01
U00960,Ông Dũng Vũ,2025-02-03
U00961,Anh Thế Dương,2025-02-24
U00962,Vũ Trần,2025-06-02
U00963,Quý cô Hải Bùi,2025-10-16
U00964,Quý cô Thảo Dương,2024-06-01
U00965,Chị Thành Mai,2024-11-10
U00966,Dũng Vũ,2024-06-01
U00967,Quý cô Hà Mai,2024-05-25
U00968,Chi Trần,2025-12-14
U00969,Xuân Trần,2025-07-01
U00970,Hạnh Phú Nguyễn,2025-09-17
U00971,Tùng Phạm,2025-09-08
U00972,Thành Bùi,2025-03-20
U00973,Cô Ngọc Vũ,2025-05-04
U00974,Lan Bùi,2025-04-09
U00975,Bà Duyên Nguyễn,2025-09-06
U00976,Thành Dương,2025-07-31
U00977,Hải Bùi,2025-09-04
U00978,Chị Mai Nguyễn,2024-08-08
U00979,Khoa Lê,2025-03-17
U00980,Bà Phương Hoàng,2025-05-30
U00981,Mai Đặng,2025-12-21
U00982,Nhật Phú Nguyễn,2024-12-19
U00983,Tùng Hữu Đặng,2024-01-14
U00984,Tùng Phạm,2025-07-16
U00985,Khoa Mai Bảo Dương,2025-09-08
U00986,Bác Tú Lê,2025-03-31
U00987,Hà Đức Dương,2025-04-02
U00988,Ông Hưng Đặng,2025-07-14
U00989,Dũng Thế Hoàng,2024-11-15
U00990,Yến Lê,2025-04-24
U00991,Vi Vũ,2025-08-20
U00992,Cô Hạnh Nguyễn,2024-07-24
U00993,Bác Châu Phạm,2025-11-21
U00994,Cô Lan Hoàng,2025-07-05
U00995,Ngọc Trần,2025-12-18
U00996,Tú Trần,2024-07-05
U00997,Nhật Đặng,2024-11-14
U00998,Quý cô Mai Nguyễn,2025-11-07
U00999,Cô An Lê,2024-07-09
U01000,Nam Văn Mai,2024-10-20
U01001,Bà Hà Nguyễn,2024-09-16
U01002,Vân Nguyễn,2024-03-11
U01003,Minh Hoàng,2025-01-28
U01004,Lan Vũ,2025-03-30
U01005,Bác Phúc Bùi,2024-03-19
U01006,Quý cô Vân Phạm,2025-06-19
U01007,Thành Vũ,2025-10-18
U01008,Chị Khoa Lê,2025-07-01
U01009,Trung Trí Dương,2025-11-04
U01010,Chị Hà Dương,2024-02-25
U01011,Ông Nam Nguyễn,2025-01-30
U01012,Quý ông Hưng Dương,2024-10-08
U01013,Nhật Hữu Lê,2024-05-17
U01014,Huy Hoàng,2024-11-15
U01015,Cô Nhật Dương,2025-06-29
U01016,Hoàng Phú Vũ,2024-04-14
U01017,Quý cô Thảo Mai,2024-01-29
U01018,Anh Mai Phạm,2024-06-22
U01019,Nhiên Văn Phạm,2025-06-01
U01020,Bà Yến Lê,2025-02-13
U01021,Tùng Thị Đặng,2024-01-11
U01022,Kim Xuân Nguyễn,2024-11-30
U01023,Cô Nhật Dương,2024-06-30
U01024,Hồng Đặng,2024-09-06
U01025,Quý ông Tùng Vũ,2025-10-30
U01026,Vi Dương,2025-07-27
U01027,Châu Hữu Đặng,2025-12-26
U01028,Huy Hoàng,2024-10-22
U01029,Vũ Phạm,2024-05-28
U01030,Lâm Xuân Mai,2025-10-02
U01031,Quý cô Lan Phạm,2024-01-02
U01032,Hưng Hoàng,2025-11-02
U01033,Ông Phúc Mai,2025-05-24
U01034,Dũng Xuân Mai,2025-02-01
U01035,Anh Minh Lê,2024-06-11
U01036,Khoa Xuân Phạm,2024-05-12
U01037,Anh Hoàng Trần,2025-12-21
U01038,Hương Trần,2025-04-07
U01039,Cô Thảo Trần,2024-04-06
U01040,Quý cô Hà Trần,2025-11-27
U01041,Hạnh Xuân Dương,2024-10-18
U01042,Phúc Phạm,2025-08-31
U01043,Lâm Hoàng Bùi,2024-07-28
U01044,Bác Quang Trần,2025-05-22
U01045,Thành Đặng,2025-01-18
U01046,Hà Dương,2024-12-10
U01047,Lâm Vũ,2024-11-20
U01048,Nam Trí Vũ,2025-12-16
U01049,Hải Phạm,2025-05-20
U01050,Nam Hoàng Bùi,2024-11-06
U01051,Quý ông Vũ Phạm,2025-01-18
U01052,Chị Ngọc Nguyễn,2025-12-30
U01053,Dũng Lê,2024-10-29
U01054,Trung Trí Hoàng,2024-06-18
U01055,Hoàng Trần,2025-05-02
U01056,Thành Đức Mai,2025-11-06
U01057,Cô Ngọc Hoàng,2024-05-22
U01058,Linh Nguyễn,2024-10-13
U01059,Hải Thị Trần,2025-07-30
U01060,Thành Quang Đặng,2025-12-02
U01061,Phúc Trần,2024-08-10
U01062,Nam Thế Vũ,2025-09-30
U01063,Quang Hữu Lê,2025-08-23
U01064,Hồng Phạm,2025-09-03
U01065,Khoa Bùi,2024-10-08
U01066,Cô Hạnh Bùi,2025-08-11
U01067,Ông Nam Đặng,2024-09-29
U01068,Khoa Trần,2024-03-21
U01069,Anh Tùng Trần,2024-12-13
U01070,Anh Quang Nguyễn,2025-03-10
U01071,Quý cô Xuân Bùi,2024-06-21
U01072,Quý ông Trọng Vũ,2024-11-25
U01073,Thành Mai Bảo Lê,2025-09-11
U01074,Chị Hải Lê,2024-12-31
U01075,Bà Phương Lê,2025-01-17
U01076,Tú Phú Lê,2025-03-31
U01077,Quý cô Lan Hoàng,2024-01-30
U01078,Cô Thành Lê,2025-05-01
U01079,Nhật Đức Phạm,2025-09-03
U01080,Bà Vi Bùi,2024-04-13
U01081,Phúc Phú Đặng,2024-07-19
U01082,Ánh Lê,2024-04-13
U01083,Hoàng Mai Bảo Phạm,2024-01-12
U01084,Nhật Mai Đặng,2024-04-07
U01085,Tú Trí Hoàng,2025-10-12
U01086,Bác Huy Vũ,2024-08-05
U01087,Dũng Mai Hoàng,2025-06-22
U01088,Ông Nam Vũ,2025-12-02
U01089,Anh Hưng Nguyễn,2025-10-19
U01090,Quý cô Hải Trần,2024-03-14
U01091,Hà Dương,2024-02-21
U01092,Cô Ánh Hoàng,2025-12-23
U01093,Nhật Mai Bùi,2024-12-06
U01094,Nam Phạm,2024-09-15
U01095,Xuân Hoàng,2024-02-27
U01096,Linh Phạm,2025-11-25
U01097,Quý cô Kim Vũ,2025-04-03
U01098,Hương Đặng,2025-04-08
U01099,Tùng Xuân Đặng,2025-12-29
U01100,Châu Dương,2024-11-01
U01101,Quý cô Hạnh Hoàng,2025-06-23
U01102,Linh Nguyễn,2025-12-11
U01103,Thành Bảo Lê,2025-08-20
U01104,Hồng Hoàng,2025-04-09
U01105,Bà Phương Dương,2025-08-20
U01106,Anh Thị Nguyễn,2025-05-15
U01107,Bà Bảo Mai,2025-12-02
U01108,Huy Mai,2025-04-03
U01109,Lan Nguyễn,2024-06-22
U01110,Khoa Quang Hoàng,2024-04-06
U01111,Ông Anh Dương,2024-06-26
U01112,Hoàng Bùi,2024-07-15
U01113,Lâm Nguyễn,2025-06-27
U01114,Anh Trọng Phạm,2024-06-25
U01115,Nhật Trí Dương,2024-05-14
U01116,Ông Dũng Đặng,2025-03-28
U01117,Phương Thị Phạm,2024-09-23
U01118,Vũ Bùi,2025-02-08
U01119,Ông Phúc Nguyễn,2024-01-30
U01120,Lan Trần,2024-10-02
U01121,Bà Thành Hoàng,2024-02-20
U01122,Phương Nguyễn,2024-07-13
U01123,Tú Phú Hoàng,2024-08-03
U01124,Kim Hải Mai,2025-11-26
U01125,Cô Ngọc Mai,2024-03-16
U01126,Nhật Trần,2025-03-16
U01127,Quý cô An Hoàng,2024-05-30
U01128,An Mai Mai,2025-01-09
U01129,Bác Quang Vũ,2025-10-25
U01130,Bác Nhiên Phạm,2024-04-15
U01131,Quý cô Hồng Đặng,2024-01-26
U01132,Duyên Phạm,2024-11-29
U01133,Quý cô Hạnh Dương,2024-09-22
U01134,Bà Hà Bùi,2025-02-04
U01135,An Tấn Lê,2025-08-15
U01136,Hoàng Bảo Lê,2024-04-13
U01137,Phúc Mai Hoàng,2025-02-12
U01138,Quang Đức Hoàng,2025-07-10
U01139,Bảo Xuân Nguyễn,2025-12-30
U01140,Tú Hữu Nguyễn,2024-07-10
U01141,Anh Tùng Phạm,2024-10-19
U01142,Chị An Đặng,2024-08-01
U01143,An Thế Lê,2025-11-09
U01144,Cô Ngọc Vũ,2024-07-05
U01145,Anh Anh Hoàng,2024-07-16
U01146,Khoa Mai Bảo Nguyễn,2024-09-21
U01147,Vân Trần,2024-01-23
U01148,Châu Tấn Trần,2024-05-25
U01149,Anh Dũng Hoàng,2025-05-05
U01150,Trọng Vũ,2025-12-23
U01151,Bà Hạnh Phạm,2025-08-15
U01152,Linh Vũ,2024-02-26
U01153,Quang Phú Bùi,2025-09-20
U01154,Phương Trí Phạm,2025-02-01
U01155,Mai Mai,2025-12-18
U01156,Huy Mai,2025-12-25
U01157,Bà Linh Bùi,2024-04-06
U01158,Trọng Hữu Lê,2025-02-06
U01159,Thành Phạm,2025-01-28
U01160,Cô Thảo Phạm,2025-02-22
U01161,Ông Tùng Phạm,2025-07-09
U01162,Bà Hồng Nguyễn,2025-11-19
U01163,Kim Lê,2025-04-07
U01164,Khoa Phạm,2024-12-28
U01165,Chị Lan Trần,2024-12-12
U01166,Lan Vũ,2025-12-27
U01167,Quang Tấn Dương,2025-10-01
U01168,Chị Bảo Phạm,2024-10-03
U01169,Quý ông Minh Hoàng,2025-01-31
U01170,Hạnh Mai Bảo Hoàng,2024-06-24
U01171,Quý cô Kim Dương,2024-01-06
U01172,Cô Hương Trần,2025-03-09
U01173,Hà Tấn Bùi,2025-04-19
U01174,Bà Kim Bùi,2024-09-08
U01175,Quý cô Phương Mai,2025-10-27
U01176,Bác Nhiên Đặng,2025-04-18
U01177,Minh Trần,2025-08-12
U01178,Nam Trần,2024-10-19
U01179,Phương Mai,2024-12-08
U01180,Châu Xuân Vũ,2025-04-28
U01181,Nhật Lê,2024-09-16
U01182,Hải Phạm,2025-01-20
U01183,Yến Mai,2025-06-20
U01184,Cô Hạnh Trần,2024-07-11
U01185,Nam Tấn Lê,2025-01-22
U01186,Phúc Quang Bùi,2025-07-01
U01187,Yến Mai,2025-08-11
U01188,Bảo Quang Nguyễn,2024-03-19
U01189,Cô Chi Hoàng,2025-01-25
U01190,Khoa Đức Hoàng,2024-10-20
U01191,Thảo Bùi,2025-05-28
U01192,Quý cô Bảo Hoàng,2024-06-11
U01193,Quang Quang Hoàng,2024-03-13
U01194,Ông Nhiên Bùi,2024-08-12
U01195,Hà Hữu Hoàng,2025-03-28
U01196,Nhật Nguyễn,2025-11-23
U01197,Bảo Đặng,2024-08-19
U01198,Nhật Trần,2024-05-09
U01199,Bảo Tấn Mai,2024-08-15
U01200,Thành Vũ,2025-06-06
U01201,Thành Hoàng,2025-07-24
U01202,Nhật Mai Bảo Đặng,2024-06-27
U01203,Bà Kim Trần,2024-10-17
U01204,Ngọc Mai,2025-11-14
U01205,Khoa Văn Bùi,2024-01-04
U01206,Bà Khoa Mai,2024-02-07
U01207,Chị Chi Lê,2024-12-26
U01208,Minh Đặng,2025-03-10
U01209,Quang Đức Nguyễn,2025-01-03
U01210,Bác Quang Mai,2025-05-06
U01211,Linh Lê,2024-03-08
U01212,Tùng Đặng,2025-02-07
U01213,Quý cô Vân Đặng,2025-10-29
U01214,Nam Xuân Lê,2025-05-29
U01215,Bác Quang Bùi,2025-07-24
U01216,Bà Lan Hoàng,2024-09-06
U01217,Thành Trí Bùi,2024-07-22
U01218,Chị Hải Mai,2025-12-07
U01219,Bác Huy Phạm,2025-03-24
U01220,Bà Vân Trần,2025-12-10
U01221,Dương Vũ,2024-10-20
U01222,Nhiên Quang Dương,2025-01-25
U01223,Khoa Văn Mai,2024-02-08
U01224,Nhật Vũ,2025-12-02
U01225,Cô Thảo Bùi,2025-09-17
U01226,Vân Trần,2025-06-20
U01227,Quang Tấn Trần,2024-02-13
U01228,Quý ông Nhiên Phạm,2024-02-23
U01229,Vi Mai,2025-08-13
U01230,Quý cô Ánh Phạm,2024-06-24
U01231,An Lê,2025-06-25
U01232,Trọng Đặng,2024-10-29
U01233,Quý ông Anh Trần,2024-07-23
U01234,Huy Trần,2025-03-24
U01235,Chị Kim Bùi,2024-08-26
U01236,Kim Hải Lê,2024-09-07
U01237,Bà Thành Dương,2024-01-10
U01238,Vũ Nguyễn,2025-02-19
U01239,Nhật Hữu Mai,2025-04-30
U01240,Quang Nguyễn,2024-05-10
U01241,Cô Vi Bùi,2025-01-21
U01242,Bà Phương Bùi,2024-10-19
U01243,Trọng Đặng,2025-07-18
U01244,Lan Hoàng,2025-09-18
U01245,Khoa Phạm,2025-10-08
U01246,Anh Khoa Lê,2025-12-12
U01247,Hưng Phạm,2024-01-04
U01248,Vi Đặng,2025-12-13
U01249,Minh Hữu Trần,2024-11-28
U01250,An Hữu Hoàng,2024-09-04
U01251,Nhật Hữu Lê,2025-08-30
U01252,Minh Nguyễn,2024-12-04
U01253,Mai Hoàng,2025-10-15
U01254,Nhật Xuân Mai,2025-06-17
U01255,Trung Trần,2025-02-07
U01256,Bà Xuân Nguyễn,2024-02-23
U01257,Hà Phạm,2024-04-01
U01258,Quang Phú Trần,2025-06-27
U01259,Phúc Vũ,2025-02-15
U01260,Bảo Dương,2025-04-12
U01261,Cô Kim Lê,2025-12-27
U01262,Mai Mai,2025-10-02
U01263,Ông Nhiên Dương,2025-12-28
U01264,Vân Bùi,2025-03-06
U01265,Nhật Nguyễn,2024-07-19
U01266,Chị Khoa Hoàng,2025-05-24
U01267,Anh Bùi,2024-08-20
U01268,Khoa Phạm,2024-09-06
U01269,Bà Xuân Hoàng,2025-12-01
U01270,Bà Xuân Trần,2025-08-29
U01271,Minh Thế Vũ,2025-08-11
U01272,Cô An Mai,2025-01-11
U01273,Vũ Trần,2025-03-25
U01274,Quý ông Phúc Mai,2024-02-28
U01275,Vũ Thế Hoàng,2025-09-25
U01276,Khoa Phạm,2024-09-07
U01277,Chị Hồng Vũ,2024-07-14
U01278,Anh Phú Đặng,2025-05-14
U01279,Chị Kim Trần,2025-11-01
U01280,Khoa Hải Trần,2025-03-22
U01281,Nam Trí Mai,2024-04-22
U01282,Quang Đức Hoàng,2025-05-02
U01283,Tú Hoàng Mai,2024-07-03
U01284,Quý cô Mai Dương,2024-03-22
U01285,Nhật Mai,2025-02-15
U01286,Hải Hải Mai,2024-01-27
U01287,Nhật Dương,2024-12-18
U01288,Hương Vũ,2025-03-21
U01289,Chi Nguyễn,2024-05-20
U01290,Cô Hạnh Hoàng,2024-01-07
U01291,Quý cô Yến Bùi,2025-10-17
U01292,Ánh Vũ,2025-11-13
U01293,Ông Anh Đặng,2025-09-10
U01294,Phúc Nguyễn,2025-10-13
U01295,Bà Bảo Dương,2025-08-07
U01296,Hương Hoàng,2025-12-01
U01297,Chị Hải Nguyễn,2024-03-23
U01298,Anh Tùng Phạm,2025-04-10
U01299,Bà Hà Trần,2024-09-22
U01300,Bà Nhật Dương,2024-10-28
U01301,Bà Lan Lê,2024-04-15
U01302,Bà Hương Nguyễn,2025-03-19
U01303,Yến Lê,2025-01-11
U01304,Chị Lâm Trần,2024-09-18
U01305,Cô Hà Nguyễn,2025-05-31
U01306,Bác Hưng Phạm,2024-05-02
U01307,Chị Ngọc Nguyễn,2025-05-03
U01308,Cô Khoa Trần,2025-09-17
U01309,Yến Mai,2024-04-14
U01310,Hương Vũ,2024-03-19
U01311,Vi Lê,2025-08-01
U01312,Ngọc Hoàng,2024-03-25
U01313,Hoàng Nguyễn,2024-12-02
U01314,Trung Nguyễn,2025-05-11
U01315,An Trần,2025-12-24
U01316,Hưng Đặng,2024-01-22
U01317,Trung Hữu Dương,2025-08-04
U01318,Quý cô Hương Hoàng,2025-11-06
U01319,Tùng Mai,2024-11-21
U01320,Bảo Vũ,2025-02-26
U01321,Anh Tú Lê,2025-05-24
U01322,Ông Hưng Lê,2025-08-04
U01323,Cô Vân Vũ,2024-10-06
U01324,An Thị Lê,2025-09-18
U01325,Quý cô Vi Lê,2024-01-27
U01326,Khoa Thế Vũ,2025-11-17
U01327,Chị Bảo Phạm,2024-01-24
U01328,Anh Khoa Hoàng,2025-08-15
U01329,Hương Nguyễn,2025-12-12
U01330,Hưng Hoàng Vũ,2025-08-28
U01331,Chị Kim Đặng,2025-07-23
U01332,Anh Nhiên Nguyễn,2025-02-10
U01333,Dũng Bùi,2025-06-13
U01334,Quang Thị Đặng,2024-06-29
U01335,Hương Đặng,2024-12-09
U01336,Trung Vũ,2024-09-20
U01337,Hạnh Trí Hoàng,2024-11-13
U01338,Yến Phạm,2025-10-09
U01339,Bà Nhật Dương,2025-02-17
U01340,Ông Nam Đặng,2024-09-28
U01341,Hạnh Mai Bảo Trần,2025-12-26
U01342,Bà Lan Hoàng,2025-11-24
U01343,Hà Đặng,2024-12-06
U01344,Anh Hữu Hoàng,2025-08-20
U01345,Hương Mai,2025-06-06
U01346,Dũng Bảo Phạm,2024-02-11
U01347,Thành Văn Đặng,2024-09-01
U01348,Dũng Văn Dương,2025-07-12
U01349,Quý cô Phương Phạm,2025-05-29
U01350,Vi Dương,2024-02-16
U01351,Thành Trí Đặng,2024-07-10
U01352,Cô Bảo Vũ,2024-06-01
U01353,Trọng Lê,2024-10-03
U01354,Ông Minh Phạm,2024-07-02
U01355,Chị Hương Mai,2025-01-22
U01356,Chi Lê,2025-01-27
U01357,Ông Khoa Hoàng,2024-11-13
U01358,Anh Dũng Nguyễn,2024-04-01
U01359,Quang Vũ,2024-07-15
U01360,Thành Thị Bùi,2024-12-20
U01361,Nhật Bùi,2024-09-01
U01362,Nhiên Trần,2025-08-11
U01363,Khoa Hoàng,2024-01-12
U01364,Nhật Hoàng Bùi,2024-07-20
U01365,Anh Dũng Đặng,2024-02-09
U01366,Bác Hoàng Hoàng,2025-03-22
U01367,Bảo Đức Vũ,2024-04-10
U01368,Quý ông Khoa Phạm,2024-09-24
U01369,Ánh Phạm,2025-09-09
U01370,Ông Hoàng Bùi,2024-04-13
U01371,Trọng Hải Đặng,2024-09-01
U01372,Bà Duyên Vũ,2025-11-14
U01373,Quý ông Trọng Mai,2025-09-20
U01374,Kim Đặng,2025-01-10
U01375,Bảo Nguyễn,2024-08-06
U01376,Quý cô Linh Nguyễn,2025-10-25
U01377,Minh Hữu Phạm,2024-01-31
U01378,Yến Vũ,2024-02-11
U01379,Quý cô Yến Hoàng,2025-06-02
U01380,Thành Thế Mai,2024-01-14
U01381,Tú Hữu Mai,2025-05-02
U01382,Khoa Bùi,2025-08-23
U01383,Huy Đặng,2024-10-13
U01384,Chị Vân Đặng,2025-05-05
U01385,Thành Vũ,2025-07-06
U01386,Chị An Đặng,2024-11-14
U01387,Quý ông Minh Vũ,2024-09-26
U01388,Quý cô Dương Hoàng,2024-02-21
U01389,Xuân Mai,2024-02-24
U01390,Chị Mai Mai,2025-09-05
U01391,Chị Thành Hoàng,2025-10-11
U01392,Chị Ánh Vũ,2024-11-10
U01393,Hải Bùi,2025-05-17
U01394,Bà Yến Dương,2025-09-14
U01395,Chi Phạm,2024-01-04
U01396,Yến Mai,2025-06-03
U01397,Anh Tú Phạm,2025-09-29
U01398,Huy Hoàng Dương,2024-04-06
U01399,Nhật Nguyễn,2024-07-17
U01400,Kim Lê,2025-09-28
U01401,Chị Thảo Hoàng,2024-10-18
U01402,Anh Tú Bùi,2024-03-28
U01403,Linh Mai,2024-02-23
U01404,Bà Mai Vũ,2024-04-03
U01405,Ngọc Đặng,2025-11-22
U01406,Minh Đặng,2024-03-22
U01407,Bà Mai Hoàng,2025-10-28
U01408,Bà An Lê,2024-09-02
U01409,Chị Phương Phạm,2025-10-25
U01410,Linh Lê,2024-08-07
U01411,Mai Mai,2025-12-28
U01412,Bà Mai Trần,2025-12-21
U01413,Châu Nguyễn,2024-11-11
U01414,Tùng Hữu Bùi,2024-04-28
U01415,Khoa Văn Nguyễn,2025-03-19
U01416,Bà Lâm Bùi,2024-03-20
U01417,Cô Phương Vũ,2024-04-11
U01418,Phúc Thế Đặng,2024-01-28
U01419,Quý cô Ngọc Đặng,2025-10-30
U01420,Kim Mai,2024-01-17
U01421,Bảo Quang Mai,2025-09-20
U01422,Nhiên Mai Phạm,2025-08-20
U01423,Bác Minh Dương,2025-12-02
U01424,Chị Thành Trần,2025-12-17
U01425,Bà Nhật Hoàng,2025-07-17
U01426,Khoa Trần,2025-06-04
U01427,Ngọc Lê,2024-03-16
U01428,Chị Phương Nguyễn,2024-01-04
U01429,Quý ông Quang Hoàng,2024-12-02
U01430,Khoa Văn Bùi,2025-11-24
U01431,Duyên Đặng,2025-04-16
U01432,Quý cô Vi Nguyễn,2025-07-24
U01433,Nhật Lê,2025-06-12
U01434,Chi Hoàng,2025-09-03
U01435,Lâm Thế Hoàng,2025-07-20
U01436,Bảo Vũ,2025-01-27
U01437,Quang Mai,2024-08-14
U01438,Bác Dũng Phạm,2025-01-12
U01439,Quý ông Nhiên Mai,2025-09-27
U01440,Thành Lê,2025-09-19
U01441,Nhật Tấn Phạm,2025-02-28
U01442,Anh Huy Dương,2025-06-05
U01443,Anh Hoàng,2024-01-30
U01444,Quý cô Vi Phạm,2024-12-05
U01445,Nhật Phú Lê,2025-12-22
U01446,Thành Mai Hoàng,2024-07-23
U01447,Lâm Thế Lê,2025-04-04
U01448,Xuân Mai,2024-06-29
U01449,Bảo Xuân Đặng,2024-07-27
U01450,Bà Bảo Trần,2025-07-01
U01451,Anh Hoàng,2024-12-15
U01452,Hải Vũ,2024-10-09
U01453,Chị Hà Trần,2024-07-24
U01454,Phương Bảo Hoàng,2024-08-01
U01455,Cô Mai Hoàng,2024-06-01
U01456,Bác Dũng Dương,2025-12-18
U01457,Ánh Hoàng,2024-05-31
U01458,Quý cô Thảo Bùi,2024-01-31
U01459,Thành Lê,2025-05-30
U01460,Phương Mai,2024-11-30
U01461,Hà Văn Đặng,2024-05-26
U01462,Chị Bảo Mai,2025-03-08
U01463,Nhiên Mai Bảo Vũ,2025-11-28
U01464,Bà Hồng Phạm,2024-10-26
U01465,Lan Mai,2024-11-27
U01466,Lâm Vũ,2024-09-18
U01467,Chi Vũ,2024-09-25
U01468,Mai Trần,2024-08-04
U01469,Tùng Văn Phạm,2025-01-12
U01470,An Bùi,2025-04-01
U01471,Chị Hạnh Đặng,2025-05-10
U01472,Bác Trung Mai,2024-08-04
U01473,Bà Mai Vũ,2024-07-17
U01474,Cô Duyên Lê,2024-10-03
U01475,Thành Hải Lê,2025-05-02
U01476,Quý cô Yến Trần,2025-06-11
U01477,Hà Đức Đặng,2024-04-10
U01478,Phương Văn Nguyễn,2025-09-26
U01479,Nhật Trần,2024-08-08
U01480,Thành Mai Bảo Vũ,2025-05-25
U01481,Quang Phạm,2025-02-03
U01482,Quý cô Ngọc Vũ,2024-11-29
U01483,Khoa Phú Phạm,2024-07-14
U01484,Hà Quang Đặng,2024-06-27
U01485,Quang Hữu Nguyễn,2025-11-12
U01486,Quý ông Quang Trần,2025-05-23
U01487,Hoàng Đức Vũ,2025-06-14
U01488,Cô Yến Đặng,2025-08-26
U01489,Thành Quang Phạm,2025-06-06
U01490,Lâm Văn Trần,2024-07-13
U01491,Hoàng Đức Mai,2024-12-20
U01492,Quang Vũ,2025-02-06
U01493,Thành Thế Mai,2024-02-24
U01494,Mai Mai,2024-11-26
U01495,Chi Đặng,2025-09-23
U01496,Thành Mai,2024-11-20
U01497,Quý ông Thành Đặng,2024-11-25
U01498,Khoa Đức Vũ,2024-05-23
U01499,Cô Duyên Bùi,2025-01-25
U01500,Nhật Bảo Phạm,2025-07-28
U01501,Tú Vũ,2025-08-28
U01502,Trung Phú Lê,2025-12-03
U01503,Trọng Lê,2025-11-26
U01504,Cô Hồng Mai,2025-06-26
U01505,Bà Hương Trần,2024-11-23
U01506,Hoàng Nguyễn,2024-01-09
U01507,Khoa Trí Trần,2025-08-30
U01508,Nhật Vũ,2025-06-01
U01509,Khoa Vũ,2024-11-05
U01510,Xuân Bùi,2024-11-16
U01511,Quang Trí Lê,2024-09-23
U01512,Quý cô Thảo Mai,2024-08-24
U01513,Bác Hoàng Dương,2024-06-11
U01514,Tùng Vũ,2025-11-16
U01515,Nam Đặng,2024-12-07
U01516,Hà Bảo Lê,2024-07-25
U01517,Thành Hoàng,2025-08-10
U01518,Bảo Xuân Bùi,2024-06-28
U01519,Cô Mai Hoàng,2025-11-11
U01520,Cô Duyên Bùi,2025-07-29
U01521,Bác Vũ Mai,2024-12-07
U01522,Duyên Mai,2025-12-09
U01523,Hải Phú Bùi,2024-02-15
U01524,Anh Trọng Lê,2025-05-31
U01525,Cô Mai Phạm,2025-01-31
U01526,Kim Dương,2025-07-17
U01527,Cô Hà Nguyễn,2024-04-02
U01528,Quý cô Lan Đặng,2024-01-07
U01529,Cô Lâm Vũ,2024-07-26
U01530,Anh Khoa Lê,2025-03-24
U01531,Anh Anh Trần,2025-03-30
U01532,Bác Anh Trần,2024-03-18
U01533,Ông Trọng Hoàng,2024-11-08
U01534,Cô Hạnh Dương,2025-01-11
U01535,Bà Hồng Bùi,2025-06-07
U01536,Kim Trần,2024-03-03
U01537,Hạnh Bảo Nguyễn,2025-05-18
U01538,Kim Trần,2024-06-16
U01539,Nam Đặng,2025-07-30
U01540,Quý ông Hoàng Lê,2025-07-26
U01541,Bà Nhật Mai,2024-05-22
U01542,Minh Nguyễn,2025-10-08
U01543,Chi Mai,2024-06-24
U01544,Hồng Mai,2024-03-19
U01545,Anh Bảo Vũ,2025-10-09
U01546,Bác Hoàng Bùi,2024-10-07
U01547,Anh Khoa Phạm,2024-11-11
U01548,Chị Phương Phạm,2025-08-01
U01549,Vũ Tấn Trần,2025-12-12
U01550,Quý cô Hà Mai,2024-11-29
U01551,Vi Lê,2024-08-02
U01552,Cô Hải Dương,2025-07-19
U01553,Quý cô Ánh Đặng,2025-01-23
U01554,Thành Phú Trần,2024-01-28
U01555,Ông Dũng Hoàng,2024-07-28
U01556,Ông Trung Hoàng,2024-11-17
U01557,Quang Trí Phạm,2025-04-06
U01558,Thảo Phạm,2024-08-01
U01559,Cô Hải Nguyễn,2024-01-24
U01560,Chị Vi Phạm,2024-03-05
U01561,Ngọc Vũ,2025-06-11
U01562,Phúc Lê,2025-04-03
U01563,Quý cô Kim Hoàng,2024-12-28
U01564,Anh Thị Vũ,2025-01-09
U01565,Thảo Hoàng,2025-04-22
U01566,Quý ông Tùng Đặng,2025-05-15
U01567,Ngọc Hoàng,2025-11-29
U01568,Bảo Đức Vũ,2024-07-16
U01569,Huy Đặng,2025-04-20
U01570,Nhật Trần,2025-03-11
U01571,Hưng Lê,2024-05-24
U01572,Cô An Vũ,2024-06-27
U01573,Kim Xuân Nguyễn,2024-08-10
U01574,Bác Trọng Lê,2024-11-04
U01575,Bà Kim Nguyễn,2025-09-13
U01576,Tú Nguyễn,2025-11-20
U01577,Hà Nguyễn,2024-10-21
U01578,Bà Dương Bùi,2025-05-22
U01579,Thành Hữu Phạm,2025-11-08
U01580,Phương Phạm,2024-03-15
U01581,Bảo Xuân Bùi,2025-03-03
U01582,Quý cô Linh Hoàng,2025-01-15
U01583,Ông Quang Phạm,2024-07-31
U01584,Quý ông Quang Trần,2024-04-24
U01585,Châu Xuân Mai,2024-08-27
U01586,Bà Ngọc Mai,2024-10-01
U01587,Cô Phương Mai,2024-06-28
U01588,Trung Phú Trần,2025-03-06
U01589,Hưng Đức Vũ,2025-03-02
U01590,Hà Hữu Trần,2025-03-24
U01591,Tú Phú Lê,2025-07-18
U01592,Vi Phạm,2025-02-14
U01593,Hưng Bùi,2024-07-01
U01594,Cô Thành Bùi,2025-06-04
U01595,Quý cô Duyên Vũ,2025-10-27
U01596,Kim Hải Đặng,2025-10-02
U01597,Huy Vũ,2025-05-05
U01598,Thành Hoàng Đặng,2025-04-24
U01599,Minh Lê,2025-04-18
U01600,Chị Linh Nguyễn,2025-02-14
U01601,Kim Tấn Đặng,2024-07-19
U01602,Khoa Phạm,2025-03-07
U01603,Hồng Bùi,2024-07-11
U01604,Kim Nguyễn,2025-12-18
U01605,Vân Trần,2024-03-01
U01606,Nhật Mai,2024-04-05
U01607,Lâm Mai Bùi,2024-06-09
U01608,Chị Hồng Phạm,2024-03-02
U01609,Bác Thành Dương,2025-03-14
U01610,Huy Trần,2025-03-01
U01611,Tú Hữu Nguyễn,2024-08-08
U01612,Yến Dương,2024-02-11
U01613,Anh Trọng Lê,2025-03-03
U01614,Minh Trí Mai,2025-06-08
U01615,Cô Bảo Lê,2025-05-03
U01616,Bà Yến Đặng,2024-02-20
U01617,Cô Vi Bùi,2025-12-01
U01618,Bảo Đặng,2025-10-14
U01619,Bác Thành Nguyễn,2025-10-26
U01620,Nhật Thế Trần,2025-03-13
U01621,Dũng Quang Nguyễn,2024-07-28
U01622,Quang Hải Bùi,2025-11-26
U01623,Bà Kim Mai,2024-04-13
U01624,Cô Nhật Hoàng,2025-11-07
U01625,Bảo Trí Hoàng,2024-09-14
U01626,Quang Mai,2024-07-21
U01627,Bà Phương Dương,2024-11-12
U01628,Lâm Thị Dương,2025-08-10
U01629,Xuân Vũ,2024-08-21
U01630,Bà Hương Trần,2024-05-16
U01631,Quý ông Khoa Hoàng,2024-10-25
U01632,Thành Bảo Vũ,2024-10-18
U01633,Minh Hoàng,2024-05-11
U01634,Hải Dương,2024-11-07
U01635,Tú Thị Lê,2025-06-19
U01636,Quý cô Hải Dương,2025-07-13
U01637,Cô Ánh Hoàng,2025-02-11
U01638,An Mai,2025-12-28
U01639,Hạnh Nguyễn,2025-09-21
U01640,Chị Xuân Hoàng,2024-09-03
U01641,Mai Dương,2025-11-02
U01642,Nam Nguyễn,2024-05-06
U01643,Nam Trần,2024-03-03
U01644,Khoa Đức Lê,2024-05-07
U01645,Quý cô Dương Vũ,2024-10-22
U01646,Trọng Văn Vũ,2025-10-02
U01647,Mai Nguyễn,2024-08-26
U01648,Thành Xuân Phạm,2025-11-22
U01649,Khoa Thế Lê,2024-01-21
U01650,Cô Hương Đặng,2025-02-22
U01651,Anh Hưng Hoàng,2025-01-24
U01652,Quý cô Bảo Phạm,2024-11-02
U01653,Vũ Mai Phạm,2024-04-24
U01654,Anh Phúc Nguyễn,2025-08-04
U01655,Hồng Hoàng,2025-02-10
U01656,Bảo Hữu Phạm,2025-07-27
U01657,Bảo Hoàng Trần,2024-05-20
U01658,An Hữu Nguyễn,2025-01-31
U01659,Hưng Lê,2025-09-18
U01660,Ông Châu Dương,2025-12-18
U01661,Hải Vũ,2025-11-14
U01662,Bác Khoa Bùi,2025-10-15
U01663,Quý ông Tú Bùi,2024-11-14
U01664,Dương Nguyễn,2024-10-28
U01665,Quý cô Vân Bùi,2024-06-07
U01666,Nam Dương,2025-12-21
U01667,Ông Tùng Đặng,2024-06-24
U01668,Trọng Vũ,2025-03-25
U01669,Lâm Trí Vũ,2025-01-12
U01670,Chị Hạnh Trần,2025-05-23
U01671,Kim Hải Nguyễn,2025-04-15
U01672,Phúc Hải Trần,2025-02-21
U01673,Quý ông Hưng Đặng,2024-12-24
U01674,Quý cô Xuân Đặng,2024-05-11
U01675,Quý cô Ánh Mai,2024-08-04
U01676,Mai Phạm,2024-06-29
U01677,Anh Tùng Đặng,2024-08-14
U01678,Quý cô Ngọc Bùi,2024-03-30
U01679,Nam Hoàng,2025-12-23
U01680,Vũ Phạm,2024-09-30
U01681,Chị Kim Bùi,2024-08-13
U01682,Lan Bùi,2024-05-23
U01683,Thành Hải Phạm,2025-05-05
U01684,Hạnh Hải Vũ,2024-11-06
U01685,Trọng Trí Đặng,2024-12-11
U01686,Bà Mai Hoàng,2024-01-29
U01687,Duyên Đặng,2025-04-04
U01688,Anh Tú Lê,2025-09-16
U01689,An Đặng,2024-09-06
U01690,Quý cô Bảo Vũ,2025-02-17
U01691,Quý cô An Đặng,2024-10-25
U01692,Lâm Hoàng,2025-10-17
U01693,Vân Nguyễn,2024-04-20
U01694,Anh Trọng Đặng,2025-04-25
U01695,Phúc Bảo Vũ,2024-06-02
U01696,Chị Mai Nguyễn,2025-08-31
U01697,Nhật Phú Dương,2024-02-07
U01698,Chị Lâm Hoàng,2024-01-11
U01699,Nam Phú Hoàng,2024-03-20
U01700,Kim Nguyễn,2024-05-02
U01701,Chị Hồng Dương,2025-10-26
U01702,Anh Trọng Mai,2024-01-03
U01703,Cô Bảo Trần,2025-02-14
U01704,Chị Khoa Dương,2024-04-27
U01705,Bảo Thế Dương,2025-10-27
U01706,Thành Mai,2025-09-20
U01707,Anh Châu Nguyễn,2024-07-07
U01708,Quang Phú Vũ,2025-12-24
U01709,Hồng Nguyễn,2024-06-25
U01710,Lâm Phạm,2024-03-14
U01711,Cô Hương Hoàng,2025-09-26
U01712,Anh Hoàng Trần,2025-08-15
U01713,Hoàng Hoàng,2025-06-07
U01714,Quang Tấn Dương,2024-11-12
U01715,Cô Thành Hoàng,2024-10-06
U01716,Nam Nguyễn,2025-03-17
U01717,Anh Châu Phạm,2024-12-13
U01718,Hà Bảo Dương,2024-05-17
U01719,Kim Hải Dương,2024-08-10
U01720,Nhiên Dương,2025-05-18
U01721,Bác Tú Hoàng,2024-05-24
U01722,Quang Mai Nguyễn,2025-03-28
U01723,Bảo Phú Dương,2025-09-01
U01724,Khoa Đức Vũ,2024-12-11
U01725,Mai Mai,2025-11-26
U01726,Bảo Văn Vũ,2025-06-12
U01727,Tú Hoàng,2025-12-20
U01728,Chị Hồng Phạm,2024-10-13
U01729,Dũng Vũ,2024-04-22
U01730,Huy Hữu Nguyễn,2025-11-14
U01731,An Bùi,2024-07-24
U01732,Cô Chi Mai,2025-06-10
U01733,Nam Hoàng Mai,2025-12-15
U01734,Thành Thế Dương,2025-05-17
U01735,Tùng Mai,2024-11-17
U01736,Minh Lê,2024-03-19
U01737,Lan Mai,2024-11-15
U01738,Chi Lê,2024-08-26
U01739,Lâm Mai,2025-12-13
U01740,Yến Hoàng,2024-10-17
U01741,Tú Vũ,2025-04-21
U01742,Lâm Phú Mai,2025-05-19
U01743,Nhật Hoàng,2025-08-05
U01744,Cô Bảo Lê,2025-11-19
U01745,Ngọc Mai,2024-09-16
U01746,Quý cô An Trần,2025-03-07
U01747,Huy Hoàng Nguyễn,2024-03-11
U01748,Khoa Hải Phạm,2025-01-09
U01749,Nam Mai Đặng,2024-04-20
U01750,Khoa Phú Lê,2025-10-07
U01751,Anh Trần,2024-01-03
U01752,Hưng Xuân Phạm,2025-05-18
U01753,Cô Dương Mai,2025-06-02
U01754,Chi Vũ,2024-12-03
U01755,Quý cô Nhật Trần,2024-08-31
U01756,Quý cô An Nguyễn,2024-04-09
U01757,Tú Tấn Nguyễn,2025-01-10
U01758,Hà Văn Bùi,2024-03-09
U01759,Ông Trung Nguyễn,2024-09-24
U01760,Cô Phương Dương,2025-08-30
U01761,An Mai Lê,2024-01-22
U01762,Bác Tú Bùi,2025-11-14
U01763,Quý cô Vi Lê,2025-11-13
U01764,Trọng Trí Nguyễn,2024-06-16
U01765,Chị Chi Trần,2024-09-23
U01766,Anh Hải Dương,2025-03-08
U01767,Quang Thế Trần,2025-07-06
U01768,Bảo Hoàng,2024-04-09
U01769,Hà Phú Mai,2024-11-07
U01770,Chị Vân Dương,2024-11-30
U01771,Ông Huy Nguyễn,2024-11-23
U01772,Khoa Hoàng,2025-04-11
U01773,Bà Khoa Lê,2025-01-31
U01774,Lâm Bùi,2025-12-31
U01775,Phương Hoàng,2024-12-02
U01776,Kim Dương,2025-07-27
U01777,Nhật Hải Mai,2025-08-22
U01778,Ông Châu Nguyễn,2024-01-19
U01779,Quý cô Ánh Trần,2025-07-26
U01780,Nam Trần,2025-06-10
U01781,Quý ông Tú Mai,2025-06-08
U01782,Anh Thị Dương,2025-08-05
U01783,Thành Văn Hoàng,2024-05-25
U01784,Cô Vi Hoàng,2025-10-08
U01785,Yến Dương,2025-01-25
U01786,Chị Duyên Dương,2024-04-22
U01787,An Hữu Lê,2024-01-18
U01788,An Nguyễn,2024-08-26
U01789,Thảo Vũ,2024-10-13
U01790,Hà Đặng,2024-02-14
U01791,Kim Lê,2025-04-05
U01792,Minh Nguyễn,2025-03-22
U01793,Khoa Đặng,2025-10-30
U01794,Cô An Vũ,2024-08-15
U01795,Quang Mai Phạm,2024-08-20
U01796,Cô Bảo Đặng,2024-07-26
U01797,Vũ Hải Dương,2024-07-14
U01798,An Lê,2025-08-24
U01799,Quý cô Lan Mai,2024-08-13
U01800,Phúc Hữu Đặng,2025-03-04
U01801,Ánh Bùi,2025-10-18
U01802,Khoa Tấn Mai,2025-12-16
U01803,Hạnh Trần,2025-12-29
U01804,Khoa Thị Trần,2024-09-10
U01805,Hạnh Trí Phạm,2024-09-21
U01806,Cô Bảo Nguyễn,2024-06-21
U01807,Anh Khoa Phạm,2025-01-06
U01808,Hồng Nguyễn,2024-06-05
U01809,Bảo Xuân Lê,2025-06-29
U01810,Ông Khoa Hoàng,2025-07-03
U01811,Cô Dương Trần,2025-12-28
U01812,Hải Dương,2024-04-06
U01813,Hạnh Mai,2024-09-23
U01814,Mai Lê,2024-05-09
U01815,Cô Kim Mai,2024-04-20
U01816,Quang Mai Bảo Phạm,2025-08-10
U01817,Hạnh Mai Lê,2024-08-28
U01818,Hương Lê,2025-08-07
U01819,Ánh Đặng,2024-06-23
U01820,Cô Vân Lê,2024-02-28
U01821,Chị Xuân Vũ,2025-04-05
U01822,Bà Thảo Hoàng,2025-07-22
U01823,Dũng Hải Vũ,2024-03-21
U01824,Quý cô Nhật Phạm,2024-11-13
U01825,Yến Phạm,2024-05-05
U01826,Vi Dương,2024-02-10
U01827,Bảo Phú Bùi,2025-12-14
U01828,Khoa Thị Bùi,2024-01-29
U01829,Bà Kim Lê,2025-11-11
U01830,Nam Hải Trần,2024-01-19
U01831,Bác Dũng Bùi,2025-08-27
U01832,Nam Trần,2024-08-11
U01833,Chị Kim Đặng,2024-08-25
U01834,Hương Phạm,2025-04-01
U01835,Cô Hương Nguyễn,2025-06-04
U01836,Minh Đặng,2025-07-23
U01837,Thảo Đặng,2024-04-10
U01838,Ông Bảo Trần,2025-05-31
U01839,Anh Khoa Nguyễn,2025-11-30
U01840,Thành Trần,2025-03-03
U01841,Thành Hoàng,2025-05-28
U01842,Phúc Bùi,2025-05-17
U01843,Châu Trí Dương,2025-05-04
U01844,Quý ông Trọng Bùi,2025-03-28
U01845,Nhật Xuân Hoàng,2025-07-22
U01846,Kim Phú Đặng,2025-11-06
U01847,Bà Thảo Mai,2024-09-18
U01848,Huy Phú Phạm,2025-12-15
U01849,Lâm Phạm,2024-09-02
U01850,Quý cô Linh Trần,2025-07-11
U01851,Quý cô Hương Mai,2025-10-06
U01852,Hoàng Đức Trần,2025-09-08
U01853,Nhật Đức Dương,2025-05-01
U01854,Quý cô Bảo Đặng,2024-04-28
U01855,Nhật Bùi,2025-09-26
U01856,Chị Lan Dương,2025-10-23
U01857,Cô Hà Trần,2025-02-13
U01858,Hạnh Phú Mai,2024-01-06
U01859,Cô Hà Phạm,2024-06-01
U01860,Phương Vũ,2025-11-29
U01861,Ánh Nguyễn,2024-08-15
U01862,Hoàng Tấn Dương,2024-12-24
U01863,Hải Trí Phạm,2025-06-09
U01864,Nhật Phạm,2025-10-10
U01865,Yến Trần,2024-02-01
U01866,Cô Duyên Đặng,2024-05-20
U01867,Quang Bùi,2024-04-28
U01868,Quý cô Kim Bùi,2024-11-13
U01869,Cô Hải Trần,2024-02-24
U01870,Phương Hải Mai,2024-03-23
U01871,Bà Hương Phạm,2025-02-14
U01872,Bảo Đức Phạm,2024-10-28
U01873,Cô Hà Dương,2025-08-11
U01874,Phúc Mai Nguyễn,2024-05-14
U01875,Bà Nhật Trần,2024-08-16
U01876,Hạnh Bảo Lê,2025-11-23
U01877,Khoa Hoàng,2025-08-21
U01878,Anh Tùng Phạm,2025-04-04
U01879,Kim Đức Phạm,2024-07-26
U01880,Phúc Mai Bảo Nguyễn,2025-04-17
U01881,Kim Bùi,2024-09-19
U01882,Bác Quang Phạm,2024-02-26
U01883,Phương Trần,2024-02-25
U01884,Dũng Hoàng,2025-05-22
U01885,Bà Bảo Bùi,2025-09-29
U01886,Khoa Văn Trần,2024-07-18
U01887,Quý cô Nhật Dương,2024-06-07
U01888,Khoa Quang Mai,2024-12-17
U01889,Lâm Dương,2024-06-05
U01890,Cô Kim Dương,2024-11-20
U01891,Hạnh Quang Đặng,2025-05-16
U01892,Nhật Dương,2024-02-22
U01893,Ngọc Dương,2024-03-10
U01894,Hoàng Trần,2025-02-01
U01895,Linh Vũ,2024-11-19
U01896,Cô Kim Vũ,2024-12-17
U01897,Chị Bảo Nguyễn,2024-10-03
U01898,Nhật Mai,2024-11-01
U01899,Minh Mai Lê,2024-04-19
U01900,Ông Tùng Trần,2024-08-16
U01901,Quý ông Quang Nguyễn,2024-02-06
U01902,Bà Mai Nguyễn,2024-10-23
U01903,Hà Thị Lê,2025-10-18
U01904,Trung Mai,2025-09-26
U01905,Dũng Mai Nguyễn,2025-07-28
U01906,Bảo Dương,2024-02-17
U01907,Cô Lâm Hoàng,2024-03-22
U01908,Chị Ánh Nguyễn,2024-06-22
U01909,Quý cô Hương Đặng,2024-11-17
U01910,Vũ Quang Đặng,2025-07-03
U01911,Ông Minh Nguyễn,2024-12-16
U01912,Huy Đức Mai,2025-11-10
U01913,Anh Bùi,2025-09-20
U01914,Hạnh Đức Phạm,2024-12-23
U01915,Ngọc Dương,2025-03-11
U01916,Quý cô Hương Bùi,2025-08-28
U01917,Khoa Mai Bảo Trần,2024-02-19
U01918,Hưng Hải Mai,2025-01-16
U01919,Trọng Mai Vũ,2025-05-12
U01920,Anh Hoàng Dương,2025-05-22
U01921,Quang Phạm,2024-02-19
U01922,Quý cô Hải Bùi,2025-01-09
U01923,Kim Thế Đặng,2024-07-31
U01924,Huy Hải Bùi,2025-11-03
U01925,Tú Văn Đặng,2024-07-08
U01926,Quý cô Nhật Nguyễn,2025-08-21
U01927,Chi Đặng,2025-04-14
U01928,Ngọc Lê,2024-06-25
U01929,Mai Mai,2025-02-19
U01930,Cô Thành Phạm,2025-12-25
U01931,Anh Trọng Lê,2024-09-02
U01932,Phương Phạm,2025-08-30
U01933,Quý cô Lan Đặng,2024-10-26
U01934,Lan Bùi,2025-02-11
U01935,Anh Anh Bùi,2024-06-08
U01936,Mai Đặng,2025-11-01
U01937,Thành Bùi,2025-12-01
U01938,Bảo Thế Hoàng,2025-02-01
U01939,Anh Dương,2024-07-31
U01940,Trọng Đức Trần,2024-06-27
U01941,Anh Dương,2025-08-28
U01942,Thành Vũ,2025-08-26
U01943,Hà Quang Nguyễn,2025-08-26
U01944,Huy Nguyễn,2024-07-12
U01945,Quý cô Linh Hoàng,2025-12-03
U01946,Bà Hương Mai,2024-12-31
U01947,Kim Thị Dương,2024-06-19
U01948,Trung Dương,2024-01-15
U01949,Thành Phạm,2024-01-17
U01950,Trung Đức Hoàng,2025-06-21
U01951,Bảo Đức Nguyễn,2025-02-07
U01952,Duyên Dương,2025-07-03
U01953,Tú Hoàng Đặng,2024-08-07
U01954,Minh Bùi,2025-08-19
U01955,Quý ông Quang Lê,2025-12-03
U01956,Thành Xuân Hoàng,2024-12-30
U01957,Hạnh Hải Phạm,2024-05-07
U01958,Khoa Quang Dương,2025-01-19
U01959,Quý cô Thành Lê,2024-06-15
U01960,Bà Hạnh Hoàng,2024-05-12
U01961,Xuân Vũ,2025-01-01
U01962,Cô Hải Lê,2025-04-14
U01963,Chị Ánh Bùi,2025-01-21
U01964,Nhật Hữu Đặng,2025-03-07
U01965,Quý cô Thảo Đặng,2025-04-12
U01966,Quang Xuân Nguyễn,2024-03-08
U01967,Hưng Mai,2024-05-30
U01968,Quý cô Mai Hoàng,2025-08-11
U01969,Bà Mai Vũ,2024-09-09
U01970,Mai Bùi,2025-06-17
U01971,Ông Thành Dương,2025-12-10
U01972,Thành Quang Vũ,2025-04-19
U01973,Hoàng Nguyễn,2024-09-14
U01974,Phương Bảo Trần,2024-04-23
U01975,Bảo Mai Bảo Bùi,2024-10-04
U01976,Cô Hạnh Dương,2024-08-12
U01977,Bà Linh Nguyễn,2024-10-25
U01978,Tùng Mai Đặng,2025-10-05
U01979,Quý cô Hương Hoàng,2024-07-09
U01980,Cô Xuân Bùi,2024-07-18
U01981,An Dương,2025-04-19
U01982,Dương Hoàng,2024-07-28
U01983,Bác Minh Nguyễn,2024-09-17
U01984,Thành Hữu Lê,2024-06-29
U01985,Minh Thị Hoàng,2024-12-10
U01986,Huy Thị Lê,2025-01-31
U01987,Bà Bảo Dương,2024-02-20
U01988,Quý cô Duyên Trần,2024-11-19
U01989,Bà Hương Mai,2024-12-20
U01990,Hải Bùi,2025-02-17
U01991,Cô Duyên Vũ,2024-05-26
U01992,Ông Châu Nguyễn,2025-08-22
U01993,Chị Vân Vũ,2025-06-06
U01994,Bà Hương Vũ,2024-02-06
U01995,Tùng Đặng,2024-02-13
U01996,Hải Hữu Dương,2024-05-03
U01997,Nam Mai,2025-05-09
U01998,Quang Hải Nguyễn,2025-08-21
U01999,Linh Nguyễn,2024-09-17
U02000,Quý cô Hồng Bùi,2024-10-29
U02001,Quang Dương,2025-08-05
U02002,Khoa Mai Bảo Phạm,2025-09-05
U02003,Quý ông Hưng Lê,2024-06-26
U02004,Nam Vũ,2025-08-19
U02005,Phúc Mai Bảo Phạm,2025-07-19
U02006,Quý cô Chi Dương,2024-04-14
U02007,Trọng Đức Bùi,2024-03-26
U02008,Hà Đặng,2024-07-12
U02009,Quý cô Ngọc Nguyễn,2024-12-17
U02010,Thảo Vũ,2024-01-01
U02011,Thảo Nguyễn,2025-10-09
U02012,Kim Nguyễn,2024-06-28
U02013,Quý cô Lan Lê,2024-06-01
U02014,Ánh Vũ,2024-06-01
U02015,Huy Vũ,2025-03-02
U02016,Yến Vũ,2025-11-25
U02017,Ông Vũ Nguyễn,2024-10-06
U02018,Bà Phương Phạm,2024-12-19
U02019,Hải Vũ,2025-03-31
U02020,Minh Tấn Lê,2024-01-30
U02021,Phương Mai,2024-09-05
U02022,Khoa Vũ,2024-06-22
U02023,Hưng Thị Hoàng,2024-01-09
U02024,Cô Khoa Mai,2025-08-20
U02025,Khoa Hoàng,2024-05-22
U02026,Khoa Thế Mai,2025-05-31
U02027,Anh Bùi,2025-11-11
U02028,Bảo Trí Nguyễn,2024-04-07
U02029,Khoa Mai,2024-11-22
U02030,Khoa Vũ,2025-12-25
U02031,Minh Thị Mai,2024-02-24
U02032,Bảo Dương,2024-04-25
U02033,Bà Ánh Phạm,2024-11-19
U02034,Bác Nam Hoàng,2025-08-09
U02035,Bà An Dương,2024-04-27
U02036,Chị Lan Đặng,2025-01-02
U02037,Anh Nam Đặng,2024-02-17
U02038,Thảo Trần,2025-01-30
U02039,Cô Chi Mai,2025-02-28
U02040,Chị Nhật Dương,2025-12-07
U02041,Ông Huy Dương,2024-08-13
U02042,Nhiên Thị Phạm,2025-05-14
U02043,Bảo Quang Vũ,2024-05-25
U02044,Bà Vân Trần,2025-04-01
U02045,Cô Bảo Nguyễn,2025-01-02
U02046,Cô Hương Dương,2024-05-14
U02047,Thành Thị Dương,2025-06-22
U02048,Bà Yến Phạm,2024-11-30
U02049,Bác Huy Trần,2024-03-21
U02050,Quý ông Tú Trần,2025-11-13
U02051,Hương Vũ,2024-09-19
U02052,Anh Minh Đặng,2025-08-08
U02053,Vũ Lê,2025-08-21
U02054,Ngọc Bùi,2024-02-01
U02055,Yến Hoàng,2025-05-05
U02056,Bác Dũng Dương,2025-10-10
U02057,Quý cô Vi Bùi,2024-03-29
U02058,Khoa Hoàng,2025-08-21
U02059,Cô Linh Mai,2024-07-28
U02060,Nhật Tấn Hoàng,2025-04-28
U02061,Hương Trần,2024-12-18
U02062,Cô Lâm Lê,2024-11-29
U02063,Hải Dương,2025-11-24
U02064,Cô Thành Lê,2024-10-13
U02065,Quý ông Hưng Trần,2025-08-24
U02066,Minh Nguyễn,2024-02-29
U02067,Nhật Quang Bùi,2024-08-02
U02068,Bảo Hoàng Dương,2025-03-27
U02069,Chi Mai,2025-08-08
U02070,Trọng Mai Bảo Vũ,2024-12-30
U02071,Nhiên Đức Mai,2024-06-19
U02072,Ánh Mai,2025-05-09
U02073,Bác Khoa Nguyễn,2025-11-10
U02074,Lâm Bùi,2025-01-22
U02075,Hưng Đức Vũ,2024-11-21
U02076,An Phú Đặng,2025-06-17
U02077,Quý ông Thành Mai,2025-10-26
U02078,Xuân Lê,2024-05-21
U02079,Quang Vũ,2025-07-14
U02080,Chị Xuân Đặng,2024-09-14
U02081,Bà Linh Nguyễn,2025-11-07
U02082,Xuân Trần,2025-10-09
U02083,Ánh Đặng,2024-10-02
U02084,Vũ Xuân Nguyễn,2025-04-02
U02085,Cô Linh Hoàng,2025-05-31
U02086,Nam Mai Mai,2024-08-21
U02087,Duyên Hoàng,2025-02-19
U02088,Quý cô Hồng Lê,2025-01-07
U02089,Quý cô Hải Mai,2024-02-26
U02090,Hồng Đặng,2025-01-15
U02091,Cô Phương Nguyễn,2025-01-03
U02092,Hoàng Trí Nguyễn,2024-05-09
U02093,Tú Nguyễn,2025-03-08
U02094,Trung Mai,2024-09-06
U02095,Khoa Trần,2025-03-27
U02096,Bà An Trần,2025-02-14
U02097,Nhiên Phú Lê,2024-06-18
U02098,Chị Hương Phạm,2025-07-21
U02099,Khoa Hoàng,2025-03-30
U02100,Nhật Quang Bùi,2024-01-29
U02101,Chị Xuân Nguyễn,2025-02-18
U02102,Huy Dương,2024-10-22
U02103,Cô An Vũ,2025-12-09
U02104,Thành Trí Mai,2024-07-02
U02105,Thành Mai,2024-01-21
U02106,Ông Anh Bùi,2025-11-05
U02107,Quý cô Lan Vũ,2025-07-06
U02108,Lâm Hải Lê,2025-08-15
U02109,Khoa Thế Lê,2024-05-23
U02110,Hồng Lê,2024-11-15
U02111,Cô An Vũ,2024-12-13
U02112,Hải Nguyễn,2025-05-24
U02113,Vân Phạm,2024-05-01
U02114,Kim Hữu Nguyễn,2025-01-01
U02115,Khoa Phạm,2025-09-06
U02116,Nhật Bảo Mai,2025-06-06
U02117,Bác Quang Lê,2024-02-05
U02118,Tú Phạm,2025-07-29
U02119,Anh Trọng Lê,2025-01-02
U02120,Châu Phú Phạm,2025-03-16
U02121,Chị Thành Lê,2024-11-19
U02122,Thảo Đặng,2024-09-08
U02123,Hồng Mai,2025-12-25
U02124,Minh Nguyễn,2025-01-06
U02125,Chị Bảo Nguyễn,2025-05-16
U02126,Bà An Dương,2025-11-05
U02127,Bảo Hoàng,2025-11-12
U02128,Quý ông Quang Phạm,2025-05-18
U02129,Hà Bùi,2024-08-26
U02130,Nam Trần,2024-04-22
U02131,Chị Mai Dương,2024-10-08
U02132,Chị Hà Bùi,2025-09-02
U02133,Khoa Mai Vũ,2024-08-24
U02134,An Xuân Trần,2025-02-11
U02135,Trung Hoàng Dương,2025-06-27
U02136,Ánh Hoàng,2025-09-19
U02137,Phương Trần,2024-05-21
U02138,Anh Khoa Hoàng,2024-03-10
U02139,Bảo Phạm,2024-08-28
U02140,Anh Mai,2024-10-14
U02141,Quý cô Xuân Vũ,2024-07-03
U02142,Châu Bảo Mai,2025-03-30
U02143,Quang Trần,2025-12-16
U02144,Phúc Hoàng,2025-09-26
U02145,Quý cô Linh Trần,2024-08-06
U02146,Dũng Trần,2025-09-11
U02147,Thành Mai Bảo Trần,2025-04-17
U02148,Phương Văn Lê,2024-08-21
U02149,Anh Tùng Hoàng,2025-12-25
U02150,Cô Xuân Mai,2025-02-13
U02151,Hương Bùi,2025-01-16
U02152,Nhiên Vũ,2024-05-08
U02153,Quý cô Vân Trần,2025-09-04
U02154,Chị Lâm Bùi,2024-04-30
U02155,Tú Mai,2025-08-23
U02156,Hưng Đặng,2025-04-23
U02157,Anh Quang Dương,2025-05-06
U02158,Chị Vi Bùi,2024-07-25
U02159,Dũng Quang Nguyễn,2024-07-02
U02160,Hải Trần,2025-07-05
U02161,Bà Dương Lê,2025-07-20
U02162,Cô Linh Lê,2024-01-03
U02163,Khoa Đức Trần,2025-01-24
U02164,Cô Hải Lê,2025-09-14
U02165,Cô Nhật Phạm,2024-04-09
U02166,Trung Đức Phạm,2025-12-25
U02167,Huy Trí Lê,2024-07-24
U02168,Quý ông Khoa Vũ,2024-04-30
U02169,Bà Ngọc Phạm,2024-10-16
U02170,Kim Bảo Đặng,2025-08-20
U02171,Quý cô Vân Trần,2024-09-21
U02172,Bà Xuân Nguyễn,2025-07-30
U02173,Ông Phúc Dương,2025-05-15
U02174,Quý cô Xuân Lê,2024-04-11
U02175,Chị Vi Lê,2025-04-05
U02176,Chị Yến Nguyễn,2024-05-10
U02177,Nhiên Nguyễn,2024-09-29
U02178,Bảo Đức Dương,2024-05-26
U02179,Bà Dương Mai,2025-07-04
U02180,Hoàng Phạm,2025-09-10
U02181,Nam Mai Hoàng,2025-12-15
U02182,Châu Bảo Hoàng,2024-01-10
U02183,An Đức Nguyễn,2025-03-25
U02184,Bảo Bùi,2025-01-16
U02185,Hoàng Bùi,2025-05-21
U02186,Ông Trung Dương,2025-11-14
U02187,Nhật Đức Nguyễn,2025-11-20
U02188,Quang Nguyễn,2024-05-30
U02189,Châu Đức Hoàng,2025-04-04
U02190,Anh Quang Bùi,2025-04-29
U02191,Bà Duyên Nguyễn,2025-06-28
U02192,Duyên Vũ,2025-04-08
U02193,Cô Thành Phạm,2024-11-07
U02194,Chị Chi Hoàng,2024-08-06
U02195,Nhật Đức Nguyễn,2024-11-09
U02196,Quý ông Quang Bùi,2024-10-31
U02197,Xuân Trần,2024-03-26
U02198,Huy Hoàng,2024-06-17
U02199,Yến Trần,2025-02-09
U02200,Chị Hà Lê,2025-04-14
U02201,Quý ông Vũ Lê,2024-02-03
U02202,Chị Hải Vũ,2024-01-18
U02203,Ông Hưng Hoàng,2025-07-01
U02204,Phúc Đặng,2024-11-03
U02205,Yến Mai,2024-11-16
U02206,Quý cô Mai Trần,2024-06-25
U02207,Vân Trần,2025-02-10
U02208,Kim Đức Đặng,2024-12-14
U02209,Tú Trí Bùi,2025-10-25
U02210,Quý ông Dũng Đặng,2025-10-11
U02211,Quý ông Tùng Vũ,2025-10-20
U02212,Thảo Hoàng,2025-10-12
U02213,Khoa Đức Dương,2024-07-08
U02214,Thành Bùi,2024-12-04
U02215,Quý cô Bảo Vũ,2025-06-04
U02216,Thành Hoàng,2024-08-13
U02217,Quý cô An Dương,2025-02-20
U02218,Quý ông Trọng Hoàng,2024-02-12
U02219,Cô Duyên Nguyễn,2025-05-05
U02220,Ngọc Dương,2025-05-20
U02221,Anh Quang Phạm,2024-10-04
U02222,Chị Hương Hoàng,2025-10-06
U02223,Ông Nam Nguyễn,2025-02-11
U02224,Chị Hạnh Bùi,2025-08-11
U02225,Quý cô Xuân Hoàng,2024-07-11
U02226,Quang Bảo Nguyễn,2025-02-16
U02227,Phương Hữu Trần,2025-11-10
U02228,Tú Tấn Mai,2025-04-01
U02229,Bác Minh Phạm,2025-02-19
U02230,Dũng Hữu Đặng,2025-10-30
U02231,Quý ông Tú Phạm,2025-11-15
U02232,Lan Đặng,2024-10-19
U02233,Ông Quang Dương,2024-08-10
U02234,Quý cô Yến Phạm,2025-05-24
U02235,Ông Minh Bùi,2025-09-08
U02236,Hải Thị Nguyễn,2025-07-01
U02237,Hưng Lê,2025-07-21
U02238,Ông Dũng Dương,2024-08-09
U02239,Quý ông Phúc Mai,2024-03-03
U02240,Trung Vũ,2024-12-27
U02241,Phúc Nguyễn,2025-08-01
U02242,Châu Xuân Đặng,2025-10-15
U02243,Thành Văn Đặng,2025-12-02
U02244,Hạnh Văn Bùi,2025-10-04
U02245,Anh Đặng,2024-01-29
U02246,Bà Thành Hoàng,2024-02-28
U02247,Bà Nhật Mai,2025-12-05
U02248,Anh Huy Phạm,2024-06-18
U02249,Bà Yến Hoàng,2025-06-07
U02250,Hà Đức Phạm,2025-03-29
U02251,An Mai,2025-02-17
U02252,Hưng Xuân Dương,2024-02-07
U02253,Nhiên Thế Dương,2024-01-14
U02254,Phương Đặng,2025-10-21
U02255,Minh Bảo Bùi,2025-02-14
U02256,Chị Bảo Hoàng,2024-07-24
U02257,Tùng Xuân Vũ,2024-09-10
U02258,Phúc Dương,2025-05-01
U02259,Tú Quang Mai,2024-06-29
U02260,Nhật Phú Nguyễn,2025-11-02
U02261,Hà Lê,2025-07-05
U02262,Khoa Tấn Trần,2025-06-30
U02263,Mai Dương,2024-10-21
U02264,Ngọc Đặng,2025-07-20
U02265,Dũng Đặng,2025-07-13
U02266,Bà Bảo Mai,2024-10-06
U02267,Cô Hồng Phạm,2025-11-14
U02268,Lâm Phú Bùi,2025-04-05
U02269,Nhật Thị Mai,2024-09-18
U02270,Anh Châu Bùi,2024-08-09
U02271,Minh Hoàng Phạm,2025-08-28
U02272,Nhiên Văn Bùi,2025-03-18
U02273,Bà Dương Phạm,2025-11-23
U02274,Yến Dương,2025-07-09
U02275,Quý ông Vũ Vũ,2024-07-01
U02276,Hồng Bùi,2025-11-02
U02277,Cô Hạnh Trần,2024-10-03
U02278,Nhật Phạm,2025-08-29
U02279,Ông Phúc Vũ,2025-04-16
U02280,Quý cô An Phạm,2025-07-24
U02281,Cô Bảo Trần,2025-03-25
U02282,Bác Anh Đặng,2024-10-30
U02283,Vân Dương,2025-04-12
U02284,Phương Trí Lê,2025-02-10
U02285,Bảo Trần,2025-09-07
U02286,Chi Dương,2024-11-17
U02287,Duyên Bùi,2025-07-09
U02288,Bảo Hoàng Hoàng,2024-05-09
U02289,Bảo Đặng,2025-11-06
U02290,Hưng Trí Hoàng,2025-09-14
U02291,Anh Hưng Lê,2024-06-30
U02292,Nhật Hoàng Đặng,2024-08-10
U02293,Cô Nhật Dương,2024-10-13
U02294,Khoa Bùi,2025-03-16
U02295,Vũ Thế Phạm,2024-05-16
U02296,Thành Đức Đặng,2025-04-30
U02297,Trung Đức Bùi,2024-08-19
U02298,Bác Phúc Vũ,2024-12-08
U02299,Minh Đặng,2024-04-28
U02300,Nhật Hoàng Trần,2025-12-03
U02301,Mai Bùi,2025-09-22
U02302,Phương Trần,2024-02-22
U02303,Cô Xuân Nguyễn,2025-11-21
U02304,Hà Hoàng Phạm,2025-10-06
U02305,Hạnh Hữu Bùi,2025-06-26
U02306,Quang Hoàng Dương,2025-07-14
U02307,Duyên Bùi,2025-11-26
U02308,Trung Mai Bảo Đặng,2024-12-19
U02309,Chi Vũ,2024-09-28
U02310,Cô Vi Trần,2025-12-07
U02311,Kim Văn Phạm,2025-08-14
U02312,Tùng Đặng,2025-12-04
U02313,Trung Dương,2024-02-21
U02314,Nhật Trí Phạm,2025-02-13
U02315,Quý cô Ngọc Lê,2024-07-12
U02316,Chị Hà Lê,2025-06-30
U02317,Nhiên Trần,2025-02-18
U02318,Lâm Hải Nguyễn,2025-05-10
U02319,Quý cô Vi Bùi,2025-02-03
U02320,Bà Lan Hoàng,2024-08-04
U02321,Quý cô Lan Bùi,2024-08-26
U02322,Chị Lâm Dương,2024-06-29
U02323,Phương Hoàng Dương,2024-09-21
U02324,Quý cô Kim Hoàng,2024-04-10
U02325,Dũng Phạm,2025-07-31
U02326,Vũ Trần,2024-02-13
U02327,Phương Dương,2024-08-17
U02328,Hạnh Phạm,2024-11-19
U02329,Bảo Lê,2025-12-14
U02330,Hạnh Quang Dương,2024-03-26
U02331,Chị Phương Lê,2024-11-15
U02332,Bà Thành Lê,2025-09-24
U02333,Hải Trí Vũ,2025-11-19
U02334,Bà Lâm Dương,2024-11-12
U02335,Anh Tú Hoàng,2024-01-04
U02336,Quý cô Thành Trần,2024-07-10
U02337,Chị Chi Lê,2024-08-30
U02338,Anh Mai Vũ,2024-01-11
U02339,Quang Hoàng Vũ,2024-09-24
U02340,Huy Bảo Đặng,2025-10-19
U02341,Vi Lê,2024-01-11
U02342,Cô Nhật Mai,2025-11-15
U02343,Cô Thảo Dương,2024-11-21
U02344,Khoa Thế Nguyễn,2025-06-20
U02345,Nhiên Đức Phạm,2024-02-20
U02346,Bà Hạnh Vũ,2024-12-07
U02347,Cô Vi Vũ,2024-12-17
U02348,Vũ Văn Nguyễn,2025-12-11
U02349,Cô Lan Vũ,2025-03-03
U02350,Châu Vũ,2025-06-27
U02351,Ông Trung Lê,2025-06-03
U02352,Ông Tùng Bùi,2024-07-11
U02353,Phương Phạm,2024-06-16
U02354,Trọng Phú Nguyễn,2025-03-14
U02355,Cô An Trần,2025-03-31
U02356,Bà Linh Dương,2025-08-26
U02357,Nhật Lê,2024-10-16
U02358,Ông Hưng Bùi,2024-03-20
U02359,Bảo Dương,2025-10-07
U02360,Chị Khoa Vũ,2024-12-03
U02361,Mai Vũ,2025-03-27
U02362,Nhật Phạm,2024-08-25
U02363,Minh Lê,2024-06-18
U02364,Cô Thành Vũ,2025-06-03
U02365,Ngọc Hoàng,2025-02-15
U02366,Dương Lê,2025-06-03
U02367,Hải Đức Trần,2025-06-25
U02368,Xuân Trần,2024-12-31
U02369,Trọng Trần,2025-01-15
U02370,Bảo Bùi,2024-05-31
U02371,Quý ông Khoa Nguyễn,2024-06-26
U02372,Trọng Vũ,2024-06-11
U02373,Bà Khoa Dương,2024-07-24
U02374,Nhật Lê,2024-01-07
U02375,Quang Mai,2024-11-27
U02376,Phương Quang Dương,2025-03-12
U02377,Tùng Nguyễn,2024-08-03
U02378,Anh Minh Vũ,2025-07-03
U02379,Dương Đặng,2024-07-06
U02380,Trung Đức Trần,2025-08-04
U02381,Cô Hồng Đặng,2025-08-26
U02382,Linh Dương,2025-08-09
U02383,Quý ông Hoàng Vũ,2024-05-28
U02384,Nhiên Đức Dương,2025-12-17
U02385,Phúc Vũ,2025-10-22
U02386,Bảo Quang Lê,2024-07-15
U02387,Bà Dương Trần,2024-11-29
U02388,Thảo Đặng,2025-12-06
U02389,Tùng Quang Hoàng,2025-05-21
U02390,Lâm Thị Nguyễn,2024-03-09
U02391,Anh Hoàng Vũ,2024-07-16
U02392,Nhật Quang Hoàng,2024-08-09
U02393,Hưng Tấn Hoàng,2024-02-16
U02394,Cô Khoa Lê,2024-04-22
U02395,Anh Mai Dương,2025-07-24
U02396,Khoa Quang Đặng,2025-07-04
U02397,Quý cô Lâm Đặng,2025-01-02
U02398,Mai Trần,2024-07-07
U02399,Cô Hà Lê,2024-12-16
U02400,Anh Huy Hoàng,2025-03-16
U02401,Ngọc Hoàng,2024-10-07
U02402,Anh Bùi,2025-07-16
U02403,Lâm Mai Hoàng,2025-02-05
U02404,Phương Đức Vũ,2024-03-21
U02405,Nhiên Mai Bảo Dương,2025-09-04
U02406,Bà Chi Dương,2024-06-19
U02407,An Trần,2024-11-16
U02408,Nhật Lê,2025-08-17
U02409,Quý cô Hồng Lê,2024-10-16
U02410,Kim Bảo Dương,2025-05-12
U02411,Quý cô Nhật Nguyễn,2025-10-11
U02412,Thành Văn Lê,2025-09-30
U02413,Tú Hoàng Hoàng,2024-08-19
U02414,Hoàng Nguyễn,2025-11-16
U02415,Minh Vũ,2024-11-04
U02416,Chị Hồng Mai,2024-12-30
U02417,Chị Xuân Mai,2025-05-07
U02418,Nhật Bảo Bùi,2025-05-10
U02419,Quý cô Hương Bùi,2024-09-29
U02420,Châu Phú Lê,2024-04-05
U02421,Hải Mai Bảo Mai,2025-10-20
U02422,Lâm Trần,2025-03-10
U02423,Bác Vũ Vũ,2025-06-30
U02424,Chị Bảo Mai,2024-06-08
U02425,Chi Nguyễn,2024-03-16
U02426,Duyên Dương,2024-11-08
U02427,Bà Dương Vũ,2025-01-24
U02428,Nhật Đức Dương,2025-08-16
U02429,Quý cô Ngọc Hoàng,2025-03-10
U02430,Khoa Mai Mai,2025-12-20
U02431,Quý cô Khoa Hoàng,2024-08-15
U02432,Hồng Phạm,2025-12-05
U02433,Khoa Trần,2024-06-12
U02434,Thảo Vũ,2025-01-16
U02435,Quý cô Khoa Nguyễn,2024-07-11
U02436,Xuân Mai,2025-01-02
U02437,Bảo Mai Bảo Hoàng,2025-06-25
U02438,Quang Phạm,2025-05-22
U02439,Chi Mai,2024-04-23
U02440,Bác Quang Vũ,2024-09-13
U02441,Yến Đặng,2024-08-18
U02442,Lâm Mai Dương,2024-11-24
U02443,Chị Mai Phạm,2024-09-12
U02444,Thành Trần,2025-08-31
U02445,Trọng Văn Mai,2024-06-11
U02446,Quý ông Tùng Bùi,2025-02-18
U02447,Tùng Lê,2025-08-23
U02448,Khoa Trần,2024-10-31
U02449,Quý ông Hưng Lê,2025-07-03
U02450,Ông Huy Đặng,2025-03-10
U02451,Bác Vũ Lê,2025-01-21
U02452,Cô Ngọc Hoàng,2025-10-12
U02453,Hạnh Trí Nguyễn,2025-12-15
U02454,Hạnh Nguyễn,2024-11-24
U02455,Quý ông Quang Lê,2025-10-23
U02456,Phúc Hữu Nguyễn,2024-09-17
U02457,Hà Hoàng,2024-12-02
U02458,Phúc Văn Nguyễn,2024-06-24
U02459,Khoa Thế Bùi,2024-09-13
U02460,Khoa Thị Mai,2025-07-04
U02461,Vân Mai,2024-11-01
U02462,Quý cô Linh Lê,2025-07-21
U02463,Minh Trần,2025-02-10
U02464,Yến Bùi,2024-04-07
U02465,Quý ông Hưng Bùi,2024-11-21
U02466,Chị Hạnh Lê,2024-09-26
U02467,Vũ Xuân Nguyễn,2025-08-21
U02468,Huy Vũ,2025-12-14
U02469,Bà Phương Đặng,2024-06-23
U02470,Linh Vũ,2024-03-11
U02471,Anh Dũng Vũ,2024-04-04
U02472,Bác Phúc Dương,2024-05-06
U02473,Ánh Lê,2025-10-29
U02474,Châu Trí Vũ,2025-12-05
U02475,Cô Vi Bùi,2024-12-31
U02476,Quý ông Vũ Trần,2025-11-10
U02477,Hạnh Đức Đặng,2024-03-07
U02478,Cô Dương Trần,2024-04-19
U02479,Cô Vân Bùi,2024-03-12
U02480,Chị Vân Hoàng,2025-11-02
U02481,Cô Xuân Dương,2024-08-06
U02482,Vân Đặng,2025-07-09
U02483,Bảo Hoàng,2024-06-21
U02484,Lâm Hoàng,2024-12-17
U02485,Phương Thị Mai,2025-12-30
U02486,Hà Hoàng,2024-08-22
U02487,Nam Vũ,2025-01-05
U02488,Khoa Phú Lê,2024-10-21
U02489,Thành Đặng,2025-04-29
U02490,Hà Hải Lê,2024-01-14
U02491,Ông Hoàng Dương,2025-09-11
U02492,Khoa Hoàng,2024-05-09
U02493,Quý cô Kim Đặng,2025-11-18
U02494,Chị Vi Vũ,2025-11-21
U02495,Bà Bảo Hoàng,2024-06-26
U02496,Hoàng Phạm,2025-12-30
U02497,Trung Hữu Bùi,2025-02-23
U02498,Tùng Bảo Nguyễn,2024-12-31
U02499,Thành Mai,2024-02-25
U02500,Dũng Mai Hoàng,2024-01-21
U02501,Ông Nhiên Mai,2025-07-07
U02502,Nhật Đặng,2024-06-04
U02503,Huy Thị Vũ,2025-05-22
U02504,Châu Trần,2024-04-03
U02505,Chị Thành Bùi,2024-08-19
U02506,Bảo Quang Hoàng,2024-07-22
U02507,Xuân Hoàng,2024-01-22
U02508,Cô Hà Phạm,2025-05-27
U02509,Nam Văn Hoàng,2024-07-27
U02510,Bà Mai Trần,2025-08-17
U02511,Kim Hoàng,2024-01-06
U02512,Hải Mai,2024-09-01
U02513,Dương Nguyễn,2024-08-21
U02514,Lan Lê,2024-06-20
U02515,Bảo Đức Dương,2024-02-01
U02516,Chị Duyên Đặng,2024-10-03
U02517,Bảo Đặng,2024-05-30
U02518,Trung Bảo Phạm,2025-09-03
U02519,Yến Vũ,2025-08-26
U02520,Dương Dương,2025-03-04
U02521,Phúc Đặng,2025-01-26
U02522,Cô Hạnh Bùi,2025-11-11
U02523,Hạnh Quang Đặng,2024-06-07
U02524,Anh Anh Nguyễn,2024-07-12
U02525,Thành Phú Đặng,2025-05-16
U02526,Quý ông Hoàng Đặng,2025-04-27
U02527,Hồng Vũ,2024-08-03
U02528,Chị Hà Đặng,2024-08-21
U02529,Yến Đặng,2025-10-28
U02530,Chị Hạnh Nguyễn,2024-09-26
U02531,Quý cô Kim Nguyễn,2024-02-27
U02532,An Nguyễn,2024-06-24
U02533,Ngọc Dương,2024-08-07
U02534,Chị Hà Bùi,2025-10-13
U02535,Cô Duyên Dương,2025-07-11
U02536,Dương Nguyễn,2024-11-04
U02537,Ngọc Vũ,2025-01-04
U02538,Chị Ngọc Hoàng,2025-02-23
U02539,Hải Thế Bùi,2025-06-05
U02540,Quý cô Phương Lê,2024-04-12
U02541,Minh Nguyễn,2025-03-28
U02542,Quý cô Vân Trần,2024-09-10
U02543,Ông Phúc Nguyễn,2025-04-16
U02544,Anh Trọng Bùi,2024-06-18
U02545,Nam Nguyễn,2025-10-07
U02546,Chị Nhật Lê,2025-10-21
U02547,Hải Hoàng,2024-11-26
U02548,Ngọc Đặng,2025-08-11
U02549,Phương Mai Bảo Phạm,2024-04-15
U02550,Bảo Mai Bảo Bùi,2024-08-16
U02551,Quang Lê,2025-07-26
U02552,Trọng Hải Bùi,2025-10-27
U02553,Nam Bảo Vũ,2025-11-03
U02554,Linh Phạm,2025-03-10
U02555,Minh Xuân Mai,2024-07-03
U02556,Bác Tùng Nguyễn,2025-04-06
U02557,Quang Đặng,2024-06-05
U02558,Anh Lê,2024-12-04
U02559,Hương Đặng,2025-12-03
U02560,Bà Lâm Dương,2024-06-24
U02561,Linh Mai,2025-11-23
U02562,Hà Phạm,2024-01-01
U02563,Quý ông Hoàng Vũ,2024-04-02
U02564,Anh Hoàng Nguyễn,2024-01-10
U02565,Mai Vũ,2025-01-26
U02566,Quang Đức Mai,2025-01-23
U02567,Nhật Nguyễn,2025-12-23
U02568,Quý ông Vũ Dương,2024-03-25
U02569,Nam Trần,2025-11-30
U02570,Chị Khoa Đặng,2025-07-13
U02571,Bà Hồng Bùi,2024-07-17
U02572,Bà Thành Hoàng,2025-10-12
U02573,Quý cô An Bùi,2025-06-17
U02574,An Bùi,2024-01-16
U02575,Huy Dương,2025-08-19
U02576,Chi Lê,2024-04-30
U02577,Bà Yến Lê,2025-11-21
U02578,Khoa Quang Dương,2025-11-15
U02579,Quý cô Linh Dương,2025-11-07
U02580,Khoa Trần,2024-06-05
U02581,Nhật Vũ,2024-01-15
U02582,Khoa Xuân Lê,2025-08-12
U02583,An Vũ,2024-01-31
U02584,Hạnh Nguyễn,2024-08-07
U02585,Hải Phạm,2024-02-26
U02586,Thành Mai Bảo Lê,2024-07-12
U02587,Quang Bùi,2025-09-03
U02588,Khoa Mai,2024-11-10
U02589,Chị Duyên Nguyễn,2025-12-30
U02590,Ông Nam Trần,2025-01-30
U02591,Bác Vũ Phạm,2025-05-15
U02592,Mai Bùi,2025-04-05
U02593,Anh Trí Lê,2024-06-02
U02594,An Phạm,2025-09-07
U02595,Quý cô Hạnh Đặng,2024-09-05
U02596,Quý cô Xuân Vũ,2025-12-14
U02597,Bảo Thế Dương,2025-09-12
U02598,Thảo Mai,2024-07-03
U02599,Nhật Tấn Nguyễn,2024-11-15
U02600,An Hoàng,2025-05-26
U02601,Lâm Mai Bảo Nguyễn,2025-01-24
U02602,Duyên Phạm,2025-06-06
U02603,Chị Thành Lê,2025-12-11
U02604,Bác Thành Vũ,2024-03-15
U02605,Ông Vũ Phạm,2024-03-03
U02606,Cô Chi Mai,2025-06-03
U02607,Quang Phú Lê,2024-01-27
U02608,Ông Vũ Dương,2024-02-12
U02609,Bảo Hải Vũ,2024-02-29
U02610,Hạnh Nguyễn,2024-11-03
U02611,Bác Huy Vũ,2025-08-17
U02612,Kim Mai Trần,2025-06-26
U02613,Nam Dương,2025-05-03
U02614,Phương Xuân Đặng,2025-04-14
U02615,Nhiên Nguyễn,2024-12-17
U02616,Quang Mai,2025-08-26
U02617,Hải Vũ,2025-04-02
U02618,Huy Lê,2024-01-13
U02619,An Vũ,2025-05-02
U02620,Bác Tùng Dương,2025-05-28
U02621,Bà Xuân Nguyễn,2025-03-19
U02622,Xuân Trần,2024-07-10
U02623,Hải Đức Nguyễn,2025-04-06
U02624,Phương Bùi,2024-10-29
U02625,Bảo Dương,2024-09-17
U02626,Bác Hưng Hoàng,2025-12-26
U02627,Quý ông Quang Lê,2024-07-03
U02628,Quý cô Phương Hoàng,2024-11-22
U02629,Linh Mai,2025-05-29
U02630,Hạnh Thế Phạm,2025-05-09
U02631,Vũ Bảo Nguyễn,2024-09-02
U02632,Chị An Vũ,2025-03-21
U02633,Nam Dương,2024-11-09
U02634,Nam Lê,2024-02-05
U02635,Thành Đức Phạm,2024-11-21
U02636,Hương Đặng,2024-12-27
U02637,Bảo Hoàng Mai,2025-12-03
U02638,Quý cô Lâm Hoàng,2025-09-13
U02639,Quý cô Lâm Đặng,2025-02-07
U02640,Chị An Đặng,2025-07-31
U02641,Thành Xuân Bùi,2024-01-17
U02642,Duyên Đặng,2025-01-04
U02643,Quý ông Tùng Hoàng,2025-10-11
U02644,Anh Trọng Dương,2024-09-27
U02645,Quý cô Mai Trần,2024-08-04
U02646,Hạnh Thị Mai,2025-12-08
U02647,Trọng Hải Bùi,2025-03-31
U02648,Quý cô Dương Lê,2024-11-09
U02649,Cô Hạnh Trần,2024-02-23
U02650,Khoa Đức Lê,2025-10-26
U02651,Nhật Thế Trần,2024-10-29
U02652,Quý cô Nhật Dương,2025-07-22
U02653,Lâm Hoàng,2025-05-26
U02654,Chị Dương Hoàng,2025-10-18
U02655,Lâm Thế Nguyễn,2025-06-15
U02656,Kim Trần,2024-04-23
U02657,Cô Vân Nguyễn,2024-09-05
U02658,Duyên Mai,2025-08-13
U02659,Ông Châu Nguyễn,2025-05-31
U02660,Tú Trần,2025-07-13
U02661,Chị Yến Bùi,2025-07-16
U02662,Vi Hoàng,2024-10-06
U02663,Huy Quang Trần,2025-05-28
U02664,Ông Tú Đặng,2025-04-24
U02665,Bác Quang Vũ,2024-10-04
U02666,Phúc Đặng,2024-08-09
U02667,Thành Đức Bùi,2024-03-05
U02668,Hạnh Thế Vũ,2024-11-11
U02669,Quý ông Hưng Mai,2025-09-12
U02670,Quý ông Huy Nguyễn,2025-06-10
U02671,Trung Nguyễn,2024-09-21
U02672,Nhật Hữu Lê,2025-06-04
U02673,Phúc Quang Mai,2024-09-25
U02674,Cô Nhật Hoàng,2025-07-15
U02675,Huy Tấn Phạm,2024-12-03
U02676,Nhiên Văn Mai,2024-04-21
U02677,Bà Vi Lê,2024-03-18
U02678,Chị Mai Mai,2025-10-06
U02679,Anh Thành Dương,2024-01-10
U02680,Quang Bảo Hoàng,2025-07-19
U02681,Lan Nguyễn,2025-03-30
U02682,Dũng Hữu Phạm,2024-03-16
U02683,Nhật Văn Dương,2024-10-08
U02684,An Bùi,2024-12-07
U02685,Quý ông Trọng Vũ,2024-05-28
U02686,Cô Khoa Hoàng,2025-09-14
U02687,Nhật Nguyễn,2024-03-02
U02688,Châu Dương,2025-05-16
U02689,Hồng Lê,2024-12-02
U02690,Hạnh Lê,2025-05-08
U02691,Huy Phạm,2024-04-28
U02692,Hồng Vũ,2025-12-23
U02693,Hải Hữu Mai,2025-04-28
U02694,Hồng Mai,2024-06-26
U02695,Cô Mai Mai,2024-06-19
U02696,Duyên Hoàng,2024-09-01
U02697,Nhật Đặng,2024-05-15
U02698,Dũng Hoàng,2024-11-20
U02699,Vân Đặng,2025-03-30
U02700,Chị Nhật Dương,2024-04-12
U02701,Cô Xuân Bùi,2024-07-03
U02702,Dương Bùi,2024-10-23
U02703,Quý cô Lâm Vũ,2025-12-30
U02704,Bảo Đức Trần,2025-01-29
U02705,Quý cô Phương Hoàng,2024-07-23
U02706,Ông Anh Vũ,2024-02-29
U02707,Khoa Nguyễn,2025-06-23
U02708,Huy Văn Trần,2024-12-30
U02709,Chị Dương Mai,2024-03-28
U02710,Chị Linh Hoàng,2024-06-09
U02711,Hà Phú Lê,2025-12-09
U02712,Linh Mai,2025-07-30
U02713,Bà Duyên Nguyễn,2024-06-20
U02714,Bác Huy Nguyễn,2025-03-01
U02715,Quý ông Hưng Phạm,2024-07-04
U02716,Anh Châu Mai,2025-06-16
U02717,Thảo Phạm,2025-10-30
U02718,Phương Hữu Bùi,2024-11-13
U02719,Hưng Bảo Đặng,2025-07-10
U02720,Hưng Bùi,2025-05-09
U02721,Yến Dương,2024-07-18
U02722,Thảo Mai,2024-10-17
U02723,Bác Trọng Đặng,2025-03-14
U02724,Lâm Bùi,2024-02-19
U02725,Quang Đức Mai,2025-03-18
U02726,Phúc Trần,2025-08-06
U02727,Lâm Thị Hoàng,2024-03-03
U02728,Tú Phạm,2025-11-27
U02729,Quý cô Nhật Hoàng,2025-03-05
U02730,Quang Bảo Vũ,2025-12-22
U02731,Lâm Trí Phạm,2024-03-27
U02732,Lan Vũ,2024-11-18
U02733,Anh Trọng Hoàng,2025-07-26
U02734,Quý cô Phương Nguyễn,2024-04-02
U02735,Quang Xuân Lê,2024-04-18
U02736,Quý ông Tú Lê,2025-03-01
U02737,Bảo Dương,2024-01-23
U02738,Thành Mai Bảo Bùi,2025-08-07
U02739,Nhật Dương,2025-01-28
U02740,Anh Thành Vũ,2024-07-22
U02741,Anh Xuân Vũ,2025-06-21
U02742,Anh Mai,2025-06-11
U02743,Bà Bảo Hoàng,2025-06-27
U02744,Chị Chi Trần,2025-02-20
U02745,Hưng Trần,2025-05-21
U02746,Quý cô Nhật Đặng,2024-09-03
U02747,Nhật Phú Dương,2025-06-12
U02748,Cô Hạnh Lê,2024-02-01
U02749,Cô Thành Đặng,2024-01-23
U02750,Châu Lê,2024-05-29
U02751,An Lê,2024-11-04
U02752,Quý ông Quang Đặng,2024-08-16
U02753,Lâm Bùi,2025-12-22
U02754,Thành Hoàng,2025-12-03
U02755,Ông Quang Đặng,2025-09-07
U02756,Vũ Trí Lê,2024-04-26
U02757,Nam Hải Vũ,2024-07-05
U02758,Vũ Hoàng Mai,2025-08-18
U02759,Chị Thảo Đặng,2024-05-12
U02760,Nhật Vũ,2024-11-13
U02761,Quý cô Dương Mai,2024-10-01
U02762,Quang Bùi,2024-06-21
U02763,Phúc Bùi,2024-11-05
U02764,Vân Trần,2024-04-10
U02765,Châu Tấn Bùi,2024-01-08
U02766,Phương Nguyễn,2024-09-10
U02767,Bác Huy Vũ,2024-02-29
U02768,Khoa Bùi,2024-05-27
U02769,Khoa Hải Dương,2025-07-26
U02770,Tú Dương,2024-07-14
U02771,Bà Linh Đặng,2024-12-31
U02772,Bảo Đặng,2024-06-10
U02773,Chị Ánh Nguyễn,2025-11-11
U02774,Lan Dương,2025-01-26
U02775,Vi Nguyễn,2025-01-24
U02776,Nhật Xuân Hoàng,2025-03-19
U02777,Phương Vũ,2025-07-01
U02778,An Đặng,2025-01-19
U02779,Quý cô Bảo Mai,2024-11-26
U02780,Thảo Lê,2025-06-03
U02781,Bà Ánh Dương,2025-04-08
U02782,Quý ông Tú Đặng,2024-04-16
U02783,Bà An Dương,2025-02-05
U02784,Hưng Xuân Hoàng,2024-10-13
U02785,Thành Dương,2025-10-02
U02786,Quý cô Ánh Mai,2025-06-07
U02787,Nhật Bảo Phạm,2024-07-22
U02788,Bác Dũng Lê,2025-06-04
U02789,Hà Đặng,2025-02-15
U02790,Bác Quang Lê,2024-04-05
U02791,Chị Hồng Vũ,2025-09-05
U02792,Khoa Đặng,2024-12-09
U02793,Quý cô Nhật Nguyễn,2025-12-25
U02794,Nhật Hải Bùi,2024-09-14
U02795,Bảo Xuân Nguyễn,2025-04-26
U02796,Hoàng Đặng,2025-01-27
U02797,Cô Nhật Lê,2025-11-29
U02798,Chị Hương Dương,2025-11-15
U02799,Nam Trần,2025-07-22
U02800,Hương Lê,2024-04-01
U02801,Nhật Hoàng,2025-04-27
U02802,Nhiên Bùi,2024-04-05
U02803,Bà Phương Phạm,2025-11-15
U02804,Bảo Bùi,2024-05-23
U02805,Anh Hoàng Dương,2024-07-03
U02806,Hải Hải Mai,2025-12-10
U02807,Nhiên Vũ,2025-12-09
U02808,Phương Dương,2025-06-08
U02809,Kim Phú Phạm,2025-06-14
U02810,Anh Tùng Hoàng,2024-09-09
U02811,Quý ông Nhiên Bùi,2025-08-08
U02812,Tùng Bùi,2024-09-15
U02813,Trọng Hoàng Đặng,2025-12-01
U02814,Chi Vũ,2025-11-27
U02815,Ông Huy Phạm,2024-03-19
U02816,Quang Lê,2025-10-10
U02817,An Đức Vũ,2025-01-01
U02818,Nhật Đức Nguyễn,2024-02-08
U02819,Cô Phương Phạm,2025-05-14
U02820,Hồng Nguyễn,2024-02-12
U02821,Thành Đặng,2025-03-16
U02822,Quý cô Lâm Vũ,2025-06-01
U02823,Ánh Lê,2024-05-27
U02824,Chi Bùi,2024-07-12
U02825,Chị Vi Nguyễn,2024-07-14
U02826,Bảo Bùi,2025-10-22
U02827,Hải Thế Mai,2024-09-30
U02828,Anh Bảo Nguyễn,2024-05-07
U02829,Anh Đặng,2025-07-20
U02830,Chị Lâm Trần,2024-06-18
U02831,Quý ông Huy Vũ,2025-12-17
U02832,Dũng Văn Vũ,2024-04-18
U02833,An Quang Vũ,2025-05-08
U02834,Bác Châu Trần,2024-10-12
U02835,Hạnh Thế Hoàng,2024-10-28
U02836,Dũng Đức Vũ,2025-06-14
U02837,Vân Mai,2025-10-03
U02838,Khoa Hữu Bùi,2024-04-15
U02839,Bảo Phú Bùi,2024-07-09
U02840,Cô Thành Mai,2024-08-26
U02841,Linh Phạm,2024-06-21
U02842,Nhật Mai Bảo Mai,2025-10-12
U02843,Bà Bảo Lê,2025-09-26
U02844,Nhiên Dương,2024-09-27
U02845,Anh Hoàng Nguyễn,2024-09-23
U02846,Nhiên Vũ,2025-01-31
U02847,Quý ông Nam Lê,2024-04-07
U02848,Vi Mai,2025-03-29
U02849,Quý cô Vi Bùi,2024-05-04
U02850,Hạnh Phạm,2025-10-07
U02851,Bà Hạnh Bùi,2025-06-10
U02852,Lan Mai,2024-03-09
U02853,Nhật Đức Đặng,2025-01-04
U02854,Hưng Quang Nguyễn,2025-08-14
U02855,Nhật Thế Đặng,2024-08-05
U02856,Bảo Hoàng,2024-04-17
U02857,Chị Duyên Trần,2025-07-30
U02858,Phương Vũ,2025-02-23
U02859,Bà Lan Nguyễn,2025-12-25
U02860,Bà Nhật Dương,2024-11-15
U02861,An Đặng,2024-03-05
U02862,Dũng Vũ,2024-02-04
U02863,Cô Hạnh Lê,2024-12-17
U02864,Trọng Trần,2024-10-11
U02865,Nhật Vũ,2024-12-24
U02866,Anh Trọng Nguyễn,2024-08-19
U02867,Lâm Phạm,2024-02-18
U02868,An Bảo Phạm,2025-04-14
U02869,Nhật Bùi,2025-02-07
U02870,Vũ Phạm,2025-08-20
U02871,Quang Quang Phạm,2025-09-28
U02872,Ngọc Nguyễn,2024-07-16
U02873,Ông Dũng Nguyễn,2025-10-14
U02874,Nhật Tấn Phạm,2025-04-26
U02875,Bà Vi Hoàng,2024-02-20
U02876,Chị Hà Lê,2025-01-10
U02877,Quang Xuân Vũ,2025-08-10
U02878,Châu Quang Phạm,2024-03-04
U02879,Phương Bảo Vũ,2025-12-04
U02880,Hạnh Dương,2025-10-01
U02881,Bà Lâm Lê,2025-08-23
U02882,Minh Đặng,2025-12-27
U02883,Chị Kim Đặng,2025-12-20
U02884,Anh Minh Phạm,2024-01-05
U02885,Kim Trí Hoàng,2024-09-19
U02886,Anh Hoàng,2024-03-28
U02887,Kim Lê,2025-01-13
U02888,Ông Khoa Nguyễn,2024-05-08
U02889,Kim Dương,2025-12-08
U02890,Quý cô Lâm Phạm,2024-03-24
U02891,Bà Nhật Trần,2025-04-14
U02892,Yến Phạm,2024-11-11
U02893,Quý cô Hương Dương,2025-09-28
U02894,Hạnh Mai Nguyễn,2024-09-08
U02895,Hoàng Mai,2024-07-24
U02896,Duyên Bùi,2024-05-19
U02897,Quý ông Nam Nguyễn,2025-03-01
U02898,Phương Nguyễn,2024-08-09
U02899,Hồng Phạm,2025-06-26
U02900,Hà Trí Mai,2024-03-01
U02901,Bà Hồng Trần,2025-08-16
U02902,Ông Phúc Mai,2025-10-24
U02903,Ánh Phạm,2025-10-29
U02904,Nam Phạm,2024-04-05
U02905,Mai Dương,2024-05-31
U02906,Vũ Thị Lê,2025-03-09
U02907,Quang Thế Mai,2025-08-15
U02908,Trọng Hải Lê,2024-11-04
U02909,Tùng Mai,2025-12-25
U02910,Thành Mai Bảo Hoàng,2024-06-21
U02911,Quang Trần,2024-08-14
U02912,Quý ông Huy Dương,2024-09-17
U02913,Anh Tấn Hoàng,2024-09-26
U02914,Quý cô Yến Hoàng,2024-07-15
U02915,Hạnh Vũ,2024-12-11
U02916,Minh Hoàng,2024-08-21
U02917,Chị Thảo Đặng,2025-10-24
U02918,Hải Trí Lê,2025-02-23
U02919,Hương Đặng,2025-08-19
U02920,Chị Lan Trần,2024-06-17
U02921,Phúc Quang Trần,2024-12-30
U02922,Thành Bùi,2025-07-29
U02923,Tùng Lê,2025-10-17
U02924,Cô Vân Hoàng,2025-11-16
U02925,Trung Xuân Mai,2024-04-14
U02926,Chị Thảo Dương,2024-07-18
U02927,Anh Dũng Trần,2025-04-11
U02928,Phúc Nguyễn,2024-08-02
U02929,Chị Hà Đặng,2025-08-07
U02930,Bảo Trần,2024-01-15
U02931,Lan Hoàng,2025-12-12
U02932,Hải Vũ,2024-07-09
U02933,Quý cô Hải Nguyễn,2024-05-05
U02934,Châu Đức Vũ,2025-02-24
U02935,Quang Xuân Mai,2025-01-07
U02936,Cô Bảo Nguyễn,2025-10-20
U02937,Ông Anh Dương,2025-11-25
U02938,Quý cô Ánh Hoàng,2025-04-07
U02939,Anh Phạm,2024-05-20
U02940,Lâm Hải Bùi,2024-01-19
U02941,Tùng Xuân Lê,2025-04-05
U02942,Khoa Phạm,2025-01-01
U02943,Khoa Thị Trần,2025-07-02
U02944,Vũ Hoàng,2024-07-01
U02945,Nhật Lê,2024-09-09
U02946,Vũ Trí Lê,2024-05-26
U02947,Tú Nguyễn,2024-01-11
U02948,Dũng Trí Đặng,2024-01-21
U02949,Ông Hoàng Hoàng,2025-08-22
U02950,Dũng Trí Hoàng,2025-09-12
U02951,Bác Châu Nguyễn,2025-11-23
U02952,Quang Dương,2024-03-30
U02953,Chị Kim Dương,2024-05-13
U02954,Lâm Thế Nguyễn,2025-12-19
U02955,Phương Đặng,2025-08-13
U02956,Nam Bùi,2025-04-15
U02957,Kim Hoàng,2025-06-06
U02958,Bác Vũ Đặng,2025-02-28
U02959,Vũ Vũ,2025-07-16
U02960,Hạnh Thị Dương,2024-01-26
U02961,An Đặng,2025-06-16
U02962,Ánh Trần,2024-11-05
U02963,Trọng Phạm,2025-07-27
U02964,Anh Hải Hoàng,2024-07-14
U02965,Bác Nhiên Bùi,2024-12-10
U02966,Hà Bùi,2025-01-22
U02967,Thành Hoàng Vũ,2025-10-09
U02968,Khoa Mai,2025-11-30
U02969,Hải Thị Dương,2024-08-05
U02970,Chi Phạm,2025-06-20
U02971,Hải Mai,2025-11-15
U02972,Vân Mai,2025-03-31
U02973,Quý ông Minh Hoàng,2024-12-03
U02974,Thảo Vũ,2025-10-23
U02975,Quý ông Thành Hoàng,2024-02-12
U02976,Nhật Mai,2024-10-02
U02977,Khoa Hải Lê,2025-06-01
U02978,Huy Đặng,2024-09-07
U02979,Quang Vũ,2024-07-30
U02980,Huy Nguyễn,2025-04-06
U02981,Cô Khoa Đặng,2025-10-24
U02982,Anh Huy Lê,2024-05-05
U02983,Chị Nhật Nguyễn,2024-09-30
U02984,Nam Hoàng Vũ,2025-12-15
U02985,Chị Duyên Đặng,2025-09-21
U02986,Hà Thị Bùi,2025-10-26
U02987,Quang Bảo Trần,2024-05-02
U02988,Hoàng Mai Dương,2025-07-19
U02989,Anh Thế Dương,2024-12-30
U02990,Khoa Nguyễn,2025-09-08
U02991,Cô Mai Dương,2025-05-19
U02992,Hồng Bùi,2025-11-18
U02993,Anh Thế Hoàng,2024-03-09
U02994,Anh Thành Bùi,2025-12-07
U02995,Nhiên Bùi,2025-12-06
U02996,Yến Vũ,2025-04-21
U02997,Quý cô Thảo Dương,2025-06-04
U02998,Hà Trí Phạm,2025-04-15
U02999,Tùng Dương,2025-12-01
U03000,Hồng Dương,2024-06-04
U03001,Hải Hoàng,2024-11-07
U03002,Trọng Xuân Nguyễn,2024-05-15
U03003,Quý ông Hoàng Mai,2024-12-28
U03004,Bà Ngọc Dương,2024-01-10
U03005,Tú Đức Trần,2024-01-16
U03006,Khoa Mai Trần,2024-02-08
U03007,Mai Vũ,2025-05-22
U03008,Bà Duyên Vũ,2024-04-21
U03009,Ông Châu Phạm,2024-10-30
U03010,Kim Vũ,2025-02-27
U03011,Thảo Dương,2025-06-08
U03012,Tùng Hoàng Trần,2025-09-02
U03013,Khoa Tấn Đặng,2025-12-20
U03014,Cô Bảo Bùi,2024-07-22
U03015,Quang Quang Đặng,2024-05-29
U03016,Hải Trí Bùi,2025-11-29
U03017,Minh Mai Dương,2024-07-10
U03018,Ánh Dương,2024-01-17
U03019,Thành Đặng,2025-07-28
U03020,Hải Bùi,2024-01-09
U03021,Vũ Phạm,2024-01-03
U03022,Ánh Đặng,2024-01-27
U03023,Bảo Hoàng,2025-04-15
U03024,Nhật Nguyễn,2024-09-30
U03025,Chị Thảo Bùi,2024-09-29
U03026,Hà Vũ,2024-09-16
U03027,Quý cô Thành Lê,2024-06-13
U03028,Dũng Tấn Vũ,2025-09-15
U03029,Quý cô Lâm Phạm,2025-06-22
U03030,Khoa Mai,2025-09-02
U03031,Bác Thành Hoàng,2024-04-04
U03032,Khoa Lê,2025-04-25
U03033,Kim Dương,2025-05-10
U03034,Quý cô Vân Đặng,2024-08-15
U03035,Quý ông Nam Vũ,2025-04-27
U03036,Minh Hoàng,2024-09-30
U03037,Hương Lê,2025-02-14
U03038,Khoa Bảo Phạm,2025-11-06
U03039,Trung Trí Dương,2025-08-23
U03040,Phúc Hữu Vũ,2025-12-08
U03041,Duyên Trần,2025-07-05
U03042,Khoa Phạm,2025-12-03
U03043,Bà Ngọc Bùi,2025-07-29
U03044,Cô Mai Trần,2024-09-06
U03045,Vũ Văn Bùi,2025-11-19
U03046,Nhật Thế Vũ,2024-07-22
U03047,Ông Huy Bùi,2025-12-09
U03048,Bảo Dương,2024-05-11
U03049,Ánh Đặng,2025-04-22
U03050,Bà Hải Phạm,2025-03-29
U03051,Bảo Đức Mai,2025-10-04
U03052,Khoa Phạm,2025-02-02
U03053,Dũng Mai Bảo Vũ,2024-02-21
U03054,Hạnh Văn Vũ,2025-05-12
U03055,Phương Bùi,2024-05-09
U03056,Tùng Hải Vũ,2025-03-31
U03057,Hoàng Phạm,2024-03-19
U03058,Hà Dương,2024-06-10
U03059,Hạnh Thế Hoàng,2025-12-30
U03060,Mai Nguyễn,2025-12-24
U03061,Kim Bảo Nguyễn,2024-06-21
U03062,Anh Bảo Phạm,2024-02-12
U03063,Hạnh Đức Hoàng,2025-02-26
U03064,Nhật Đức Hoàng,2024-12-14
U03065,Phương Mai,2024-09-04
U03066,Chị Bảo Trần,2025-10-30
U03067,Quý cô Xuân Đặng,2024-12-26
U03068,Chị Bảo Hoàng,2025-04-02
U03069,Bác Dũng Bùi,2025-11-03
U03070,Nhật Mai Bảo Dương,2025-04-30
U03071,Quý ông Nhiên Lê,2024-07-17
U03072,Hoàng Lê,2024-04-08
U03073,Minh Nguyễn,2024-01-14
U03074,Nhật Mai Bảo Vũ,2024-04-21
U03075,Huy Phú Nguyễn,2025-05-14
U03076,Hương Lê,2025-03-05
U03077,An Đặng,2025-04-01
U03078,Bà Thảo Vũ,2025-11-18
U03079,Bà Thành Nguyễn,2025-07-18
U03080,Hạnh Lê,2025-05-17
U03081,Chị Nhật Nguyễn,2024-07-16
U03082,Kim Xuân Trần,2024-09-08
U03083,Chị Hải Nguyễn,2024-06-30
U03084,Quý ông Nhiên Mai,2025-11-29
U03085,Thành Vũ,2024-04-20
U03086,Quang Dương,2024-07-22
U03087,Vũ Hải Bùi,2024-11-10
U03088,Hạnh Thị Mai,2024-03-16
U03089,Nhật Xuân Phạm,2025-10-02
U03090,Chị Kim Phạm,2024-02-22
U03091,Nhật Đức Nguyễn,2024-10-19
U03092,Ánh Đặng,2025-11-30
U03093,Tùng Đặng,2024-02-27
U03094,Quang Lê,2024-01-20
U03095,Hạnh Trí Nguyễn,2025-09-19
U03096,Bác Tú Lê,2024-03-05
U03097,Nhật Bùi,2024-10-28
U03098,Hải Hoàng,2025-10-02
U03099,Cô Nhật Hoàng,2025-09-26
U03100,Dũng Thị Dương,2025-04-04
U03101,Bảo Đức Mai,2024-12-26
U03102,Trung Đức Nguyễn,2024-02-06
U03103,Quý cô Hồng Nguyễn,2024-05-23
U03104,Bác Dũng Hoàng,2024-12-02
U03105,Huy Hải Phạm,2025-11-04
U03106,Hương Lê,2025-05-18
U03107,Hưng Đức Hoàng,2024-08-06
U03108,Quang Thế Nguyễn,2025-10-04
U03109,An Đức Nguyễn,2025-01-10
U03110,Trọng Dương,2024-12-28
U03111,Quý cô Ánh Nguyễn,2025-11-06
U03112,Chi Đặng,2024-04-11
U03113,Khoa Lê,2025-01-13
U03114,Nam Hải Bùi,2024-04-16
U03115,Châu Nguyễn,2024-12-03
U03116,Thành Xuân Phạm,2025-12-12
U03117,Thành Vũ,2024-11-16
U03118,Khoa Thị Phạm,2025-10-13
U03119,Nhật Trí Bùi,2024-10-19
U03120,Hải Mai Đặng,2025-07-23
U03121,Quý cô Linh Trần,2024-10-03
U03122,Ông Bảo Mai,2024-06-28
U03123,Minh Mai,2025-04-26
U03124,Cô Ngọc Đặng,2024-05-19
U03125,Châu Đức Lê,2024-08-27
U03126,Bà Vi Phạm,2025-11-12
U03127,Hà Xuân Hoàng,2025-08-29
U03128,Vũ Phạm,2024-12-06
U03129,Bác Trọng Phạm,2025-06-29
U03130,Quý cô Dương Bùi,2025-10-03
U03131,Nhật Đức Bùi,2024-05-03
U03132,Ánh Mai,2024-11-02
U03133,Vân Mai,2025-03-21
U03134,Cô Thảo Vũ,2024-04-19
U03135,Nhiên Mai Đặng,2025-07-08
U03136,Châu Quang Nguyễn,2025-06-27
U03137,Vi Đặng,2024-02-21
U03138,Nhật Lê,2025-11-13
U03139,Trọng Nguyễn,2024-08-09
U03140,Anh Quang Đặng,2024-11-09
U03141,Thành Dương,2025-01-30
U03142,An Hữu Trần,2024-01-14
U03143,Chị Thành Trần,2024-06-17
U03144,Linh Nguyễn,2025-04-29
U03145,Chị Lâm Phạm,2025-02-05
U03146,Nam Phạm,2025-03-04
U03147,Ông Vũ Hoàng,2025-11-29
U03148,Nhật Phạm,2025-01-14
U03149,Cô Khoa Đặng,2025-10-17
U03150,Chị Xuân Phạm,2024-02-05
U03151,An Đặng,2024-10-18
U03152,Ông Trung Phạm,2024-04-06
U03153,Hà Đức Hoàng,2025-11-03
U03154,Cô Thành Đặng,2025-11-27
U03155,Phương Phú Nguyễn,2025-10-25
U03156,Quý cô Lan Lê,2025-11-18
U03157,Bà Thảo Mai,2025-10-15
U03158,Tú Nguyễn,2025-11-04
U03159,Anh Tú Bùi,2025-07-19
U03160,Kim Tấn Nguyễn,2025-10-03
U03161,Bác Tùng Mai,2025-10-24
U03162,Tùng Bảo Đặng,2024-08-09
U03163,Tùng Thế Bùi,2025-02-26
U03164,Lan Bùi,2024-07-17
U03165,Dương Mai,2025-09-21
U03166,Bà An Hoàng,2025-02-21
U03167,Tùng Hữu Vũ,2024-08-17
U03168,Phương Thế Hoàng,2024-11-20
U03169,Phúc Vũ,2025-08-11
U03170,Chị Ánh Hoàng,2024-06-12
U03171,Hưng Mai Bảo Bùi,2025-06-27
U03172,Hải Thế Mai,2024-02-17
U03173,Quý cô Hạnh Phạm,2025-12-21
U03174,Yến Lê,2025-06-14
U03175,Bảo Mai Phạm,2024-09-18
U03176,Nhật Mai,2024-02-23
U03177,Bà Duyên Hoàng,2025-05-24
U03178,Huy Mai Mai,2025-01-19
U03179,Quý cô Xuân Dương,2024-10-28
U03180,Nhật Trần,2024-09-01
U03181,Lâm Hữu Đặng,2024-03-11
U03182,Chị Thành Vũ,2024-10-23
U03183,Mai Vũ,2024-02-19
U03184,Hải Thế Bùi,2025-10-14
U03185,Chi Nguyễn,2024-09-01
U03186,Nhiên Trần,2025-09-02
U03187,Chị Vân Nguyễn,2024-12-07
U03188,Cô Bảo Mai,2025-11-19
U03189,Bảo Bảo Phạm,2024-12-02
U03190,Anh Tùng Dương,2025-03-10
U03191,Vũ Hữu Dương,2024-04-02
U03192,Nhật Lê,2024-01-11
U03193,Phương Văn Hoàng,2025-06-22
U03194,Thành Mai Bảo Vũ,2025-04-10
U03195,Bà Thảo Dương,2025-07-20
U03196,Vi Nguyễn,2025-09-28
U03197,Ông Hưng Lê,2025-01-27
U03198,Lan Lê,2025-05-20
U03199,Bảo Nguyễn,2024-02-08
U03200,Hưng Mai,2025-10-17
U03201,Ông Anh Nguyễn,2024-09-28
U03202,Quý ông Phúc Phạm,2024-02-06
U03203,Nhật Hữu Lê,2025-05-27
U03204,Cô Hạnh Vũ,2025-10-14
U03205,Vi Nguyễn,2025-03-31
U03206,Lâm Hoàng,2024-01-17
U03207,Khoa Đức Vũ,2025-03-24
U03208,Dũng Dương,2024-01-21
U03209,Quý cô Phương Dương,2024-05-24
U03210,Trọng Bùi,2025-04-25
U03211,Nhật Hữu Dương,2024-06-01
U03212,Phương Bùi,2024-03-05
U03213,Trọng Vũ,2024-01-27
U03214,Anh Đức Phạm,2025-12-02
U03215,Hoàng Lê,2024-09-01
U03216,Chị Ánh Lê,2024-02-20
U03217,Hạnh Hữu Phạm,2024-10-06
U03218,Thành Bảo Hoàng,2024-05-14
U03219,Bảo Mai,2024-02-25
U03220,Cô Hạnh Đặng,2025-05-07
U03221,Vân Nguyễn,2024-06-13
U03222,Quý cô Duyên Dương,2024-02-03
U03223,Phương Văn Mai,2025-06-03
U03224,Trọng Trí Lê,2025-11-29
U03225,Bảo Vũ,2025-12-31
U03226,Châu Trí Trần,2024-06-06
U03227,Ngọc Đặng,2025-04-25
U03228,Quý ông Châu Bùi,2025-07-01
U03229,Lâm Bảo Mai,2025-12-23
U03230,Nhật Trần,2025-02-23
U03231,Khoa Dương,2024-07-29
U03232,Hà Đức Đặng,2025-07-06
U03233,Trung Xuân Hoàng,2024-01-20
U03234,Khoa Nguyễn,2025-11-23
U03235,Bà Duyên Nguyễn,2025-03-28
U03236,Ông Dũng Phạm,2025-05-04
U03237,Ngọc Trần,2025-01-09
U03238,Tùng Vũ,2024-09-30
U03239,Trọng Đức Bùi,2024-02-18
U03240,Dũng Lê,2024-07-10
U03241,Hạnh Xuân Hoàng,2025-05-23
U03242,Cô Hồng Đặng,2025-03-12
U03243,Bác Quang Nguyễn,2025-07-12
U03244,Khoa Thế Lê,2024-08-21
U03245,Ông Quang Lê,2025-04-23
U03246,Quý cô Dương Trần,2025-01-30
U03247,Chị Ngọc Đặng,2024-01-26
U03248,Nhật Đức Bùi,2024-09-16
U03249,Nhật Bùi,2025-08-27
U03250,Huy Hoàng Lê,2025-04-01
U03251,Cô Mai Lê,2025-09-24
U03252,Nhật Thị Bùi,2024-09-15
U03253,Chị Khoa Đặng,2024-11-27
U03254,Vân Vũ,2025-04-06
U03255,Hạnh Đặng,2025-12-19
U03256,Vân Mai,2024-08-31
U03257,Quý cô Thành Lê,2024-07-27
U03258,Dũng Tấn Dương,2024-10-09
U03259,Cô Phương Bùi,2025-09-07
U03260,Minh Vũ,2025-06-10
U03261,Quý cô Hồng Bùi,2025-09-13
U03262,Trọng Hoàng,2024-09-26
U03263,Khoa Văn Vũ,2025-04-28
U03264,Bà Bảo Bùi,2024-10-22
U03265,Bà Hồng Phạm,2024-07-19
U03266,Nhiên Tấn Phạm,2025-08-15
U03267,Anh Tùng Đặng,2025-02-12
U03268,Thành Tấn Hoàng,2025-04-20
U03269,Quý cô Hạnh Dương,2025-03-23
U03270,Quý ông Dũng Phạm,2024-04-16
U03271,Mai Hoàng,2024-05-14
U03272,Bà Xuân Trần,2024-11-03
U03273,Cô Vân Dương,2025-08-25
U03274,Châu Bùi,2025-10-23
U03275,Ông Quang Nguyễn,2025-10-19
U03276,Quý ông Trung Vũ,2025-12-27
U03277,Bác Huy Hoàng,2024-09-16
U03278,Linh Nguyễn,2024-11-11
U03279,Kim Hoàng,2024-01-20
U03280,Lan Phạm,2025-10-07
U03281,Ông Phúc Hoàng,2025-03-11
U03282,Nhật Dương,2024-01-21
U03283,Anh Phúc Dương,2025-09-07
U03284,Bà Lan Bùi,2025-03-27
U03285,Thành Hữu Lê,2025-08-02
U03286,Thành Bảo Trần,2024-08-28
U03287,Hải Hữu Phạm,2025-05-10
U03288,Trung Đức Vũ,2024-08-06
U03289,Thành Đặng,2024-11-12
U03290,Tùng Phú Lê,2025-12-18
U03291,An Xuân Nguyễn,2025-11-08
U03292,Ngọc Bùi,2024-12-19
U03293,Bà Khoa Mai,2025-02-10
U03294,Vũ Đức Phạm,2024-02-11
U03295,Vân Dương,2024-07-07
U03296,Dũng Phạm,2025-03-12
U03297,Kim Vũ,2024-06-06
U03298,Lan Lê,2025-05-05
U03299,Phúc Nguyễn,2024-02-05
U03300,Quý ông Thành Lê,2024-05-28
U03301,Khoa Hoàng,2025-10-10
U03302,Ông Vũ Phạm,2025-06-05
U03303,Trọng Lê,2024-04-07
U03304,Bà Hà Vũ,2024-08-26
U03305,Chị Linh Hoàng,2024-05-10
U03306,Quý cô Hương Đặng,2024-07-29
U03307,Thành Mai,2024-09-28
U03308,Bà Phương Lê,2024-07-02
U03309,Chị Duyên Mai,2025-05-18
U03310,Quý ông Nam Lê,2024-11-18
U03311,Chị Hạnh Đặng,2025-08-18
U03312,Khoa Đặng,2024-04-02
U03313,Bác Hưng Phạm,2025-02-08
U03314,Khoa Lê,2024-12-03
U03315,Nhật Nguyễn,2025-05-26
U03316,Yến Đặng,2025-08-27
U03317,Chị Hải Bùi,2024-03-14
U03318,Anh Hoàng Đặng,2024-10-29
U03319,Hải Bùi,2024-04-21
U03320,Chị Lan Vũ,2025-12-24
U03321,Lâm Trí Phạm,2024-12-17
U03322,Quý cô Phương Hoàng,2025-03-26
U03323,Thành Vũ,2025-12-13
U03324,Bảo Xuân Dương,2025-09-27
U03325,Phương Mai Bảo Bùi,2024-05-25
U03326,Cô Nhật Mai,2024-12-11
U03327,Phương Đặng,2025-08-24
U03328,Ông Khoa Mai,2025-07-07
U03329,Quang Tấn Vũ,2024-04-25
U03330,Ông Châu Dương,2025-06-24
U03331,Linh Dương,2024-02-22
U03332,Thành Quang Đặng,2025-07-01
U03333,Hải Bùi,2024-12-12
U03334,Anh Nguyễn,2025-07-13
U03335,Vũ Thị Vũ,2024-01-10
U03336,Anh Hoàng,2024-06-03
U03337,Nhật Thế Lê,2024-11-26
U03338,Vân Dương,2024-03-20
U03339,Kim Hoàng Lê,2025-03-15
U03340,Nhiên Thị Mai,2025-03-13
U03341,Khoa Đức Mai,2024-03-18
U03342,Tùng Dương,2025-12-26
U03343,Ánh Vũ,2025-05-22
U03344,Bác Tùng Hoàng,2024-04-13
U03345,Quý cô Chi Trần,2024-03-23
U03346,Cô Ngọc Bùi,2024-02-07
U03347,Khoa Phạm,2024-11-13
U03348,Hà Mai Mai,2024-09-10
U03349,Bà Ánh Phạm,2025-06-08
U03350,Cô Lâm Mai,2024-03-27
U03351,Quang Đặng,2024-09-08
U03352,Anh Thành Dương,2024-12-15
U03353,Thành Vũ,2024-01-20
U03354,Chị Hà Mai,2024-02-05
U03355,Quý cô Ngọc Phạm,2024-09-20
U03356,Phúc Văn Vũ,2024-11-08
U03357,Cô Thành Bùi,2025-09-14
U03358,Lâm Nguyễn,2024-04-16
U03359,Hồng Vũ,2024-11-29
U03360,Quý ông Dũng Mai,2024-05-23
U03361,Bà Vi Dương,2024-02-06
U03362,Duyên Lê,2024-11-16
U03363,Chị An Dương,2024-12-26
U03364,Cô Khoa Nguyễn,2025-04-06
U03365,Phương Trần,2025-12-24
U03366,Xuân Trần,2024-02-13
U03367,Quang Hoàng,2024-08-02
U03368,Nhiên Thị Phạm,2024-04-21
U03369,Nhật Bùi,2025-07-05
U03370,Mai Bùi,2025-08-31
U03371,Hà Đặng,2025-03-29
U03372,Bảo Trần,2025-01-28
U03373,Ngọc Nguyễn,2025-05-17
U03374,Chị Hà Bùi,2025-04-21
U03375,Vi Phạm,2025-09-29
U03376,Quý cô Duyên Đặng,2025-05-12
U03377,Chị Chi Lê,2025-05-17
U03378,Duyên Dương,2025-09-30
U03379,Quang Thế Trần,2025-12-22
U03380,Kim Trí Lê,2024-09-13
U03381,Linh Trần,2025-03-30
U03382,Nhật Xuân Vũ,2024-05-23
U03383,Ông Trung Nguyễn,2024-05-25
U03384,An Hữu Nguyễn,2025-05-12
U03385,Bảo Tấn Phạm,2024-06-30
U03386,Bà Nhật Mai,2025-04-02
U03387,Quý ông Anh Lê,2025-10-21
U03388,Minh Trần,2024-09-05
U03389,Hoàng Vũ,2025-07-17
U03390,Chi Vũ,2024-10-02
U03391,Bác Quang Dương,2025-10-24
U03392,Tú Nguyễn,2025-05-01
U03393,Quý cô Yến Trần,2025-05-22
U03394,Bảo Đặng,2025-06-25
U03395,Lâm Dương,2025-08-10
U03396,Kim Lê,2025-07-10
U03397,Châu Bùi,2024-09-13
U03398,Cô Vân Nguyễn,2025-12-01
U03399,Nhiên Bùi,2024-08-11
U03400,Khoa Hải Nguyễn,2024-07-02
U03401,Vi Lê,2025-11-08
U03402,Bà Hà Lê,2024-11-24
U03403,Phúc Bảo Dương,2025-05-31
U03404,Quý cô Hà Trần,2025-01-18
U03405,Anh Nam Phạm,2025-01-05
U03406,Cô Xuân Bùi,2025-01-13
U03407,Mai Hoàng,2025-12-19
U03408,Chị Linh Nguyễn,2024-01-31
U03409,Minh Hải Bùi,2025-08-08
U03410,Cô Kim Mai,2024-06-02
U03411,Bà Hà Phạm,2024-06-23
U03412,Hưng Đức Đặng,2024-09-21
U03413,Hải Lê,2024-02-08
U03414,Nhật Thế Lê,2025-09-12
U03415,Cô Lan Lê,2025-12-18
U03416,Linh Lê,2024-05-03
U03417,Khoa Bảo Hoàng,2024-05-25
U03418,Cô Hương Trần,2025-01-05
U03419,Bà Chi Dương,2025-11-30
U03420,Mai Hoàng,2024-02-15
U03421,Linh Mai,2025-05-09
U03422,Chị Thảo Trần,2025-02-08
U03423,Hoàng Mai Bảo Trần,2025-01-03
U03424,Hà Hải Mai,2025-10-10
U03425,Duyên Vũ,2024-01-11
U03426,Quý ông Hoàng Hoàng,2025-04-29
U03427,Kim Văn Trần,2025-08-30
U03428,Ông Châu Hoàng,2024-01-10
U03429,Khoa Đức Đặng,2025-12-16
U03430,Minh Bảo Mai,2024-04-26
U03431,Ông Huy Trần,2024-03-04
U03432,Hải Xuân Hoàng,2024-01-23
U03433,Lâm Nguyễn,2024-03-10
U03434,Hạnh Đức Nguyễn,2025-05-06
U03435,Anh Vũ Dương,2025-03-10
U03436,Bà Mai Lê,2024-05-07
U03437,Tú Hoàng Phạm,2024-02-22
U03438,Cô Vân Hoàng,2024-07-05
U03439,Thành Văn Trần,2025-12-27
U03440,Trọng Đặng,2024-06-27
U03441,Hoàng Văn Bùi,2025-08-03
U03442,Chị Dương Hoàng,2025-07-27
U03443,Cô Lan Đặng,2025-04-04
U03444,Châu Nguyễn,2024-06-18
U03445,Chị Nhật Phạm,2025-08-09
U03446,Anh Huy Trần,2025-06-01
U03447,An Hoàng,2024-10-25
U03448,Anh Nguyễn,2025-06-13
U03449,Cô Hạnh Dương,2024-02-06
U03450,Phúc Thị Hoàng,2024-06-02
U03451,Kim Đặng,2025-09-24
U03452,Hải Xuân Trần,2024-09-13
U03453,Cô Hương Nguyễn,2024-04-14
U03454,Hải Trí Lê,2025-08-12
U03455,Hương Mai,2024-04-22
U03456,Quang Mai,2025-09-12
U03457,Phúc Hoàng,2024-11-18
U03458,Quý cô Ngọc Dương,2025-05-01
U03459,Bà Ánh Hoàng,2024-03-21
U03460,Cô Nhật Nguyễn,2025-10-06
U03461,Hải Dương,2024-11-13
U03462,Chị Ánh Vũ,2025-10-09
U03463,Lâm Đức Bùi,2024-02-17
U03464,Ông Dũng Trần,2024-07-09
U03465,Cô Phương Dương,2025-03-05
U03466,Hải Nguyễn,2024-10-20
U03467,Khoa Mai Bảo Dương,2024-03-20
U03468,Khoa Mai Vũ,2024-12-10
U03469,Quý ông Quang Bùi,2024-07-21
U03470,Bà Mai Dương,2025-07-08
U03471,Hạnh Vũ,2024-12-02
U03472,Xuân Hoàng,2024-03-06
U03473,Khoa Quang Vũ,2024-04-24
U03474,Ánh Bùi,2024-11-24
U03475,Tú Văn Phạm,2025-01-22
U03476,Anh Dũng Vũ,2025-03-17
U03477,Minh Mai Trần,2025-11-06
U03478,Trọng Trí Phạm,2024-12-12
U03479,Anh Nam Dương,2025-01-03
U03480,Bà Kim Dương,2024-11-01
U03481,Bà Ánh Hoàng,2025-12-07
U03482,Huy Xuân Phạm,2024-12-19
U03483,Kim Thị Nguyễn,2025-04-16
U03484,Minh Mai,2024-04-14
U03485,Lâm Tấn Nguyễn,2024-07-29
U03486,Chị Nhật Bùi,2025-03-21
U03487,Chị Ngọc Trần,2024-09-15
U03488,Anh Hoàng Mai,2025-04-12
U03489,Quý cô Nhật Mai,2025-04-04
U03490,Anh Hưng Phạm,2024-10-16
U03491,Trung Đặng,2025-01-18
U03492,Thành Mai Trần,2025-09-09
U03493,Phương Đặng,2025-09-22
U03494,Bà Xuân Bùi,2025-04-09
U03495,Quý ông Hưng Dương,2025-01-18
U03496,Cô Thành Dương,2025-08-12
U03497,Nam Hoàng Bùi,2025-01-22
U03498,Anh Minh Nguyễn,2025-04-02
U03499,Quý cô Hạnh Vũ,2024-05-04
U03500,Cô Duyên Phạm,2025-08-18
U03501,Châu Thị Lê,2024-12-25
U03502,Lâm Trần,2025-02-20
U03503,An Đức Nguyễn,2025-05-22
U03504,Minh Nguyễn,2024-06-24
U03505,Hạnh Phạm,2024-12-04
U03506,Bà Hải Bùi,2025-09-06
U03507,Hương Hoàng,2025-07-19
U03508,Anh Nhiên Bùi,2025-04-17
U03509,Trọng Dương,2024-05-08
U03510,Quý ông Nam Phạm,2024-12-31
U03511,Cô Phương Dương,2025-05-09
U03512,Yến Vũ,2025-01-30
U03513,Lâm Trần,2024-10-23
U03514,Cô Khoa Trần,2024-03-25
U03515,Nhiên Xuân Dương,2024-08-08
U03516,Thành Mai,2025-06-08
U03517,Hưng Bùi,2025-03-13
U03518,Nhật Vũ,2024-01-09
U03519,Vũ Mai Phạm,2024-08-31
U03520,Quang Bùi,2025-08-29
U03521,Bác Vũ Nguyễn,2024-07-05
U03522,Ông Dũng Nguyễn,2025-12-04
U03523,Vũ Trí Trần,2025-03-23
U03524,Chị Hương Đặng,2024-11-05
U03525,Hạnh Bảo Vũ,2024-04-18
U03526,Yến Phạm,2024-03-24
U03527,Chị Hải Bùi,2024-02-24
U03528,Trung Trí Mai,2024-08-01
U03529,Bà Thành Đặng,2025-03-05
U03530,Quý cô Nhật Dương,2025-01-15
U03531,Phương Xuân Trần,2024-11-20
U03532,Bác Phúc Mai,2025-07-18
U03533,Thành Hoàng Trần,2025-07-21
U03534,Cô An Đặng,2025-11-01
U03535,Bảo Mai,2025-03-08
U03536,Quý cô Ngọc Lê,2025-05-21
U03537,Chị Ngọc Phạm,2024-03-26
U03538,Quý ông Bảo Dương,2025-04-06
U03539,An Mai,2025-12-13
U03540,Quý cô An Nguyễn,2024-05-05
U03541,Anh Nhiên Lê,2024-05-22
U03542,Quang Quang Nguyễn,2024-01-17
U03543,Chị Chi Trần,2024-06-09
U03544,Ông Huy Lê,2024-05-09
U03545,Anh Thành Mai,2024-02-10
U03546,Yến Đặng,2025-09-26
U03547,Mai Dương,2024-08-29
U03548,Hưng Phạm,2025-05-01
U03549,Bà Khoa Mai,2025-05-30
U03550,Anh Vũ Bùi,2024-05-01
U03551,Bác Phúc Trần,2024-08-26
U03552,Chị Kim Bùi,2024-02-09
U03553,Quý ông Hoàng Nguyễn,2024-11-25
U03554,Quý cô Ánh Nguyễn,2024-05-28
U03555,Ánh Vũ,2024-10-27
U03556,Xuân Nguyễn,2024-09-12
U03557,Bảo Phạm,2024-06-13
U03558,Quang Mai,2024-04-07
U03559,Ánh Phạm,2024-11-07
U03560,Quý cô Hạnh Dương,2024-08-20
U03561,Anh Tùng Bùi,2024-07-03
U03562,Bảo Nguyễn,2025-06-22
U03563,Bà Dương Phạm,2025-10-04
U03564,Thành Phú Lê,2025-05-23
U03565,Quý cô Lâm Phạm,2025-08-27
U03566,Kim Quang Phạm,2024-03-17
U03567,Hoàng Đức Vũ,2025-01-28
U03568,Chi Bùi,2025-07-31
U03569,Quý cô Hà Lê,2025-05-14
U03570,Nhật Mai,2024-07-24
U03571,Bà Ánh Bùi,2024-01-05
U03572,Quý cô Bảo Lê,2024-03-08
U03573,Anh Quang Vũ,2024-06-29
U03574,Trung Dương,2025-10-06
U03575,Anh Mai,2024-01-06
U03576,Quý cô Duyên Đặng,2025-01-12
U03577,Chị Duyên Đặng,2025-10-03
U03578,Khoa Bảo Nguyễn,2025-11-15
U03579,Khoa Mai Hoàng,2024-09-30
U03580,Thành Bùi,2025-05-22
U03581,Hoàng Tấn Bùi,2025-02-26
U03582,Duyên Nguyễn,2024-08-08
U03583,Ông Nam Dương,2024-04-04
U03584,Bác Nhiên Hoàng,2025-04-30
U03585,Phương Lê,2024-08-26
U03586,Hạnh Trần,2024-05-22
U03587,Nhật Dương,2024-07-05
U03588,Thành Mai Hoàng,2024-10-14
U03589,Quý cô Thảo Phạm,2025-12-26
U03590,Kim Mai,2024-07-29
U03591,Phương Đức Đặng,2025-05-07
U03592,Cô Thành Trần,2025-12-29
U03593,Thành Đặng,2025-08-29
U03594,Chị An Mai,2025-03-09
U03595,Châu Hoàng,2025-01-05
U03596,Chị Hà Đặng,2025-02-17
U03597,Bà Duyên Đặng,2024-01-19
U03598,Phúc Trần,2025-12-18
U03599,Quang Phú Bùi,2024-09-08
U03600,Chị Hải Nguyễn,2025-01-14
U03601,Huy Dương,2024-05-01
U03602,Minh Vũ,2024-10-09
U03603,Bảo Hải Trần,2024-12-05
U03604,Hà Mai Bùi,2024-04-22
U03605,Phương Hải Lê,2025-11-29
U03606,Hạnh Bùi,2024-11-26
U03607,Quý ông Quang Lê,2025-11-20
U03608,Tú Đặng,2025-11-05
U03609,Hưng Nguyễn,2025-03-13
U03610,Nhật Vũ,2024-09-29
U03611,Vi Phạm,2025-07-10
U03612,Quang Xuân Dương,2025-05-14
U03613,Hưng Bảo Đặng,2025-06-21
U03614,Chị Linh Dương,2024-03-30
U03615,Cô Duyên Lê,2025-02-13
U03616,Bảo Hoàng Phạm,2024-05-10
U03617,Cô Thành Nguyễn,2024-12-14
U03618,Bác Minh Dương,2025-11-09
U03619,Hưng Nguyễn,2025-12-07
U03620,Châu Trần,2025-12-22
U03621,Tú Hoàng,2024-07-07
U03622,Cô Vân Đặng,2025-11-05
U03623,Tùng Phạm,2024-03-11
U03624,Hà Hoàng,2025-10-23
U03625,Tú Bùi,2024-12-11
U03626,Duyên Đặng,2024-10-14
U03627,Hương Hoàng,2025-08-19
U03628,Ông Vũ Đặng,2024-09-05
U03629,Anh Trọng Hoàng,2025-09-06
U03630,Quang Mai Bảo Hoàng,2025-05-20
U03631,Dũng Thị Trần,2024-03-18
U03632,Anh Tú Nguyễn,2025-04-02
U03633,Vi Dương,2024-05-19
U03634,Quý cô Mai Bùi,2024-07-14
U03635,Anh Vũ Lê,2024-03-28
U03636,Hải Thị Nguyễn,2025-05-15
U03637,Vũ Vũ,2025-08-03
U03638,Ông Vũ Hoàng,2024-07-14
U03639,Thảo Phạm,2025-08-29
U03640,Vân Vũ,2025-10-03
U03641,Hải Mai,2024-04-05
U03642,Quý ông Quang Phạm,2025-05-12
U03643,Quý cô Dương Vũ,2025-07-03
U03644,Bảo Bảo Phạm,2025-01-05
U03645,Vân Phạm,2024-05-15
U03646,Ánh Bùi,2024-07-14
U03647,Anh Anh Lê,2025-06-26
U03648,Hà Phú Trần,2024-08-27
U03649,Anh Quang Bùi,2025-02-08
U03650,Hồng Vũ,2025-10-15
U03651,Phương Thị Mai,2025-06-18
U03652,Hưng Nguyễn,2025-08-02
U03653,Ông Phúc Dương,2024-02-15
U03654,Hưng Bùi,2025-12-26
U03655,Nhật Đặng,2024-08-13
U03656,Bảo Thị Lê,2024-08-04
U03657,Anh Thế Hoàng,2025-07-22
U03658,Minh Dương,2024-07-10
U03659,Bà Vân Mai,2024-11-11
U03660,Bác Trọng Đặng,2025-08-29
U03661,Vũ Tấn Mai,2025-11-24
U03662,Anh Thành Dương,2024-08-12
U03663,Quý ông Tùng Bùi,2025-06-28
U03664,Quang Dương,2024-09-17
U03665,Bà Vân Lê,2025-09-01
U03666,Tú Đặng,2025-09-25
U03667,Lâm Bảo Phạm,2025-09-23
U03668,Nhật Trí Trần,2024-02-09
U03669,Bà Lan Hoàng,2025-08-21
U03670,Quý cô Linh Mai,2025-02-27
U03671,Lâm Bảo Trần,2025-08-03
U03672,Cô Linh Hoàng,2025-06-01
U03673,Cô Vi Bùi,2024-06-10
U03674,Chị Bảo Trần,2025-07-07
U03675,Bà Xuân Phạm,2025-02-28
U03676,Chị Kim Đặng,2024-11-20
U03677,Anh Quang Đặng,2024-09-22
U03678,Linh Mai,2024-10-21
U03679,Ông Nam Mai,2025-08-15
U03680,Trọng Dương,2024-12-04
U03681,Anh Anh Đặng,2024-05-17
U03682,Lâm Vũ,2025-09-06
U03683,Phương Phạm,2024-10-18
U03684,Trọng Đức Lê,2024-08-27
U03685,Hoàng Nguyễn,2025-11-07
U03686,Cô Lan Bùi,2025-08-16
U03687,Quý cô Thảo Nguyễn,2024-06-26
U03688,Huy Tấn Bùi,2025-09-21
U03689,Anh Xuân Mai,2025-04-17
U03690,Khoa Mai,2025-09-07
U03691,Ông Nhiên Lê,2025-05-15
U03692,Chị Nhật Nguyễn,2024-06-29
U03693,Bảo Hoàng Hoàng,2024-07-30
U03694,Hưng Phú Đặng,2024-04-05
U03695,Bà Ngọc Hoàng,2024-04-18
U03696,Khoa Vũ,2024-02-21
U03697,Nhiên Phú Hoàng,2025-08-04
U03698,Khoa Phạm,2024-02-02
U03699,An Văn Vũ,2024-06-02
U03700,An Mai Nguyễn,2025-04-22
U03701,Quý cô Khoa Phạm,2024-12-04
U03702,Minh Đặng,2025-11-14
U03703,Chị Nhật Lê,2024-05-07
U03704,Minh Văn Hoàng,2025-07-27
U03705,Quý cô Nhật Bùi,2025-10-22
U03706,Minh Nguyễn,2025-02-25
U03707,Nhiên Hoàng Đặng,2025-01-18
U03708,Quý ông Anh Hoàng,2025-08-14
U03709,Quang Dương,2025-01-14
U03710,Quý cô Phương Nguyễn,2025-08-17
U03711,Quý cô Mai Phạm,2025-03-12
U03712,Quý ông Bảo Mai,2025-05-04
U03713,Ngọc Phạm,2025-01-07
U03714,Dũng Hoàng,2025-01-26
U03715,Hưng Mai Lê,2024-10-15
U03716,Hạnh Thế Dương,2025-08-24
U03717,Trọng Thị Vũ,2024-06-09
U03718,Hồng Hoàng,2024-05-26
U03719,Bà An Trần,2024-08-28
U03720,Hạnh Mai,2025-11-14
U03721,Cô Hồng Hoàng,2024-05-01
U03722,Bà Xuân Bùi,2025-11-23
U03723,Bác Vũ Bùi,2025-03-24
U03724,Hạnh Lê,2025-12-11
U03725,Hồng Phạm,2024-04-23
U03726,Xuân Nguyễn,2024-03-21
U03727,Hoàng Trí Đặng,2025-08-27
U03728,Chị Bảo Đặng,2025-10-01
U03729,Lâm Hoàng,2025-02-26
U03730,Cô Hạnh Lê,2024-09-04
U03731,Quý cô Thảo Lê,2025-05-28
U03732,Trọng Văn Phạm,2024-06-01
U03733,Hà Hoàng,2024-09-15
U03734,Hải Vũ,2025-01-02
U03735,Kim Trần,2024-11-20
U03736,Hương Vũ,2024-11-05
U03737,Chi Hoàng,2024-05-09
U03738,Ngọc Hoàng,2024-10-17
U03739,Anh Minh Đặng,2024-01-05
U03740,Hạnh Trí Phạm,2025-11-09
U03741,Hưng Quang Dương,2025-05-14
U03742,Chị Nhật Dương,2025-12-15
U03743,An Hoàng Phạm,2024-04-29
U03744,Hà Phú Dương,2025-11-07
U03745,Bà An Vũ,2024-09-16
U03746,Vi Dương,2025-12-20
U03747,Vi Mai,2025-03-06
U03748,Dũng Mai,2025-09-21
U03749,Thành Hoàng,2024-04-26
U03750,Ngọc Bùi,2025-08-28
U03751,An Đặng,2025-04-13
U03752,Chị Nhật Trần,2024-02-13
U03753,Minh Thế Đặng,2025-10-08
U03754,Quang Tấn Lê,2024-04-03
U03755,Bà Thành Bùi,2024-04-11
U03756,Khoa Hữu Mai,2025-12-11
U03757,Phúc Mai,2024-07-17
U03758,Nhật Vũ,2024-04-28
U03759,Châu Lê,2025-02-28
U03760,Chị Thành Hoàng,2024-05-13
U03761,Chị Nhật Trần,2025-10-09
U03762,Vi Dương,2025-02-08
U03763,Bác Huy Vũ,2025-06-10
U03764,Cô Chi Nguyễn,2024-08-30
U03765,Cô Nhật Nguyễn,2025-06-11
U03766,Kim Đức Vũ,2025-01-16
U03767,Linh Nguyễn,2025-01-22
U03768,Vi Dương,2024-03-14
U03769,Cô Duyên Bùi,2025-05-01
U03770,Cô Linh Hoàng,2024-05-13
U03771,Lâm Trần,2024-09-06
U03772,Bà An Dương,2024-05-28
U03773,Kim Xuân Dương,2025-03-14
U03774,Hà Nguyễn,2024-05-09
U03775,Anh Nam Hoàng,2025-05-06
U03776,Cô Thảo Mai,2025-09-10
U03777,An Tấn Trần,2025-11-02
U03778,Hải Vũ,2025-12-12
U03779,Bảo Nguyễn,2025-06-12
U03780,Hạnh Bùi,2025-11-04
U03781,Nhật Mai Bảo Phạm,2024-10-02
U03782,Ông Trung Trần,2024-05-24
U03783,Yến Mai,2025-10-10
U03784,Bà Khoa Bùi,2025-04-19
U03785,Chị Hà Dương,2024-07-20
U03786,Quý cô Duyên Mai,2024-05-08
U03787,Hương Đặng,2024-08-23
U03788,Nhiên Đức Phạm,2025-10-29
U03789,Khoa Lê,2024-05-14
U03790,Quý ông Anh Vũ,2025-03-12
U03791,Duyên Nguyễn,2025-02-23
U03792,Anh Tú Hoàng,2025-09-12
U03793,Cô Hương Nguyễn,2024-12-13
U03794,Cô Phương Đặng,2024-07-19
U03795,Chi Bùi,2024-12-08
U03796,Quý ông Quang Hoàng,2024-11-05
U03797,Chị Chi Hoàng,2025-11-19
U03798,Châu Phú Phạm,2024-07-05
U03799,Chị Phương Mai,2025-03-15
U03800,Trọng Dương,2025-09-22
U03801,Bà Ánh Vũ,2024-02-22
U03802,Thành Hoàng Trần,2024-03-16
U03803,Châu Trần,2025-07-29
U03804,Châu Bảo Hoàng,2025-03-01
U03805,Chị Nhật Trần,2025-12-19
U03806,Thành Bảo Đặng,2024-05-01
U03807,Tùng Vũ,2025-10-15
U03808,Nam Lê,2024-05-14
U03809,Linh Hoàng,2024-11-21
U03810,Cô Yến Hoàng,2025-11-07
U03811,Trung Dương,2025-04-19
U03812,Bà Lan Dương,2025-09-17
U03813,Khoa Hoàng,2024-12-23
U03814,Lâm Vũ,2025-12-16
U03815,Tú Đặng,2025-11-24
U03816,Anh Huy Đặng,2024-12-16
U03817,Ngọc Hoàng,2024-12-25
U03818,Thành Phú Hoàng,2025-12-21
U03819,Cô Vi Nguyễn,2024-12-18
U03820,Hoàng Nguyễn,2024-10-01
U03821,Kim Đức Lê,2024-08-14
U03822,Linh Dương,2024-08-05
U03823,An Hoàng,2025-08-20
U03824,Quý cô Khoa Dương,2024-03-25
U03825,Quý ông Dũng Đặng,2025-11-15
U03826,Cô Hương Dương,2024-07-27
U03827,Anh Châu Nguyễn,2024-12-07
U03828,Bà Ngọc Nguyễn,2025-01-23
U03829,Bà Khoa Bùi,2024-03-09
U03830,Vi Bùi,2024-05-27
U03831,Khoa Đức Phạm,2025-03-04
U03832,Bà Linh Phạm,2025-06-08
U03833,Châu Đức Phạm,2024-03-23
U03834,Ông Hưng Đặng,2025-06-14
U03835,Ngọc Trần,2025-02-12
U03836,Thành Hoàng Bùi,2024-02-20
U03837,Lâm Bùi,2025-06-15
U03838,Huy Phạm,2025-07-05
U03839,Lan Dương,2025-04-20
U03840,Bà Lan Mai,2025-09-02
U03841,Bà Lâm Vũ,2024-02-04
U03842,Bà Hạnh Hoàng,2025-12-13
U03843,Cô Nhật Vũ,2025-02-22
U03844,Phương Tấn Đặng,2025-08-13
U03845,Bác Bảo Phạm,2025-05-29
U03846,Chị Kim Nguyễn,2024-08-05
U03847,Nhiên Hải Lê,2024-11-06
U03848,Yến Nguyễn,2025-10-07
U03849,Cô Yến Bùi,2024-12-31
U03850,Quang Quang Nguyễn,2025-03-25
U03851,Lâm Thị Lê,2024-08-08
U03852,Ông Trọng Lê,2024-12-15
U03853,Anh Đặng,2024-11-26
U03854,Hưng Bùi,2024-08-02
U03855,Ông Vũ Lê,2024-07-08
U03856,Trọng Bùi,2024-10-06
U03857,Kim Nguyễn,2025-01-14
U03858,Quý cô Thành Lê,2024-05-17
U03859,Trọng Bảo Mai,2024-03-22
U03860,Minh Văn Dương,2025-02-11
U03861,Chị Chi Trần,2024-06-29
U03862,Bác Phúc Hoàng,2025-02-19
U03863,Bảo Bùi,2025-09-30
U03864,Khoa Văn Mai,2025-10-10
U03865,Hải Hoàng,2024-12-04
U03866,Kim Đặng,2025-12-23
U03867,Hải Phạm,2025-08-03
U03868,Anh Minh Hoàng,2024-10-21
U03869,Trọng Đức Bùi,2025-08-22
U03870,Phúc Mai Lê,2024-12-03
U03871,Bác Minh Trần,2024-03-05
U03872,Nhật Thế Bùi,2024-09-06
U03873,Nhiên Mai,2025-11-12
U03874,Anh Trọng Bùi,2025-09-23
U03875,Anh Dương,2024-10-12
U03876,Quý cô Lâm Hoàng,2024-09-12
U03877,Trung Lê,2024-05-30
U03878,Tùng Hoàng Mai,2024-07-09
U03879,Quý cô Nhật Dương,2024-03-24
U03880,Yến Mai,2024-10-26
U03881,Quý ông Tú Bùi,2024-11-22
U03882,Quý cô Hà Mai,2025-01-28
U03883,Tùng Bùi,2025-10-02
U03884,Quý cô Mai Vũ,2025-08-13
U03885,Hạnh Trí Mai,2024-10-29
U03886,Hải Bùi,2025-12-24
U03887,Quý cô Dương Mai,2025-08-27
U03888,Thảo Trần,2025-03-15
U03889,Chi Dương,2025-01-26
U03890,Ông Hưng Đặng,2024-09-28
U03891,Anh Hưng Bùi,2025-04-22
U03892,Bác Châu Dương,2025-01-02
U03893,Ông Tùng Nguyễn,2024-05-22
U03894,Quý ông Quang Trần,2025-06-21
U03895,Chị Hải Trần,2025-03-15
U03896,Bảo Bùi,2025-12-17
U03897,Bác Quang Trần,2025-12-28
U03898,Hưng Tấn Nguyễn,2025-08-11
U03899,Nhật Mai,2025-09-06
U03900,Ông Khoa Lê,2025-06-14
U03901,Anh Tấn Mai,2025-08-15
U03902,Anh Hoàng,2024-08-05
U03903,Vũ Bùi,2025-10-21
U03904,Xuân Trần,2024-10-18
U03905,Tùng Trần,2024-02-02
U03906,Nhật Nguyễn,2024-02-10
U03907,Cô Kim Bùi,2025-02-24
U03908,Anh Bùi,2024-02-03
U03909,Lan Đặng,2024-05-08
U03910,Chị Hương Dương,2024-11-04
U03911,Hưng Mai Bảo Dương,2024-11-16
U03912,Tùng Vũ,2024-12-03
U03913,Anh Quang Dương,2025-11-23
U03914,Nhật Hải Bùi,2024-05-27
U03915,Ông Hưng Dương,2025-12-31
U03916,Hưng Phạm,2025-03-18
U03917,Phương Quang Nguyễn,2025-08-10
U03918,Kim Phạm,2025-04-01
U03919,Chị Linh Dương,2024-10-27
U03920,Khoa Phạm,2024-08-02
U03921,Quý ông Trung Vũ,2024-04-05
U03922,Chị Hải Nguyễn,2024-09-16
U03923,Cô Hạnh Dương,2025-12-19
U03924,Bà Hải Vũ,2024-01-13
U03925,Cô Ánh Nguyễn,2025-08-26
U03926,Khoa Hoàng,2025-04-03
U03927,Hương Trần,2025-08-15
U03928,Thành Đức Vũ,2024-03-31
U03929,Tùng Hoàng,2025-11-24
U03930,An Mai,2024-03-03
U03931,Cô Phương Trần,2024-05-25
U03932,Cô Vân Hoàng,2024-07-24
U03933,Dương Lê,2025-12-23
U03934,Dũng Quang Lê,2025-12-29
U03935,Anh Dũng Mai,2025-05-30
U03936,Quang Mai,2024-06-26
U03937,Bà Ánh Hoàng,2024-02-03
U03938,Nhiên Bùi,2025-11-20
U03939,An Hoàng Mai,2025-02-10
U03940,An Hoàng,2025-06-28
U03941,Hưng Phạm,2025-03-10
U03942,Bà Phương Lê,2024-06-21
U03943,Bà Chi Nguyễn,2024-09-30
U03944,Anh Trung Vũ,2024-09-16
U03945,Cô Dương Trần,2024-06-04
U03946,Nhật Phú Nguyễn,2024-06-13
U03947,Khoa Đức Hoàng,2024-12-03
U03948,Phúc Mai,2025-03-11
U03949,Thành Trí Trần,2024-10-14
U03950,Nam Dương,2024-11-08
U03951,Châu Bùi,2025-01-06
U03952,Tùng Hoàng,2024-08-15
U03953,Nam Phú Hoàng,2024-05-31
U03954,Ông Trọng Bùi,2025-07-31
U03955,Chị Thành Đặng,2025-04-10
U03956,Bà Khoa Hoàng,2025-01-19
U03957,Trung Đặng,2024-12-31
U03958,Ông Vũ Phạm,2025-05-30
U03959,Chị Chi Phạm,2024-05-05
U03960,Quý ông Tùng Phạm,2024-08-24
U03961,Quý cô Yến Lê,2025-01-10
U03962,Vân Đặng,2024-03-18
U03963,Duyên Vũ,2024-04-01
U03964,Bà Ánh Bùi,2025-12-28
U03965,Bác Nhiên Phạm,2025-07-30
U03966,Nhật Lê,2025-06-05
U03967,Chị Lan Trần,2024-06-17
U03968,Hoàng Đức Dương,2025-12-12
U03969,Nam Lê,2024-09-26
U03970,Quý ông Quang Vũ,2024-05-01
U03971,Phương Hải Dương,2024-10-27
U03972,Nhật Bùi,2025-10-07
U03973,Thành Phạm,2024-08-05
U03974,An Nguyễn,2024-03-22
U03975,Linh Bùi,2025-02-19
U03976,Thảo Vũ,2024-04-08
U03977,Quý cô Hà Mai,2025-04-16
U03978,Ông Tùng Phạm,2024-01-03
U03979,Chị Lâm Lê,2024-01-04
U03980,Xuân Bùi,2025-12-29
U03981,Cô Khoa Dương,2024-11-18
U03982,Nhiên Hoàng Trần,2024-01-18
U03983,Vân Phạm,2024-11-15
U03984,Anh Quang Hoàng,2024-05-09
U03985,An Hoàng Bùi,2025-04-21
U03986,Hương Bùi,2025-06-13
U03987,Nam Thế Dương,2025-08-19
U03988,Nhật Nguyễn,2025-12-14
U03989,Nhật Xuân Phạm,2024-03-17
U03990,Linh Nguyễn,2025-08-24
U03991,Anh Anh Mai,2025-10-12
U03992,Thành Đức Hoàng,2025-03-02
U03993,Quý cô Thảo Mai,2024-06-21
U03994,Lâm Phú Lê,2025-05-24
U03995,Bà Xuân Phạm,2025-03-20
U03996,Lâm Dương,2024-09-19
U03997,Bà Phương Đặng,2025-02-27
U03998,Bà Xuân Mai,2024-09-01
U03999,Anh Mai,2024-09-01
U04000,Chị Hải Hoàng,2024-07-22
U04001,Khoa Đức Nguyễn,2025-07-07
U04002,Trung Phú Bùi,2025-01-14
U04003,Hoàng Lê,2024-09-18
U04004,Nhật Dương,2025-09-23
U04005,Chị Thành Hoàng,2024-02-18
U04006,Bác Minh Lê,2024-02-21
U04007,Bảo Hoàng,2025-01-07
U04008,Bà Mai Bùi,2024-09-07
U04009,Linh Đặng,2025-08-27
U04010,Ông Nam Vũ,2025-01-21
U04011,Bà Chi Đặng,2025-03-21
U04012,Tùng Đức Bùi,2024-10-26
U04013,Huy Bùi,2025-07-12
U04014,Duyên Dương,2024-06-24
U04015,Nam Hoàng Phạm,2025-03-21
U04016,Hưng Xuân Hoàng,2024-02-18
U04017,Hà Đức Lê,2025-08-20
U04018,Chị Ánh Hoàng,2025-03-05
U04019,Ánh Dương,2024-10-08
U04020,Nhật Bùi,2024-06-22
U04021,Chị Phương Lê,2024-12-23
U04022,Lan Vũ,2024-01-21
U04023,Anh Anh Vũ,2025-06-05
U04024,Kim Đức Dương,2025-03-26
U04025,Nhiên Lê,2024-08-20
U04026,Hà Trí Bùi,2025-11-14
U04027,Huy Tấn Đặng,2025-09-22
U04028,Ông Vũ Lê,2025-11-17
U04029,Thành Dương,2024-02-23
U04030,Chị Hương Vũ,2025-12-22
U04031,Chị Chi Đặng,2024-05-06
U04032,Xuân Phạm,2025-06-25
U04033,Anh Thế Mai,2025-04-12
U04034,Quý cô Ngọc Phạm,2024-08-15
U04035,Cô Nhật Vũ,2025-06-15
U04036,Chị Duyên Nguyễn,2024-12-22
U04037,Anh Phúc Phạm,2024-05-31
U04038,Duyên Đặng,2024-03-07
U04039,Hải Quang Lê,2025-06-27
U04040,Châu Trần,2025-09-22
U04041,Bảo Trần,2024-01-08
U04042,Ông Khoa Dương,2025-12-20
U04043,Ông Huy Đặng,2025-12-19
U04044,Vũ Hoàng,2025-04-07
U04045,Hải Mai Bảo Hoàng,2025-05-11
U04046,Tú Phạm,2024-05-27
U04047,Vũ Mai Bảo Bùi,2025-06-24
U04048,Nam Thế Vũ,2025-12-11
U04049,An Phạm,2025-12-02
U04050,Phương Hải Nguyễn,2024-09-27
U04051,Bà Khoa Dương,2025-10-03
U04052,Quý cô Lâm Mai,2025-08-01
U04053,Chị Hà Vũ,2024-03-15
U04054,Hà Mai Nguyễn,2025-05-03
U04055,Trung Mai,2024-01-19
U04056,Ông Bảo Mai,2024-01-14
U04057,Bảo Nguyễn,2025-11-23
U04058,Thành Đặng,2024-08-07
U04059,Quý ông Nhiên Vũ,2025-10-02
U04060,Nhật Thế Hoàng,2025-10-12
U04061,Quý cô Hải Đặng,2024-08-02
U04062,Thảo Trần,2025-07-01
U04063,Hồng Mai,2025-08-10
U04064,Bảo Văn Vũ,2025-07-18
U04065,Khoa Vũ,2025-08-02
U04066,Quý cô Xuân Đặng,2024-06-30
U04067,Vũ Thị Hoàng,2024-02-02
U04068,Hưng Thị Hoàng,2024-09-04
U04069,Phương Hải Trần,2025-12-13
U04070,Tùng Bùi,2025-06-25
U04071,Phương Lê,2024-07-30
U04072,Tú Trần,2024-09-02
U04073,Kim Lê,2025-01-20
U04074,Nhật Quang Hoàng,2025-11-01
U04075,Quý cô Khoa Trần,2024-07-12
U04076,Hoàng Hải Đặng,2025-04-14
U04077,Quý cô Hạnh Trần,2025-12-29
U04078,Anh Minh Dương,2025-03-05
U04079,Bà Thảo Đặng,2024-03-23
U04080,Lan Hoàng,2024-09-22
U04081,Lan Mai,2024-05-19
U04082,Cô Khoa Trần,2025-11-27
U04083,Thảo Hoàng,2025-12-28
U04084,Hoàng Phú Phạm,2025-05-31
U04085,Phương Quang Mai,2024-03-28
U04086,Cô Hà Lê,2025-06-13
U04087,Cô Hương Bùi,2025-04-28
U04088,Kim Phạm,2024-03-06
U04089,Lan Lê,2024-12-01
U04090,Hà Đặng,2024-07-29
U04091,Ông Dũng Phạm,2024-12-21
U04092,Bác Tú Vũ,2025-05-03
U04093,Bảo Nguyễn,2024-01-09
U04094,Kim Phú Hoàng,2025-01-23
U04095,Vân Vũ,2025-12-17
U04096,Dương Nguyễn,2025-10-23
U04097,Phương Hoàng,2025-04-27
U04098,Anh Thành Vũ,2024-03-23
U04099,Hương Hoàng,2025-07-23
U04100,Hà Hoàng,2025-03-05
U04101,Bác Tùng Dương,2025-07-22
U04102,Quý cô Lan Mai,2024-09-27
U04103,Xuân Vũ,2024-01-30
U04104,Lâm Đức Dương,2024-06-05
U04105,Quý cô Khoa Lê,2025-08-05
U04106,Lâm Hữu Nguyễn,2025-11-26
U04107,Khoa Đặng,2024-11-19
U04108,Nhật Tấn Bùi,2024-07-19
U04109,Linh Đặng,2025-08-24
U04110,Hưng Đức Nguyễn,2024-01-25
U04111,Linh Mai,2025-01-16
U04112,Lan Hoàng,2025-03-20
U04113,Ông Phúc Đặng,2025-12-09
U04114,Chị Nhật Vũ,2024-07-06
U04115,Hạnh Mai Bảo Vũ,2024-06-06
U04116,Quang Hữu Mai,2025-11-07
U04117,Khoa Bùi,2025-02-16
U04118,Anh Nhiên Phạm,2024-07-23
U04119,Trọng Bùi,2024-06-12
U04120,Nhật Thế Mai,2025-06-04
U04121,Quý ông Tú Phạm,2025-09-15
U04122,An Văn Bùi,2025-11-29
U04123,Hà Nguyễn,2024-01-25
U04124,Bác Trung Lê,2025-01-04
U04125,Bà Mai Vũ,2025-05-28
U04126,Anh Phạm,2024-11-15
U04127,Bà Lâm Hoàng,2025-08-12
U04128,Nhật Tấn Mai,2024-01-07
U04129,Anh Vũ Hoàng,2024-02-07
U04130,Hương Bùi,2025-04-09
U04131,Bà An Đặng,2024-04-16
U04132,Quang Hoàng Mai,2024-07-16
U04133,Hồng Hoàng,2025-02-02
U04134,Khoa Văn Vũ,2024-02-03
U04135,Cô An Lê,2025-08-23
U04136,Anh Tú Đặng,2025-08-25
U04137,Tú Vũ,2024-09-01
U04138,Quý cô Nhật Vũ,2025-12-23
U04139,Tùng Nguyễn,2024-04-04
U04140,Vũ Mai Trần,2024-03-15
U04141,Ngọc Phạm,2025-12-21
U04142,Anh Quang Lê,2024-07-08
U04143,Anh Anh Trần,2024-02-12
U04144,Bà Lâm Bùi,2025-12-18
U04145,Cô Thành Bùi,2024-10-16
U04146,Cô Vân Lê,2025-06-29
U04147,Vũ Mai,2025-05-04
U04148,Tú Hoàng,2024-02-05
U04149,Hạnh Vũ,2025-10-10
U04150,Hưng Xuân Hoàng,2025-07-08
U04151,Cô Lan Dương,2024-01-20
U04152,Bà Hạnh Phạm,2025-04-22
U04153,Hải Quang Mai,2025-02-05
U04154,Quý cô Vân Nguyễn,2024-07-12
U04155,Chị Hạnh Bùi,2024-03-20
U04156,Quý cô Thảo Phạm,2025-07-05
U04157,Bác Thành Nguyễn,2024-07-07
U04158,Phương Thị Hoàng,2024-06-23
U04159,Bà Linh Dương,2024-10-29
U04160,Chị Yến Vũ,2025-06-21
U04161,Kim Đức Trần,2025-05-08
U04162,Huy Bùi,2025-12-27
U04163,Cô Thành Lê,2024-04-14
U04164,Quý ông Anh Nguyễn,2024-01-17
U04165,Chị Thảo Vũ,2024-09-03
U04166,Quý ông Quang Lê,2024-08-11
U04167,Quý ông Huy Dương,2024-03-03
U04168,Quý cô An Hoàng,2024-05-24
U04169,Tú Phạm,2025-03-28
U04170,Huy Quang Bùi,2024-10-26
U04171,Hồng Hoàng,2024-10-11
U04172,Anh Xuân Trần,2024-08-15
U04173,Khoa Vũ,2024-10-21
U04174,Nhiên Lê,2024-10-28
U04175,Cô Xuân Đặng,2024-06-03
U04176,Bà Thảo Phạm,2025-10-15
U04177,Mai Mai,2024-05-09
U04178,Quý cô Thành Hoàng,2025-10-02
U04179,Quang Xuân Mai,2025-10-10
U04180,Hồng Bùi,2024-02-04
U04181,Hải Mai,2025-07-11
U04182,Anh Thành Mai,2024-08-31
U04183,Huy Trí Bùi,2024-05-21
U04184,Minh Mai,2024-09-05
U04185,Anh Hưng Mai,2024-11-14
U04186,Bà Mai Mai,2024-06-14
U04187,Bảo Dương,2024-07-28
U04188,Khoa Đức Lê,2025-09-25
U04189,Linh Dương,2024-07-16
U04190,Nhiên Tấn Mai,2024-08-24
U04191,Chị Duyên Mai,2025-07-13
U04192,Minh Hải Trần,2025-05-05
U04193,Bác Hoàng Hoàng,2024-03-31
U04194,Châu Mai,2025-02-01
U04195,Nam Trần,2025-05-04
U04196,Phương Dương,2024-12-17
U04197,Dương Dương,2025-08-03
U04198,Lan Đặng,2025-06-12
U04199,Chị Bảo Trần,2025-03-13
U04200,Ông Bảo Lê,2025-10-11
U04201,Hương Mai,2024-06-20
U04202,Nhiên Xuân Đặng,2024-04-20
U04203,Kim Phạm,2025-02-17
U04204,Tùng Nguyễn,2024-11-23
U04205,Chị Chi Mai,2025-11-18
U04206,Khoa Trí Trần,2025-10-21
U04207,Bảo Đức Hoàng,2025-04-10
U04208,Nhật Đức Hoàng,2024-05-24
U04209,Thành Trần,2024-10-08
U04210,Hải Văn Đặng,2024-12-01
U04211,Khoa Nguyễn,2025-02-24
U04212,Bà Phương Phạm,2025-04-27
U04213,Bảo Tấn Dương,2025-11-10
U04214,Hoàng Bảo Lê,2024-11-16
U04215,Bà Phương Dương,2024-06-22
U04216,Ông Tùng Dương,2025-02-07
U04217,Bác Tú Nguyễn,2025-06-24
U04218,Phương Lê,2025-07-10
U04219,Bà Duyên Vũ,2024-08-22
U04220,Lâm Phạm,2024-05-15
U04221,Phúc Xuân Bùi,2024-02-23
U04222,Bà Vi Mai,2025-09-23
U04223,Quý ông Bảo Vũ,2025-12-31
U04224,Lâm Nguyễn,2024-12-08
U04225,Trung Đức Nguyễn,2024-01-30
U04226,Chị Chi Hoàng,2025-03-04
U04227,Tú Thị Vũ,2025-07-21
U04228,Thành Hải Nguyễn,2025-02-14
U04229,Kim Lê,2024-03-06
U04230,Chị Bảo Hoàng,2024-08-05
U04231,Dương Nguyễn,2025-02-20
U04232,Bảo Bảo Hoàng,2025-08-02
U04233,Thành Mai Bảo Phạm,2025-12-02
U04234,Quý cô Hạnh Hoàng,2025-02-14
U04235,Anh Dũng Nguyễn,2024-12-18
U04236,Bà Nhật Lê,2024-08-21
U04237,Quang Hoàng Đặng,2025-08-10
U04238,Chị Hạnh Lê,2024-04-08
U04239,Mai Trần,2024-04-11
U04240,Trọng Phú Nguyễn,2024-07-31
U04241,Anh Huy Trần,2025-02-28
U04242,An Quang Vũ,2025-03-16
U04243,Quý ông Quang Đặng,2024-04-10
U04244,Thành Vũ,2025-03-20
U04245,Dương Lê,2024-02-26
U04246,Phúc Mai,2025-12-30
U04247,Thành Quang Lê,2025-09-26
U04248,Minh Vũ,2025-01-12
U04249,Vũ Mai,2024-04-15
U04250,Quý ông Bảo Hoàng,2025-02-18
U04251,Bà Nhật Vũ,2025-09-30
U04252,Thành Thị Trần,2025-04-09
U04253,Khoa Hoàng,2024-05-13
U04254,Cô Thành Dương,2025-03-30
U04255,Bà Ánh Bùi,2024-01-03
U04256,Bà Khoa Lê,2025-07-30
U04257,Hương Dương,2024-12-15
U04258,Ông Khoa Lê,2025-04-13
U04259,Ngọc Vũ,2025-11-21
U04260,Vũ Hoàng,2025-04-07
U04261,Trung Dương,2025-01-22
U04262,Lâm Trần,2024-11-24
U04263,Quý cô Xuân Bùi,2024-09-19
U04264,Chị Dương Mai,2025-10-02
U04265,Hưng Mai Bảo Dương,2025-12-01
U04266,Nhật Phú Đặng,2024-08-23
U04267,Bà Nhật Trần,2024-03-24
U04268,Lâm Bảo Trần,2024-04-25
U04269,Phúc Đức Nguyễn,2024-07-14
U04270,Hải Đặng,2024-09-02
U04271,Linh Hoàng,2025-09-06
U04272,Bà Mai Phạm,2025-09-01
U04273,Hưng Mai,2024-06-10
U04274,Lâm Bảo Đặng,2024-11-25
U04275,Quý cô Linh Phạm,2025-08-04
U04276,Lâm Đức Mai,2025-08-21
U04277,Hưng Bùi,2024-12-11
U04278,Lâm Văn Mai,2024-08-01
U04279,Hương Dương,2024-06-07
U04280,Bác Vũ Vũ,2024-10-18
U04281,Chị Linh Nguyễn,2024-03-31
U04282,Lâm Phú Nguyễn,2025-09-23
U04283,Nhật Mai Bảo Đặng,2025-06-19
U04284,Cô Phương Phạm,2025-01-13
U04285,Anh Dũng Bùi,2025-07-26
U04286,Chị Nhật Phạm,2025-11-21
U04287,Cô Dương Bùi,2025-12-26
U04288,Thành Đặng,2024-08-27
U04289,Tú Văn Vũ,2025-07-11
U04290,Vân Bùi,2025-10-13
U04291,Anh Thành Hoàng,2024-09-16
U04292,Phương Mai Bảo Trần,2024-11-19
U04293,Chị Yến Bùi,2024-12-18
U04294,Bà Nhật Trần,2024-10-13
U04295,Bà Vân Lê,2025-10-19
U04296,Bảo Phú Dương,2025-08-13
U04297,Quang Phú Đặng,2024-04-07
U04298,Khoa Thế Đặng,2025-02-20
U04299,Cô Yến Hoàng,2024-02-11
U04300,Dũng Văn Nguyễn,2024-12-20
U04301,Thành Hoàng Bùi,2025-09-07
U04302,Kim Đặng,2024-05-19
U04303,Hạnh Mai,2025-08-24
U04304,Nhật Bùi,2024-08-26
U04305,Lâm Trí Trần,2025-02-25
U04306,Hạnh Trần,2025-03-13
U04307,Bảo Văn Mai,2025-12-14
U04308,Dương Hoàng,2024-04-27
U04309,Khoa Vũ,2024-12-04
U04310,Quý cô Ngọc Trần,2024-02-17
U04311,Lâm Thế Đặng,2025-08-10
U04312,Hạnh Hoàng,2024-05-11
U04313,Dũng Bùi,2024-05-13
U04314,Chi Dương,2025-04-21
U04315,Kim Phạm,2025-05-26
U04316,Châu Tấn Lê,2025-01-11
U04317,Anh Bảo Mai,2025-09-24
U04318,Hạnh Bùi,2025-03-25
U04319,Thành Xuân Đặng,2025-01-29
U04320,Châu Thế Vũ,2025-10-07
U04321,Quý cô Phương Dương,2024-12-23
U04322,Chi Lê,2024-02-05
U04323,Bảo Nguyễn,2025-04-11
U04324,Chi Bùi,2024-07-22
U04325,Nhật Thế Đặng,2025-02-13
U04326,Nhật Vũ,2024-04-14
U04327,An Hữu Dương,2024-06-28
U04328,Chị Lâm Lê,2024-12-30
U04329,Kim Hoàng,2025-08-10
U04330,Minh Mai,2025-12-05
U04331,Trọng Mai Vũ,2025-10-07
U04332,Vi Trần,2025-05-07
U04333,Nhật Hoàng,2025-03-19
U04334,Cô Khoa Trần,2025-10-13
U04335,An Vũ,2025-12-02
U04336,Khoa Thị Trần,2025-03-18
U04337,Quý cô Hà Phạm,2025-06-21
U04338,Chị Khoa Đặng,2024-08-06
U04339,Cô Vi Mai,2025-11-07
U04340,Quý ông Nam Lê,2025-10-19
U04341,Bác Huy Đặng,2025-09-09
U04342,Bảo Hoàng,2024-04-12
U04343,Yến Bùi,2025-07-20
U04344,Bảo Thế Trần,2025-12-07
U04345,Bà Linh Mai,2025-11-09
U04346,Nam Phạm,2024-09-29
U04347,Tú Thế Trần,2024-08-26
U04348,Chị Hương Bùi,2025-10-15
U04349,Hà Đức Bùi,2025-08-31
U04350,Mai Hoàng,2025-02-25
U04351,An Mai,2025-09-10
U04352,Ông Bảo Phạm,2024-04-29
U04353,Bà Nhật Nguyễn,2025-07-22
U04354,Cô Mai Phạm,2025-05-08
U04355,Dũng Hoàng Vũ,2025-08-03
U04356,Bác Huy Phạm,2024-06-06
U04357,Kim Thị Vũ,2025-08-09
U04358,Anh Tú Đặng,2025-12-01
U04359,Kim Văn Mai,2024-11-07
U04360,Bà Nhật Lê,2024-10-31
U04361,Dũng Quang Lê,2025-01-01
U04362,Hoàng Đặng,2025-04-01
U04363,Châu Vũ,2024-08-02
U04364,Phúc Trí Phạm,2025-04-17
U04365,Cô An Vũ,2025-01-25
U04366,Nam Tấn Trần,2024-02-23
U04367,Lâm Vũ,2024-07-08
U04368,Bảo Nguyễn,2025-06-02
U04369,Huy Dương,2024-10-29
U04370,Chị Yến Nguyễn,2025-09-11
U04371,Bảo Hoàng,2025-06-10
U04372,Thành Hoàng,2025-05-25
U04373,Anh Phạm,2025-08-10
U04374,Chị Phương Vũ,2024-02-28
U04375,Khoa Bùi,2025-05-26
U04376,Quý cô Vân Đặng,2025-05-30
U04377,Tùng Phú Lê,2024-10-17
U04378,Hải Thế Bùi,2025-04-02
U04379,Hà Quang Vũ,2024-04-28
U04380,Quang Trí Nguyễn,2025-11-09
U04381,Cô Khoa Vũ,2025-03-01
U04382,Trọng Nguyễn,2024-10-11
U04383,Chị Nhật Mai,2025-07-05
U04384,Hải Nguyễn,2025-03-05
U04385,Ánh Hoàng,2025-07-05
U04386,Ngọc Trần,2025-01-31
U04387,Phúc Mai,2025-07-12
U04388,Anh Châu Mai,2024-01-02
U04389,Cô Phương Đặng,2025-08-13
U04390,Chị Hải Đặng,2025-05-30
U04391,Nhật Vũ,2025-01-29
U04392,Minh Trí Trần,2024-05-07
U04393,Chị Ánh Bùi,2024-07-23
U04394,Vi Mai,2024-01-04
U04395,Dũng Mai Nguyễn,2024-02-04
U04396,Bà Xuân Bùi,2025-03-30
U04397,Chị Vi Đặng,2024-08-07
U04398,Vân Dương,2025-05-14
U04399,Tú Bảo Trần,2025-03-01
U04400,Lan Nguyễn,2025-12-25
U04401,Ánh Hoàng,2024-08-11
U04402,Cô Yến Lê,2024-07-19
U04403,Hạnh Mai Dương,2024-06-11
U04404,Thành Thế Dương,2024-01-04
U04405,Bảo Đức Hoàng,2024-10-09
U04406,Khoa Trần,2025-02-01
U04407,Trọng Lê,2025-02-14
U04408,Thảo Phạm,2025-03-02
U04409,Thành Mai Bảo Dương,2025-07-11
U04410,Lâm Dương,2025-02-20
U04411,Hạnh Vũ,2025-05-12
U04412,Quý ông Nam Hoàng,2025-06-19
U04413,Bà Xuân Dương,2025-03-20
U04414,Hưng Hải Trần,2025-04-20
U04415,Hạnh Trần,2025-03-08
U04416,Cô Kim Vũ,2024-08-10
U04417,Bà Kim Lê,2024-02-24
U04418,Cô Thành Lê,2025-02-22
U04419,Bảo Đặng,2025-07-19
U04420,Kim Lê,2025-06-20
U04421,Quang Phạm,2024-12-14
U04422,Chị Bảo Trần,2024-11-15
U04423,Bà Bảo Đặng,2024-06-16
U04424,Lâm Hoàng,2024-12-20
U04425,Lan Mai,2025-01-20
U04426,An Trần,2024-08-01
U04427,Cô Hà Bùi,2024-11-15
U04428,Cô Nhật Bùi,2025-12-29
U04429,Bà Hải Trần,2024-03-01
U04430,Hà Lê,2025-12-31
U04431,Quý cô Khoa Đặng,2024-09-07
U04432,Hồng Nguyễn,2025-03-24
U04433,Lâm Đặng,2024-06-05
U04434,Chị Hà Hoàng,2025-08-10
U04435,Khoa Hoàng,2024-10-25
U04436,Quý cô Vi Dương,2024-03-17
U04437,Cô Ngọc Dương,2024-08-17
U04438,Minh Bảo Đặng,2025-09-10
U04439,Vi Phạm,2025-09-04
U04440,Trung Trần,2025-04-07
U04441,Anh Tú Dương,2024-12-18
U04442,Trung Phú Lê,2024-02-27
U04443,Nhật Lê,2024-12-15
U04444,Bảo Thị Phạm,2025-03-24
U04445,Dũng Mai,2025-06-11
U04446,Cô Xuân Lê,2024-05-05
U04447,Huy Dương,2024-09-12
U04448,Thành Bảo Mai,2024-06-26
U04449,Quý cô Bảo Dương,2025-06-27
U04450,Thảo Lê,2024-11-21
U04451,Nhật Đức Bùi,2024-05-22
U04452,Quang Xuân Vũ,2024-03-16
U04453,Tú Xuân Lê,2025-02-16
U04454,Hạnh Hoàng,2025-10-20
U04455,Khoa Bảo Bùi,2024-06-26
U04456,Khoa Lê,2025-04-26
U04457,Quý ông Tùng Nguyễn,2025-04-02
U04458,Hà Vũ,2025-09-23
U04459,Quý cô Xuân Vũ,2025-09-21
U04460,Bác Minh Lê,2025-12-21
U04461,Bà Ngọc Lê,2025-02-19
U04462,Quý ông Vũ Hoàng,2024-10-11
U04463,Nhiên Hoàng,2025-07-02
U04464,Thành Hoàng,2024-02-29
U04465,Cô Thành Vũ,2025-04-15
U04466,Cô Dương Bùi,2025-02-13
U04467,Dũng Xuân Trần,2025-10-09
U04468,Quý ông Quang Phạm,2025-11-08
U04469,Hải Đức Nguyễn,2024-06-02
U04470,Quang Trần,2024-02-17
U04471,Nhật Xuân Hoàng,2024-01-27
U04472,Tùng Đức Phạm,2025-11-08
U04473,Khoa Hữu Vũ,2024-11-05
U04474,Nhật Vũ,2024-06-02
U04475,Trung Bùi,2024-12-29
U04476,Quý cô Chi Trần,2025-04-20
U04477,Dũng Hoàng Lê,2024-11-15
U04478,Quý cô Lan Mai,2025-10-02
U04479,Cô Lâm Đặng,2024-08-30
U04480,Thành Hữu Bùi,2025-06-20
U04481,Ông Phúc Hoàng,2025-08-23
U04482,Quang Dương,2025-10-05
U04483,Anh Quang Bùi,2025-02-07
U04484,Huy Phú Mai,2024-08-16
U04485,Quý cô Mai Nguyễn,2025-07-07
U04486,Lâm Lê,2025-01-14
U04487,Quý ông Dũng Phạm,2024-06-06
U04488,Bảo Hải Lê,2025-10-18
U04489,Xuân Dương,2025-05-23
U04490,Kim Đặng,2025-12-02
U04491,Anh Nam Dương,2025-04-24
U04492,Vi Vũ,2024-08-19
U04493,Lâm Quang Lê,2025-01-06
U04494,Cô Dương Mai,2025-08-30
U04495,Cô Duyên Vũ,2024-08-16
U04496,Hoàng Trí Mai,2024-03-30
U04497,Hoàng Mai Bảo Dương,2025-12-29
U04498,Tú Đặng,2024-06-11
U04499,Chị Vi Mai,2024-02-27
U04500,Nhật Hoàng Lê,2025-12-31
U04501,Bác Trung Lê,2024-06-29
U04502,Quang Dương,2025-12-15
U04503,Quý ông Quang Trần,2025-01-28
U04504,Thành Hữu Hoàng,2024-06-09
U04505,Hà Quang Mai,2025-05-21
U04506,Kim Đặng,2025-10-17
U04507,Phương Thế Nguyễn,2025-11-24
U04508,Tùng Mai Mai,2024-05-17
U04509,Ngọc Mai,2024-11-09
U04510,Cô Chi Đặng,2025-05-28
U04511,Cô Bảo Dương,2025-09-29
U04512,Lâm Dương,2025-02-24
U04513,Vân Dương,2025-04-04
U04514,Bà Lâm Phạm,2024-12-12
U04515,Phương Trí Phạm,2024-11-16
U04516,Lan Mai,2024-04-03
U04517,Châu Quang Nguyễn,2024-08-30
U04518,Tú Hoàng,2025-07-21
U04519,Ánh Trần,2024-01-12
U04520,Bảo Vũ,2024-03-03
U04521,Huy Thế Hoàng,2024-10-05
U04522,Châu Bùi,2025-08-29
U04523,Nhật Trần,2025-06-20
U04524,Lan Bùi,2024-12-10
U04525,Quý cô Phương Phạm,2025-04-23
U04526,Hạnh Quang Nguyễn,2024-09-15
U04527,Bác Châu Vũ,2025-11-12
U04528,Bác Nam Nguyễn,2024-09-15
U04529,Quý cô Linh Dương,2025-09-11
U04530,Nhật Mai,2025-07-05
U04531,Dũng Phạm,2024-03-03
U04532,Hồng Bùi,2024-08-09
U04533,Hà Dương,2024-04-05
U04534,Chị Hồng Vũ,2025-05-31
U04535,Kim Bảo Dương,2025-08-05
U04536,Hà Bảo Hoàng,2025-05-24
U04537,Kim Văn Dương,2025-08-16
U04538,Quý cô Bảo Đặng,2025-05-14
U04539,Huy Hoàng,2024-07-27
U04540,Thành Bảo Mai,2024-07-08
U04541,Khoa Trần,2025-10-12
U04542,Chị Nhật Mai,2025-08-09
U04543,Lâm Lê,2024-05-13
U04544,Dũng Trần,2024-01-27
U04545,Chị Kim Mai,2024-11-30
U04546,Bà An Lê,2024-03-13
U04547,Hạnh Bùi,2025-12-20
U04548,Anh Huy Dương,2025-12-30
U04549,Hương Lê,2025-06-01
U04550,Linh Lê,2025-03-02
U04551,Ông Phúc Lê,2025-11-02
U04552,Phương Xuân Vũ,2025-08-14
U04553,Quý cô Mai Hoàng,2025-04-03
U04554,Linh Mai,2025-12-26
U04555,Duyên Phạm,2024-10-21
U04556,Lâm Bảo Nguyễn,2025-02-25
U04557,Hoàng Thị Vũ,2024-11-30
U04558,Nam Hải Hoàng,2025-05-15
U04559,Anh Quang Dương,2024-02-02
U04560,An Đặng,2024-11-10
U04561,Nhật Phú Vũ,2025-04-19
U04562,Vân Dương,2025-05-27
U04563,Nhật Nguyễn,2024-05-16
U04564,Hưng Quang Dương,2025-11-25
U04565,Thảo Đặng,2024-12-19
U04566,Quý cô Hạnh Mai,2024-07-17
U04567,Xuân Vũ,2025-05-22
U04568,Cô Vân Đặng,2025-10-01
U04569,Hạnh Hải Phạm,2024-07-18
U04570,Tú Bảo Lê,2025-04-13
U04571,Huy Tấn Phạm,2025-12-01
U04572,Quý ông Tùng Trần,2025-04-05
U04573,Cô Thảo Mai,2025-07-11
U04574,An Đức Vũ,2025-01-28
U04575,Quý cô Kim Trần,2024-04-13
U04576,Phương Hữu Mai,2025-04-29
U04577,Bà Lâm Bùi,2024-03-22
U04578,Quý cô Hạnh Nguyễn,2025-06-04
U04579,Quý cô Kim Đặng,2025-05-06
U04580,Ngọc Nguyễn,2025-08-18
U04581,Bác Hưng Đặng,2025-08-27
U04582,Hạnh Xuân Bùi,2025-07-28
U04583,Phương Vũ,2024-03-29
U04584,Duyên Nguyễn,2025-09-22
U04585,Nhật Nguyễn,2024-11-11
U04586,Hương Hoàng,2024-05-24
U04587,Nhật Phạm,2025-07-20
U04588,Cô Khoa Vũ,2025-06-21
U04589,Nam Đức Dương,2025-02-28
U04590,Anh Dương,2024-01-19
U04591,Hưng Hoàng,2024-03-21
U04592,Hải Bùi,2025-05-31
U04593,Quý cô Lan Bùi,2025-02-12
U04594,Nam Bảo Hoàng,2025-05-26
U04595,Hưng Nguyễn,2024-03-03
U04596,Khoa Quang Đặng,2025-02-07
U04597,Khoa Thế Phạm,2024-05-18
U04598,Bác Nam Bùi,2025-05-24
U04599,Nhật Đức Mai,2025-01-02
U04600,Anh Thành Đặng,2025-05-15
U04601,Khoa Bùi,2024-09-01
U04602,Lâm Hải Trần,2025-06-09
U04603,Thảo Hoàng,2025-03-14
U04604,Thành Trần,2025-02-27
U04605,Nhật Đặng,2024-07-13
U04606,Bảo Thị Mai,2024-01-24
U04607,Vân Phạm,2024-07-11
U04608,Hải Hoàng Phạm,2025-08-09
U04609,Thành Mai,2025-11-03
U04610,Nhật Phạm,2024-12-27
U04611,Kim Mai Bảo Trần,2025-11-16
U04612,Vân Dương,2025-05-30
U04613,Ông Huy Đặng,2025-05-22
U04614,Ông Vũ Trần,2025-02-05
U04615,Hoàng Hoàng,2025-06-07
U04616,Minh Quang Bùi,2024-07-19
U04617,Bác Hưng Dương,2024-05-11
U04618,Chị Dương Trần,2025-11-19
U04619,Hải Đức Trần,2025-10-10
U04620,Quang Quang Hoàng,2024-01-12
U04621,Tùng Thế Hoàng,2024-11-03
U04622,Chị Nhật Mai,2024-06-17
U04623,Tú Bảo Đặng,2024-02-07
U04624,Hoàng Thị Hoàng,2025-09-03
U04625,Nam Trần,2025-06-15
U04626,Thành Mai Bảo Phạm,2025-04-03
U04627,Cô Ánh Nguyễn,2024-03-05
U04628,Quý ông Anh Vũ,2024-09-03
U04629,Khoa Dương,2024-10-27
U04630,Tùng Phạm,2025-12-22
U04631,Bảo Tấn Nguyễn,2025-11-06
U04632,Hạnh Trí Đặng,2024-09-21
U04633,Yến Dương,2025-06-22
U04634,Anh Khoa Vũ,2024-12-29
U04635,Ánh Nguyễn,2025-05-05
U04636,Cô Vi Đặng,2025-05-24
U04637,Tú Đức Lê,2024-07-22
U04638,Mai Dương,2025-10-20
U04639,Ông Dũng Phạm,2025-03-05
U04640,Hồng Trần,2024-09-17
U04641,Anh Trí Dương,2025-08-05
U04642,Châu Phạm,2025-12-09
U04643,Khoa Văn Lê,2024-10-19
U04644,Duyên Trần,2024-02-22
U04645,Anh Dũng Mai,2024-04-08
U04646,Phương Mai Bảo Trần,2025-07-19
U04647,Khoa Quang Vũ,2024-09-11
U04648,Trọng Tấn Vũ,2025-05-07
U04649,Quý cô Thành Vũ,2024-09-10
U04650,Nhật Bùi,2025-01-14
U04651,Hà Mai,2024-05-22
U04652,Nhật Phú Nguyễn,2025-04-12
U04653,Phương Phú Trần,2025-03-31
U04654,Hà Thế Nguyễn,2024-07-27
U04655,Cô Ngọc Vũ,2025-04-04
U04656,Lâm Bùi,2024-10-03
U04657,Nhật Dương,2024-02-07
U04658,Khoa Mai Bảo Bùi,2024-11-28
U04659,Phúc Phạm,2025-03-12
U04660,Hồng Trần,2024-02-02
U04661,Vũ Phạm,2025-04-29
U04662,Tùng Tấn Dương,2025-10-29
U04663,Hưng Thế Bùi,2025-08-24
U04664,Quý cô Khoa Lê,2024-07-01
U04665,Kim Lê,2025-07-16
U04666,Anh Trọng Vũ,2025-08-09
U04667,Trọng Hải Nguyễn,2024-02-02
U04668,Khoa Nguyễn,2024-02-12
U04669,Chị Nhật Vũ,2024-04-03
U04670,Bà Lan Bùi,2025-01-31
U04671,Quý cô Nhật Vũ,2024-04-13
U04672,Tùng Lê,2024-04-08
U04673,Cô Dương Hoàng,2024-11-26
U04674,Chị Ánh Dương,2025-07-27
U04675,Bảo Đức Phạm,2024-12-23
U04676,Hà Hoàng Lê,2024-10-06
U04677,Quý cô Chi Bùi,2024-10-16
U04678,Cô Hạnh Phạm,2024-04-30
U04679,Nhiên Trần,2024-06-19
U04680,An Quang Vũ,2024-03-26
U04681,Quý ông Hưng Phạm,2025-11-29
U04682,Chị Dương Phạm,2025-05-02
U04683,Chị Vân Hoàng,2025-10-14
U04684,Dương Hoàng,2024-07-08
U04685,Bảo Hữu Hoàng,2025-10-11
U04686,An Xuân Trần,2024-12-20
U04687,Anh Anh Dương,2024-05-13
U04688,Bảo Hữu Dương,2025-01-27
U04689,Phương Vũ,2024-08-07
U04690,Quý cô Thành Hoàng,2024-02-13
U04691,Bà Hồng Lê,2024-10-31
U04692,Bác Tú Bùi,2024-07-04
U04693,Bà Chi Trần,2024-03-09
U04694,Chị Mai Nguyễn,2024-07-24
U04695,Quý cô Vân Trần,2025-04-11
U04696,Bà Mai Trần,2025-09-22
U04697,Khoa Đức Vũ,2025-10-23
U04698,Hà Bùi,2024-02-27
U04699,Ánh Hoàng,2024-01-23
U04700,Lâm Hải Phạm,2024-04-14
U04701,Cô Xuân Đặng,2024-08-23
U04702,Cô An Hoàng,2025-03-10
U04703,Hải Đặng,2025-11-05
U04704,Quang Thế Vũ,2025-02-10
U04705,Thành Thị Trần,2025-08-23
U04706,Chị Nhật Vũ,2025-12-25
U04707,Trọng Đức Mai,2025-02-21
U04708,Khoa Vũ,2024-09-30
U04709,Anh Đức Mai,2024-02-11
U04710,Lâm Trần,2025-11-20
U04711,Kim Mai Bảo Đặng,2025-02-24
U04712,Cô Hương Nguyễn,2025-10-21
U04713,Kim Văn Vũ,2025-09-23
U04714,Kim Hoàng Trần,2025-07-07
U04715,Linh Trần,2025-10-05
U04716,Trung Trí Đặng,2024-01-16
U04717,Tùng Vũ,2024-04-30
U04718,Bà Nhật Phạm,2024-08-13
U04719,Quý ông Nam Phạm,2025-05-07
U04720,Thảo Hoàng,2024-01-07
U04721,Cô Chi Nguyễn,2025-11-04
U04722,Bà Mai Trần,2025-09-19
U04723,Hoàng Bùi,2024-12-11
U04724,Phúc Hoàng Vũ,2024-04-14
U04725,Nhật Bảo Bùi,2025-07-12
U04726,Chị Hải Mai,2024-04-02
U04727,Ông Dũng Phạm,2024-09-29
U04728,Nhật Vũ,2024-04-05
U04729,Bảo Mai Bảo Lê,2024-11-05
U04730,Quý cô Yến Nguyễn,2025-12-19
U04731,Hà Vũ,2025-11-28
U04732,Phúc Phạm,2024-05-28
U04733,Tú Dương,2025-12-12
U04734,Phương Xuân Bùi,2025-03-22
U04735,Chị Thành Dương,2025-02-16
U04736,Quý cô Lâm Lê,2025-07-14
U04737,Anh Dũng Mai,2024-04-24
U04738,Hà Xuân Trần,2024-11-07
U04739,Quý cô Bảo Nguyễn,2024-07-09
U04740,Chị Nhật Bùi,2025-03-17
U04741,Cô Hạnh Lê,2025-06-09
U04742,Chị Linh Phạm,2024-04-25
U04743,Quý cô Hạnh Dương,2025-03-05
U04744,Nhật Bùi,2025-06-23
U04745,Vũ Dương,2024-05-19
U04746,Yến Trần,2024-05-13
U04747,Chị Kim Hoàng,2025-06-24
U04748,Bảo Mai Bảo Lê,2024-10-08
U04749,Cô Kim Phạm,2025-02-21
U04750,Vi Nguyễn,2024-09-02
U04751,Trọng Dương,2024-08-13
U04752,Huy Bùi,2024-02-12
U04753,Quý ông Dũng Dương,2024-02-22
U04754,Quý cô Hồng Hoàng,2025-09-30
U04755,Trung Bùi,2024-06-27
U04756,Cô Phương Trần,2024-01-16
U04757,Bác Minh Mai,2025-03-22
U04758,Tú Lê,2024-12-26
U04759,Hải Tấn Lê,2024-01-07
U04760,Hải Hoàng Vũ,2024-10-17
U04761,Duyên Phạm,2024-06-20
U04762,Chị Hà Đặng,2024-08-17
U04763,Hải Xuân Đặng,2025-10-18
U04764,Hà Dương,2025-06-15
U04765,Hạnh Trần,2024-05-11
U04766,Cô Phương Dương,2024-07-24
U04767,Hà Phú Nguyễn,2024-07-25
U04768,Cô Linh Phạm,2024-03-24
U04769,Quang Hải Hoàng,2024-10-01
U04770,Dũng Hoàng Vũ,2025-03-04
U04771,Anh Minh Nguyễn,2025-06-16
U04772,Ánh Hoàng,2024-05-09
U04773,Quý cô Hải Dương,2025-02-02
U04774,Bà Duyên Trần,2025-04-23
U04775,Nhiên Mai Phạm,2024-03-23
U04776,Chị Khoa Phạm,2024-08-10
U04777,Anh Vũ,2024-05-26
U04778,An Trí Nguyễn,2024-10-22
U04779,Linh Bùi,2024-10-05
U04780,Dũng Phạm,2025-10-23
U04781,Chi Đặng,2024-09-21
U04782,Khoa Đặng,2024-02-02
U04783,Kim Mai,2024-01-21
U04784,Bác Trung Mai,2024-07-28
U04785,Hoàng Hoàng Lê,2024-06-05
U04786,Yến Lê,2024-11-17
U04787,Vũ Đặng,2024-01-29
U04788,Quý ông Tú Bùi,2025-03-21
U04789,Cô Vi Lê,2025-03-13
U04790,Quý cô Bảo Dương,2024-09-21
U04791,Quý cô Linh Đặng,2024-08-03
U04792,Quý cô An Nguyễn,2024-07-23
U04793,Kim Đức Đặng,2025-03-04
U04794,Bà Bảo Dương,2025-10-12
U04795,Bảo Hoàng,2025-01-14
U04796,Quý cô Dương Dương,2024-08-06
U04797,Chị Hà Nguyễn,2025-09-25
U04798,Quý cô Thảo Dương,2024-08-13
U04799,Hạnh Vũ,2024-04-28
U04800,Huy Vũ,2024-10-20
U04801,Bà Vi Vũ,2025-01-31
U04802,Phương Đức Phạm,2025-11-16
U04803,Hồng Vũ,2024-05-31
U04804,Nhiên Vũ,2025-08-04
U04805,Chị Xuân Đặng,2025-10-10
U04806,Khoa Tấn Nguyễn,2025-12-28
U04807,Bà Nhật Vũ,2024-12-20
U04808,Trung Thế Bùi,2025-12-13
U04809,Quý ông Khoa Dương,2025-04-11
U04810,Quý cô Ánh Phạm,2024-10-15
U04811,Chị Vân Lê,2025-07-18
U04812,Kim Hoàng,2024-02-04
U04813,Phương Tấn Phạm,2024-04-11
U04814,Chị Thảo Phạm,2025-06-28
U04815,Yến Mai,2024-01-12
U04816,Hồng Đặng,2024-08-23
U04817,Bác Phúc Nguyễn,2024-07-02
U04818,Phương Bảo Lê,2025-07-28
U04819,Cô Lan Trần,2025-12-30
U04820,Hải Mai,2024-10-31
U04821,Khoa Xuân Trần,2025-02-04
U04822,Anh Xuân Lê,2024-05-14
U04823,Tùng Quang Trần,2025-01-23
U04824,Quang Hoàng,2024-03-24
U04825,Anh Minh Vũ,2025-12-10
U04826,Chị Hương Hoàng,2025-08-25
U04827,Kim Lê,2025-07-26
U04828,Quý ông Nhiên Phạm,2025-08-19
U04829,Chi Hoàng,2024-06-26
U04830,Nhật Bảo Mai,2024-05-27
U04831,Bác Tú Đặng,2024-09-02
U04832,Quý cô Xuân Dương,2024-09-11
U04833,Bảo Mai,2024-03-18
U04834,Châu Trần,2025-01-02
U04835,Bác Vũ Nguyễn,2025-03-27
U04836,Khoa Bảo Hoàng,2025-08-14
U04837,Chị Kim Dương,2025-11-12
U04838,Bảo Nguyễn,2025-09-15
U04839,Quý ông Tùng Lê,2025-01-05
U04840,Bà Phương Trần,2024-01-02
U04841,Vũ Mai,2025-09-19
U04842,Cô An Trần,2025-10-30
U04843,Quý cô Thành Trần,2025-09-26
U04844,Kim Dương,2024-06-03
U04845,Ngọc Dương,2024-05-10
U04846,Lâm Trí Trần,2025-06-21
U04847,Quý cô Nhật Bùi,2025-10-02
U04848,Quý cô Thảo Mai,2024-12-18
U04849,Hoàng Dương,2024-05-24
U04850,Quý cô Linh Hoàng,2024-03-18
U04851,Lâm Đức Đặng,2024-06-25
U04852,Hưng Bảo Đặng,2025-11-06
U04853,Vũ Trí Bùi,2024-02-23
U04854,Bảo Đặng,2024-01-03
U04855,Chị Khoa Hoàng,2025-09-14
U04856,Xuân Đặng,2024-01-06
U04857,Chi Trần,2025-12-16
U04858,Khoa Xuân Hoàng,2025-02-03
U04859,Cô Nhật Phạm,2024-01-04
U04860,Hương Mai,2024-04-17
U04861,Khoa Đặng,2024-09-09
U04862,Quang Mai,2025-09-23
U04863,Nhật Trần,2024-03-25
U04864,Khoa Quang Lê,2024-09-27
U04865,Hoàng Phạm,2025-07-19
U04866,Khoa Xuân Hoàng,2025-12-02
U04867,Nhiên Mai,2024-07-23
U04868,Thành Nguyễn,2025-11-03
U04869,An Phạm,2024-08-11
U04870,Hà Hoàng Bùi,2025-07-22
U04871,Duyên Mai,2024-04-04
U04872,Bà Mai Phạm,2025-08-06
U04873,Ngọc Lê,2025-08-11
U04874,An Phú Trần,2025-01-13
U04875,Anh Đức Vũ,2025-11-15
U04876,Ông Thành Trần,2025-02-20
U04877,Ánh Trần,2025-11-13
U04878,Thành Phạm,2024-08-01
U04879,Bà Hạnh Hoàng,2025-04-24
U04880,Bác Anh Hoàng,2024-07-08
U04881,Châu Nguyễn,2025-04-18
U04882,Quang Nguyễn,2024-06-30
U04883,Ngọc Bùi,2025-11-27
U04884,Hải Hải Trần,2025-10-10
U04885,Cô Phương Mai,2025-03-13
U04886,Cô Khoa Vũ,2024-12-23
U04887,Bác Tú Mai,2024-07-16
U04888,Cô Khoa Dương,2024-06-10
U04889,Nhật Bùi,2024-02-29
U04890,Trọng Đặng,2024-02-28
U04891,Bảo Lê,2025-01-08
U04892,Bác Anh Dương,2024-10-07
U04893,Bảo Vũ,2025-11-16
U04894,Hạnh Tấn Hoàng,2024-11-15
U04895,Hải Tấn Phạm,2024-05-03
U04896,Quý cô Dương Nguyễn,2025-01-16
U04897,Hạnh Tấn Nguyễn,2024-04-05
U04898,Quý cô An Dương,2025-03-26
U04899,Dũng Nguyễn,2025-08-04
U04900,An Mai Hoàng,2025-01-14
U04901,An Xuân Đặng,2024-07-17
U04902,Quý cô Dương Mai,2025-04-24
U04903,Bảo Phú Trần,2024-12-26
U04904,Quý ông Trọng Nguyễn,2025-06-30
U04905,Bác Anh Dương,2024-11-08
U04906,An Thị Đặng,2025-03-11
U04907,Lâm Đức Đặng,2025-07-17
U04908,Nhật Mai,2024-01-12
U04909,Trọng Đức Lê,2024-01-15
U04910,Hương Hoàng,2025-12-08
U04911,Bảo Vũ,2025-07-14
U04912,Chị Chi Trần,2024-06-22
U04913,Quý cô Mai Bùi,2025-11-28
U04914,Quang Bảo Mai,2025-07-30
U04915,Quý cô Hải Bùi,2024-03-13
U04916,Tú Phú Hoàng,2024-08-06
U04917,Ánh Phạm,2025-09-13
U04918,Thành Đức Nguyễn,2025-11-08
U04919,Cô Ngọc Vũ,2024-11-17
U04920,Cô Chi Lê,2025-01-03
U04921,Duyên Dương,2025-10-16
U04922,Anh Trí Đặng,2024-12-08
U04923,Kim Hoàng,2024-03-07
U04924,Trung Hoàng,2025-02-20
U04925,Bà Phương Trần,2024-09-24
U04926,Hạnh Đặng,2024-03-24
U04927,An Nguyễn,2024-06-27
U04928,Anh Khoa Phạm,2025-12-24
U04929,Yến Lê,2024-05-29
U04930,Trọng Xuân Dương,2024-04-03
U04931,Cô Phương Lê,2025-10-03
U04932,Yến Hoàng,2024-11-03
U04933,Cô Kim Mai,2024-09-18
U04934,Minh Lê,2025-06-21
U04935,Hà Đức Vũ,2024-09-16
U04936,Thành Đặng,2025-03-05
U04937,Yến Lê,2025-04-14
U04938,An Hoàng,2025-11-10
U04939,Minh Bảo Vũ,2025-12-27
U04940,Bảo Hữu Vũ,2025-06-04
U04941,Nhật Hoàng,2024-01-07
U04942,Nhật Tấn Đặng,2024-03-15
U04943,Hải Thế Dương,2024-01-27
U04944,Nhật Trí Vũ,2025-07-05
U04945,Anh Khoa Đặng,2025-11-14
U04946,Anh Anh Vũ,2025-09-29
U04947,Khoa Hoàng,2025-09-01
U04948,Quý cô Lan Phạm,2025-03-16
U04949,Chị Chi Lê,2024-02-21
U04950,Dương Dương,2025-02-21
U04951,Ông Tú Vũ,2025-11-24
U04952,Thành Phạm,2025-10-01
U04953,Dũng Hữu Hoàng,2024-05-04
U04954,Thành Vũ,2024-02-20
U04955,Châu Đức Dương,2025-05-22
U04956,Vi Dương,2024-03-06
U04957,Chị Phương Hoàng,2024-06-19
U04958,Nam Đặng,2024-10-24
U04959,Lan Vũ,2025-07-06
U04960,Bảo Trần,2024-09-18
U04961,Khoa Tấn Hoàng,2025-07-11
U04962,Trọng Quang Phạm,2025-08-21
U04963,Yến Nguyễn,2024-12-03
U04964,Ánh Bùi,2025-02-09
U04965,Bác Phúc Mai,2024-09-08
U04966,Bảo Văn Phạm,2025-07-28
U04967,Anh Phúc Nguyễn,2024-03-16
U04968,Bà Dương Đặng,2025-03-16
U04969,Phúc Mai,2024-11-20
U04970,Dũng Văn Đặng,2024-02-29
U04971,Bác Minh Mai,2025-03-01
U04972,Hoàng Phạm,2024-02-13
U04973,Quý cô Phương Trần,2025-02-18
U04974,Phúc Hoàng Lê,2024-12-07
U04975,Quý cô Phương Trần,2025-08-24
U04976,Quý cô Nhật Đặng,2024-07-23
U04977,Quý ông Phúc Bùi,2025-05-21
U04978,An Đặng,2025-07-12
U04979,Nhiên Hoàng,2025-03-29
U04980,Bảo Nguyễn,2024-01-28
U04981,Bác Trung Hoàng,2024-08-24
U04982,Hoàng Trần,2025-05-18
U04983,Hạnh Mai Bảo Nguyễn,2025-02-05
U04984,Ông Tùng Phạm,2025-01-04
U04985,Trọng Dương,2024-04-02
U04986,Quang Nguyễn,2025-09-27
U04987,Quang Đặng,2025-07-23
U04988,Nhật Vũ,2025-09-02
U04989,Cô Thảo Lê,2025-08-07
U04990,Phương Hữu Dương,2025-07-24
U04991,Cô Lâm Phạm,2024-05-10
U04992,Bảo Vũ,2024-07-01
U04993,Chị Ánh Lê,2025-04-29
U04994,Bác Huy Vũ,2024-01-04
U04995,Kim Nguyễn,2024-09-24
U04996,Hương Phạm,2025-01-03
U04997,Ông Vũ Dương,2025-12-16
U04998,Ông Hưng Vũ,2025-07-28
U04999,Quý cô Lan Hoàng,2024-02-29
U05000,An Bùi,2024-02-10
U05001,Quang Thế Dương,2024-02-19
U05002,Bà Vân Lê,2024-07-12
U05003,Chị Hải Mai,2025-12-21
U05004,Kim Hoàng Nguyễn,2024-05-22
U05005,Duyên Trần,2025-12-26
U05006,Ánh Nguyễn,2025-10-10
U05007,Hải Nguyễn,2024-09-20
U05008,Khoa Nguyễn,2025-02-07
U05009,Khoa Phạm,2024-10-07
U05010,Thành Phạm,2024-05-30
U05011,Cô Nhật Lê,2025-05-07
U05012,Bà Xuân Mai,2024-05-29
U05013,Trung Bùi,2025-03-07
U05014,Chị Hải Hoàng,2025-07-14
U05015,Kim Phạm,2024-07-16
U05016,Chị Hải Trần,2025-03-14
U05017,Quý cô Linh Hoàng,2024-11-07
U05018,Phúc Đức Hoàng,2025-06-15
U05019,Quý cô Hải Hoàng,2024-01-01
U05020,Cô Ngọc Bùi,2024-09-29
U05021,Phúc Hoàng,2024-05-19
U05022,Quý cô Hồng Đặng,2024-06-16
U05023,Bảo Quang Vũ,2025-08-26
U05024,Anh Trung Lê,2025-11-06
U05025,An Quang Phạm,2025-12-30
U05026,Bảo Hoàng,2024-04-19
U05027,Vân Phạm,2024-11-26
U05028,Vân Nguyễn,2025-10-09
U05029,Quang Đặng,2025-01-08
U05030,Bà Duyên Mai,2024-02-17
U05031,Ngọc Trần,2025-02-05
U05032,Trung Hữu Lê,2025-11-30
U05033,Quang Hữu Vũ,2024-11-23
U05034,Quý ông Thành Vũ,2024-10-14
U05035,Dũng Mai Nguyễn,2025-06-16
U05036,Quý ông Anh Phạm,2025-07-10
U05037,An Thị Hoàng,2024-01-21
U05038,Huy Thế Trần,2025-11-04
U05039,Anh Tú Phạm,2025-06-10
U05040,Bác Huy Dương,2024-11-03
U05041,Chị Thành Vũ,2024-12-25
U05042,Quý cô Yến Vũ,2025-07-23
U05043,Quý ông Quang Lê,2025-06-16
U05044,An Mai,2024-11-09
U05045,Phương Bùi,2024-02-29
U05046,Hương Lê,2025-03-01
U05047,Hà Đức Mai,2025-12-12
U05048,Cô Lâm Trần,2025-11-10
U05049,Ánh Dương,2025-06-25
U05050,Ánh Vũ,2024-08-14
U05051,Lâm Quang Bùi,2025-07-11
U05052,Ông Tùng Đặng,2024-01-25
U05053,Nhật Xuân Vũ,2024-04-18
U05054,Ông Anh Trần,2025-10-29
U05055,Trung Mai Vũ,2024-07-02
U05056,Quang Hoàng Mai,2024-10-12
U05057,Thành Bùi,2025-01-26
U05058,Bảo Tấn Phạm,2025-12-13
U05059,Bác Hưng Phạm,2025-10-05
U05060,Thành Hoàng,2024-12-01
U05061,Cô Duyên Lê,2025-10-25
U05062,Hà Lê,2025-02-11
U05063,Quý cô Linh Nguyễn,2025-05-16
U05064,Hải Thế Hoàng,2024-04-06
U05065,Hà Quang Bùi,2025-03-11
U05066,Hạnh Mai,2024-01-24
U05067,Nhật Mai Phạm,2025-04-27
U05068,Quý ông Quang Trần,2025-02-04
U05069,Cô Linh Lê,2024-03-13
U05070,Anh Hưng Vũ,2024-04-12
U05071,Hưng Lê,2024-11-25
U05072,Hà Trần,2024-03-03
U05073,Chị Vi Lê,2025-09-17
U05074,Ông Quang Phạm,2025-10-05
U05075,Quý cô Lâm Phạm,2025-03-26
U05076,Chị Vân Trần,2024-09-28
U05077,Thành Hữu Vũ,2024-01-10
U05078,Bà Kim Hoàng,2025-09-04
U05079,Châu Hoàng,2025-11-29
U05080,Khoa Hữu Mai,2024-03-28
U05081,Hải Hải Trần,2025-06-25
U05082,Minh Đức Mai,2025-06-02
U05083,Phương Mai Dương,2024-01-18
U05084,Cô Hà Bùi,2024-12-21
U05085,Bác Quang Hoàng,2024-02-14
U05086,Lâm Mai Bảo Đặng,2024-12-22
U05087,Cô Ánh Vũ,2025-09-30
U05088,Hải Mai Bảo Trần,2024-07-05
U05089,Ngọc Dương,2024-08-28
U05090,Vũ Hoàng,2025-08-30
U05091,Hưng Hoàng Nguyễn,2025-01-15
U05092,Hưng Trí Trần,2025-04-28
U05093,Quý ông Minh Dương,2025-08-09
U05094,Hạnh Thị Lê,2024-12-13
U05095,Cô Khoa Nguyễn,2025-04-18
U05096,Hoàng Trí Phạm,2024-10-12
U05097,Châu Nguyễn,2025-11-03
U05098,Dũng Xuân Phạm,2025-08-28
U05099,Minh Lê,2025-11-18
U05100,Quý cô Lan Dương,2025-08-22
U05101,Chi Phạm,2024-04-20
U05102,Huy Hoàng,2025-10-20
U05103,Bà Hạnh Phạm,2025-02-14
U05104,Nhật Thế Hoàng,2024-04-05
U05105,Cô Nhật Bùi,2024-10-23
U05106,Chị Lâm Vũ,2025-08-27
U05107,Bác Trọng Lê,2024-07-31
U05108,Quý cô Nhật Lê,2025-07-09
U05109,Hà Văn Bùi,2025-05-20
U05110,Chị Nhật Lê,2025-10-15
U05111,Anh Bảo Mai,2024-06-07
U05112,Khoa Dương,2024-04-26
U05113,Vũ Hoàng,2025-09-25
U05114,Quý cô Thảo Phạm,2025-09-28
U05115,Cô Ngọc Bùi,2024-04-07
U05116,Bác Trọng Trần,2024-02-07
U05117,Quý cô Mai Lê,2025-09-22
U05118,Hưng Bảo Đặng,2025-10-17
U05119,Kim Thị Hoàng,2025-04-06
U05120,Ánh Trần,2025-02-20
U05121,Quý ông Phúc Phạm,2024-02-07
U05122,Quý cô Linh Bùi,2024-12-02
U05123,Bảo Văn Hoàng,2024-01-04
U05124,Bà Bảo Mai,2024-06-10
U05125,Quý cô Yến Lê,2025-03-07
U05126,Bảo Đặng,2024-10-17
U05127,Quý cô Kim Hoàng,2025-05-25
U05128,Bảo Phú Dương,2024-10-14
U05129,Tùng Phú Nguyễn,2025-01-24
U05130,Vũ Vũ,2024-03-28
U05131,Kim Dương,2024-02-01
U05132,Yến Lê,2024-08-18
U05133,Quý ông Thành Bùi,2025-09-18
U05134,Bác Tú Trần,2024-04-04
U05135,Thành Hoàng,2024-03-30
U05136,Bảo Đặng,2025-10-01
U05137,Nhật Lê,2025-08-11
U05138,Linh Dương,2025-04-25
U05139,An Đặng,2024-12-10
U05140,Nhiên Đức Đặng,2024-02-29
U05141,Bác Khoa Dương,2024-05-29
U05142,Bảo Mai,2024-04-10
U05143,Hương Lê,2024-08-07
U05144,Bà Vi Phạm,2025-01-11
U05145,Quý cô Vi Phạm,2025-10-16
U05146,Hoàng Dương,2024-03-01
U05147,Phương Trí Nguyễn,2024-04-28
U05148,Chị Bảo Bùi,2025-07-11
U05149,Phúc Phú Hoàng,2024-05-27
U05150,Quang Hải Lê,2024-07-14
U05151,Cô Lâm Trần,2024-11-29
U05152,Kim Nguyễn,2024-03-04
U05153,Nhật Hữu Lê,2025-08-27
U05154,Minh Vũ,2024-09-07
U05155,Chị Duyên Mai,2024-06-24
U05156,Quý ông Trọng Vũ,2024-09-07
U05157,Cô Mai Trần,2024-03-15
U05158,Hạnh Bùi,2024-09-26
U05159,Bác Nam Trần,2024-07-16
U05160,Lan Đặng,2025-03-20
U05161,Bác Vũ Hoàng,2025-04-08
U05162,Cô An Phạm,2024-05-11
U05163,Bảo Nguyễn,2024-09-13
U05164,Bà Linh Trần,2024-11-12
U05165,Tú Mai Hoàng,2025-05-26
U05166,Linh Trần,2025-07-07
U05167,Bác Trọng Hoàng,2025-10-05
U05168,Quý ông Dũng Nguyễn,2025-06-06
U05169,Kim Xuân Trần,2025-02-26
U05170,Quý cô Lan Mai,2025-08-09
U05171,Bảo Đức Nguyễn,2024-01-17
U05172,Bảo Hoàng Hoàng,2025-11-02
U05173,Cô Vi Lê,2024-05-05
U05174,Quang Mai Nguyễn,2025-07-06
U05175,Vi Dương,2024-08-01
U05176,Vũ Bùi,2024-03-31
U05177,Bác Trọng Lê,2025-03-10
U05178,Quý cô Hải Mai,2025-12-28
U05179,Nam Văn Đặng,2024-10-11
U05180,Phương Mai Bảo Mai,2025-02-23
U05181,Minh Mai,2024-02-17
U05182,Quý ông Phúc Hoàng,2024-07-19
U05183,An Hải Đặng,2024-11-06
U05184,Trọng Lê,2025-03-02
U05185,Thành Phạm,2025-08-18
U05186,Bác Nhiên Nguyễn,2024-11-09
U05187,Chị Hà Lê,2024-03-03
U05188,Nhật Lê,2025-03-29
U05189,Quý cô Hương Hoàng,2024-03-09
U05190,Bà Chi Lê,2025-03-05
U05191,Thảo Vũ,2024-08-06
U05192,Cô Dương Dương,2025-12-17
U05193,Hoàng Văn Phạm,2025-01-19
U05194,Nhật Dương,2025-02-03
U05195,Nhật Trần,2024-03-19
U05196,Quý cô Phương Mai,2025-06-26
U05197,Mai Vũ,2025-11-14
U05198,Anh Hưng Dương,2025-04-26
U05199,Ông Dũng Hoàng,2025-10-22
U05200,Quý ông Trọng Lê,2025-08-07
U05201,Hà Hoàng,2025-03-07
U05202,Phương Trần,2024-04-04
U05203,Cô Duyên Đặng,2025-07-22
U05204,Anh Tú Dương,2025-05-26
U05205,Cô Ngọc Mai,2024-01-15
U05206,Quý cô Vi Bùi,2025-08-01
U05207,Nhật Mai,2024-05-23
U05208,Châu Thế Dương,2024-02-02
U05209,Khoa Đặng,2024-06-30
U05210,Dũng Phú Lê,2025-10-17
U05211,Kim Mai Đặng,2024-07-19
U05212,Thành Đức Trần,2025-03-13
U05213,Dũng Hoàng,2024-09-29
U05214,Minh Bùi,2025-08-01
U05215,An Bùi,2025-03-14
U05216,Bà Dương Dương,2025-06-26
U05217,Bảo Trần,2024-09-27
U05218,Trọng Trí Nguyễn,2025-07-17
U05219,Cô Hải Đặng,2024-07-23
U05220,Quý cô Vi Dương,2024-03-09
U05221,Nhật Bảo Mai,2025-12-27
U05222,Anh Minh Đặng,2024-11-17
U05223,Dũng Hoàng Vũ,2024-05-01
U05224,Ông Hưng Lê,2025-01-09
U05225,Bà Xuân Hoàng,2025-11-20
U05226,Thành Nguyễn,2025-02-14
U05227,Hà Đức Dương,2024-08-16
U05228,Ngọc Nguyễn,2024-07-20
U05229,Hồng Đặng,2025-07-05
U05230,Châu Đặng,2024-06-16
U05231,Anh Dũng Phạm,2025-05-07
U05232,Quý ông Quang Phạm,2025-09-12
U05233,Quý ông Châu Đặng,2024-03-19
U05234,Tùng Bùi,2025-01-21
U05235,Khoa Phạm,2025-07-27
U05236,Bà Thành Mai,2025-12-13
U05237,Quý cô Mai Nguyễn,2025-08-27
U05238,Ông Trọng Bùi,2025-08-13
U05239,Khoa Xuân Hoàng,2024-12-02
U05240,Mai Bùi,2025-01-06
U05241,Cô Yến Đặng,2025-07-22
U05242,Hưng Bùi,2025-09-24
U05243,Dũng Mai,2024-12-14
U05244,Thảo Bùi,2024-08-21
U05245,Tú Lê,2024-03-06
U05246,Lâm Vũ,2024-01-07
U05247,An Bùi,2024-11-24
U05248,Tú Nguyễn,2024-04-22
U05249,Khoa Mai Vũ,2025-10-15
U05250,Anh Vũ Dương,2025-12-05
U05251,Chi Nguyễn,2025-12-02
U05252,Lâm Mai Bảo Bùi,2024-05-13
U05253,Cô Lan Bùi,2024-03-24
U05254,Bà Yến Hoàng,2025-04-14
U05255,Quý cô Ngọc Trần,2024-12-28
U05256,Tú Phạm,2025-02-21
U05257,Anh Trung Phạm,2025-06-27
U05258,Thành Trần,2024-05-15
U05259,Khoa Trần,2025-11-29
U05260,Cô Hạnh Mai,2024-03-04
U05261,Nhật Hoàng,2024-11-18
U05262,Bà Thảo Nguyễn,2025-07-16
U05263,Lâm Dương,2025-09-16
U05264,Chị Chi Lê,2025-03-06
U05265,Quý cô Hồng Phạm,2025-12-02
U05266,Bà Duyên Lê,2025-01-19
U05267,Anh Tú Đặng,2024-05-21
U05268,Bà Hồng Hoàng,2024-06-16
U05269,Nhật Trí Vũ,2024-05-05
U05270,Tú Trí Hoàng,2024-06-05
U05271,Bà Thảo Trần,2024-12-10
U05272,An Trần,2025-08-05
U05273,Nam Đặng,2025-06-26
U05274,Khoa Thế Bùi,2024-07-06
U05275,Phương Thị Dương,2024-12-07
U05276,Chị Thành Vũ,2024-06-12
U05277,Quý cô Hải Vũ,2025-04-05
U05278,Bà An Vũ,2025-06-01
U05279,Quý cô Thảo Phạm,2024-07-12
U05280,Quý ông Thành Vũ,2024-03-11
U05281,Trung Lê,2025-10-23
U05282,Phương Lê,2024-04-13
U05283,Lâm Đặng,2024-03-17
U05284,Dũng Thế Vũ,2024-07-18
U05285,An Trần,2025-05-15
U05286,Bác Minh Dương,2025-11-24
U05287,Chi Đặng,2024-03-02
U05288,Hải Hoàng Trần,2025-07-16
U05289,Phương Tấn Bùi,2024-12-13
U05290,An Trần,2024-09-28
U05291,Quý cô Nhật Đặng,2025-09-17
U05292,Bác Thành Mai,2025-04-08
U05293,Bảo Trí Vũ,2024-11-23
U05294,Hạnh Vũ,2025-05-06
U05295,Hải Tấn Dương,2025-01-23
U05296,Hạnh Đặng,2024-09-11
U05297,Chị Chi Phạm,2024-08-09
U05298,Quý ông Anh Vũ,2024-03-16
U05299,Anh Hải Vũ,2024-09-28
U05300,Vi Trần,2025-02-15
U05301,Phúc Hoàng,2024-03-14
U05302,Phương Mai,2025-11-11
U05303,Quý cô Kim Trần,2025-12-10
U05304,Chị Ánh Phạm,2024-10-28
U05305,Cô Kim Bùi,2024-06-10
U05306,Trọng Đặng,2024-12-06
U05307,Hà Mai Đặng,2025-08-01
U05308,Vũ Vũ,2024-10-18
U05309,Hải Đức Dương,2024-06-22
U05310,Quý ông Tú Đặng,2024-03-24
U05311,Khoa Dương,2024-12-28
U05312,Cô Hạnh Lê,2025-12-01
U05313,Quý cô Hà Phạm,2024-09-23
U05314,Bà Kim Đặng,2024-06-29
U05315,Khoa Đặng,2025-03-01
U05316,Huy Văn Bùi,2025-01-18
U05317,Cô Phương Dương,2025-07-14
U05318,Cô Khoa Hoàng,2024-02-24
U05319,Trọng Mai Bảo Vũ,2025-10-27
U05320,Chi Mai,2024-03-31
U05321,Nam Vũ,2025-11-30
U05322,Minh Đức Hoàng,2024-05-31
U05323,Cô Hà Đặng,2024-08-15
U05324,Cô Mai Hoàng,2024-01-09
U05325,Hương Trần,2024-06-09
U05326,Chị Vân Mai,2024-02-29
U05327,Cô Xuân Bùi,2025-01-16
U05328,Hoàng Hữu Lê,2025-04-04
U05329,Ông Dũng Nguyễn,2024-12-30
U05330,Trọng Xuân Hoàng,2024-03-04
U05331,Kim Mai,2025-08-21
U05332,Lâm Phạm,2024-06-09
U05333,Hà Mai,2025-04-02
U05334,Quý cô Hà Dương,2024-02-02
U05335,Ông Minh Bùi,2025-02-06
U05336,Quý cô Thành Phạm,2024-01-09
U05337,Nhật Tấn Hoàng,2024-03-21
U05338,Chị Nhật Nguyễn,2025-01-14
U05339,Vũ Tấn Bùi,2024-10-09
U05340,Hương Đặng,2024-02-06
U05341,Hà Bảo Trần,2024-11-02
U05342,An Bùi,2025-06-01
U05343,Huy Lê,2024-07-01
U05344,Lâm Mai Dương,2024-08-11
U05345,An Nguyễn,2024-03-12
U05346,Hưng Đức Nguyễn,2025-01-25
U05347,Hoàng Trần,2025-09-08
U05348,Linh Vũ,2024-09-28
U05349,Khoa Hải Nguyễn,2024-04-04
U05350,Xuân Đặng,2025-08-14
U05351,Bác Nhiên Lê,2025-12-07
U05352,Quang Bùi,2025-03-25
U05353,Trung Văn Phạm,2025-07-31
U05354,Anh Hoàng Hoàng,2024-01-03
U05355,Tú Bùi,2025-01-23
U05356,Phương Đặng,2025-05-02
U05357,Quang Trần,2024-10-07
U05358,Bà Ngọc Trần,2024-03-16
U05359,Nhật Hữu Phạm,2024-12-03
U05360,Nhật Xuân Trần,2025-05-17
U05361,Khoa Trí Trần,2024-06-16
U05362,Bảo Xuân Dương,2025-08-14
U05363,Nam Đức Lê,2025-06-20
U05364,An Nguyễn,2024-07-03
U05365,Chị Vân Đặng,2024-06-08
U05366,Bà Kim Dương,2024-08-31
U05367,Chị Thảo Hoàng,2024-01-21
U05368,Thành Thế Phạm,2025-08-12
U05369,Chị Mai Hoàng,2024-07-28
U05370,Tú Dương,2024-02-16
U05371,Dũng Mai,2024-06-21
U05372,Bà Lâm Nguyễn,2025-09-08
U05373,Quý ông Thành Lê,2024-01-13
U05374,Cô Bảo Nguyễn,2024-11-08
U05375,Kim Mai,2025-06-28
U05376,Ông Phúc Trần,2024-09-29
U05377,Nhiên Thị Đặng,2024-12-01
U05378,Bảo Hoàng,2025-06-15
U05379,Nhật Dương,2025-04-12
U05380,Thành Lê,2025-06-05
U05381,Khoa Thị Dương,2025-02-01
U05382,Vi Nguyễn,2025-06-05
U05383,Khoa Bảo Bùi,2024-06-04
U05384,Khoa Trí Bùi,2024-05-15
U05385,Hạnh Nguyễn,2024-11-10
U05386,Cô Hải Hoàng,2024-11-08
U05387,Bảo Đặng,2025-10-12
U05388,Quý cô An Vũ,2024-07-03
U05389,Quý cô Dương Vũ,2024-07-10
U05390,Chị Chi Nguyễn,2024-05-07
U05391,Bà Linh Vũ,2025-07-28
U05392,Châu Xuân Nguyễn,2025-08-21
U05393,Hà Trần,2024-02-18
U05394,Anh Mai Bảo Trần,2025-05-08
U05395,Bác Bảo Nguyễn,2024-02-21
U05396,Quý cô Hải Nguyễn,2025-05-03
U05397,Minh Bùi,2025-12-02
U05398,Vi Trần,2025-09-11
U05399,Hà Trần,2024-01-19
U05400,Chị Mai Phạm,2024-02-26
U05401,Minh Trần,2024-09-22
U05402,Quý cô An Trần,2024-06-27
U05403,Bảo Thế Dương,2024-09-15
U05404,Vân Lê,2025-05-25
U05405,Tùng Mai Vũ,2024-09-13
U05406,Phương Hải Mai,2025-10-10
U05407,Ông Trung Hoàng,2024-07-03
U05408,Quý cô Duyên Bùi,2025-12-06
U05409,Nhật Trần,2024-11-27
U05410,Ánh Hoàng,2025-06-17
U05411,Hà Đức Đặng,2024-12-28
U05412,Bảo Mai Nguyễn,2024-05-12
U05413,Hạnh Xuân Bùi,2025-06-02
U05414,Cô Kim Dương,2024-06-02
U05415,Bác Vũ Dương,2024-08-30
U05416,Vân Vũ,2024-08-31
U05417,Nhật Xuân Vũ,2025-05-24
U05418,Ánh Phạm,2024-06-16
U05419,Quý cô Phương Nguyễn,2024-06-03
U05420,Hạnh Hoàng,2024-04-10
U05421,Bà Nhật Phạm,2025-08-05
U05422,Nhiên Phú Vũ,2024-10-11
U05423,Phương Dương,2025-10-29
U05424,Quý cô Lâm Lê,2025-10-18
U05425,Chị Hồng Đặng,2025-08-06
U05426,Trọng Phạm,2025-05-16
U05427,Nhật Vũ,2024-06-28
U05428,Kim Xuân Vũ,2025-07-17
U05429,Thành Đức Vũ,2025-01-09
U05430,Nam Hoàng Dương,2024-10-03
U05431,Hạnh Thị Mai,2024-12-02
U05432,Quý ông Huy Trần,2025-04-05
U05433,Thành Vũ,2025-09-25
U05434,Cô Vân Phạm,2025-03-26
U05435,Châu Trần,2025-03-31
U05436,Quý cô Xuân Phạm,2024-02-26
U05437,An Mai,2024-02-02
U05438,Quý cô Duyên Hoàng,2025-12-02
U05439,Quý cô Dương Hoàng,2025-12-29
U05440,Anh Tấn Phạm,2025-03-22
U05441,Quý ông Vũ Lê,2025-02-27
U05442,Chị Ngọc Nguyễn,2024-09-08
U05443,Hồng Trần,2024-01-12
U05444,Bà Vân Dương,2024-02-07
U05445,Quý cô Vi Hoàng,2025-09-30
U05446,Hạnh Mai Nguyễn,2025-12-08
U05447,Hoàng Phạm,2024-01-26
U05448,Phương Hữu Trần,2024-07-21
U05449,Hạnh Tấn Trần,2024-09-16
U05450,Anh Dũng Nguyễn,2024-04-15
U05451,Quý ông Tùng Bùi,2024-05-13
U05452,Thành Bùi,2024-05-07
U05453,Quý cô Hồng Bùi,2024-03-04
U05454,Bà Hải Đặng,2025-01-08
U05455,Tú Phạm,2024-09-29
U05456,Khoa Mai,2025-10-01
U05457,Huy Dương,2025-03-27
U05458,Chị Ánh Vũ,2024-04-12
U05459,Vũ Đức Hoàng,2024-06-19
U05460,Lâm Trí Dương,2024-05-24
U05461,Nhật Mai Lê,2025-11-15
U05462,Bác Quang Dương,2025-06-22
U05463,An Hoàng,2024-02-05
U05464,Nhật Quang Trần,2025-03-16
U05465,Lan Vũ,2025-04-30
U05466,Xuân Đặng,2024-10-26
U05467,Khoa Mai Bùi,2025-05-27
U05468,Huy Đức Trần,2024-11-20
U05469,Mai Phạm,2025-03-05
U05470,Ông Anh Đặng,2025-07-13
U05471,Hương Trần,2024-04-13
U05472,Cô Vi Lê,2025-02-01
U05473,Hà Thế Trần,2025-12-05
U05474,Vân Bùi,2025-06-15
U05475,Hải Thế Lê,2025-01-11
U05476,Cô Yến Nguyễn,2024-10-13
U05477,Nhiên Quang Bùi,2025-02-04
U05478,Huy Dương,2024-05-21
U05479,Nhật Hữu Mai,2025-07-04
U05480,Cô An Lê,2025-05-09
U05481,Bác Minh Phạm,2024-03-20
U05482,Vi Bùi,2025-09-06
U05483,Cô Thảo Vũ,2024-08-04
U05484,Thành Vũ,2025-04-21
U05485,Anh Nguyễn,2024-06-21
U05486,Cô Duyên Mai,2025-07-08
U05487,Thành Đặng,2025-10-07
U05488,Lâm Trần,2025-05-10
U05489,Bảo Hoàng Hoàng,2024-09-22
U05490,Hà Đặng,2024-04-16
U05491,Huy Đặng,2024-10-21
U05492,Khoa Tấn Vũ,2024-03-29
U05493,Quý ông Hưng Đặng,2025-08-03
U05494,Minh Dương,2025-11-08
U05495,Bác Khoa Phạm,2025-02-22
U05496,Cô Kim Mai,2025-11-08
U05497,Khoa Bùi,2025-03-27
U05498,Bà An Phạm,2024-05-25
U05499,Trung Nguyễn,2024-09-25
U05500,Hải Thị Mai,2025-01-24
U05501,Cô Nhật Vũ,2025-07-20
U05502,Vi Phạm,2025-01-29
U05503,Dũng Phạm,2025-05-08
U05504,Hương Mai,2025-07-11
U05505,Nhật Dương,2024-09-02
U05506,Bác Hoàng Hoàng,2024-09-07
U05507,Khoa Vũ,2025-01-11
U05508,Thành Hoàng,2025-11-24
U05509,Nhật Bùi,2025-01-23
U05510,Hà Thị Trần,2025-07-06
U05511,Cô Vi Đặng,2025-01-17
U05512,Bà Dương Vũ,2024-09-02
U05513,Hoàng Xuân Mai,2024-05-04
U05514,Bà Bảo Vũ,2024-03-14
U05515,Quý cô Hồng Mai,2024-09-16
U05516,Quang Đặng,2024-12-03
U05517,Chị Hạnh Phạm,2024-12-29
U05518,Cô Linh Hoàng,2025-03-11
U05519,Anh Minh Vũ,2024-02-10
U05520,Khoa Dương,2024-03-13
U05521,Lâm Phạm,2024-03-27
U05522,Dương Mai,2025-11-04
U05523,Hà Quang Hoàng,2024-09-21
U05524,Anh Minh Nguyễn,2025-12-16
U05525,Bà Lan Trần,2025-10-05
U05526,Chi Hoàng,2025-06-09
U05527,Nam Phạm,2024-08-09
U05528,Duyên Bùi,2024-05-22
U05529,Anh Mai,2024-07-06
U05530,Nhật Tấn Nguyễn,2025-12-15
U05531,Nhật Tấn Trần,2024-01-29
U05532,Lan Hoàng,2025-10-26
U05533,Cô Thành Dương,2025-09-17
U05534,Bác Quang Vũ,2025-01-30
U05535,Chị An Nguyễn,2024-03-20
U05536,Nhật Trí Hoàng,2025-12-28
U05537,Chi Trần,2024-01-12
U05538,Khoa Đức Phạm,2024-03-24
U05539,Châu Thị Mai,2025-08-16
U05540,Quý cô Hà Dương,2025-03-06
U05541,Quý ông Anh Trần,2024-01-17
U05542,Hạnh Xuân Dương,2025-01-25
U05543,Quý ông Dũng Đặng,2024-09-13
U05544,Hà Nguyễn,2024-02-23
U05545,Kim Thế Trần,2025-01-28
U05546,Cô Hương Nguyễn,2025-06-03
U05547,Kim Mai,2024-05-25
U05548,Minh Bùi,2025-05-09
U05549,Trung Thế Bùi,2024-08-23
U05550,Hà Trần,2024-09-21
U05551,Bà Hương Phạm,2024-04-23
U05552,Nam Vũ,2024-09-15
U05553,Vũ Dương,2024-07-13
U05554,Ông Tùng Hoàng,2025-02-05
U05555,Chị Kim Nguyễn,2025-04-09
U05556,Xuân Bùi,2024-09-28
U05557,Quý cô Duyên Đặng,2025-05-21
U05558,Hoàng Hải Vũ,2024-06-15
U05559,Bác Trung Hoàng,2024-05-28
U05560,Cô Duyên Dương,2025-03-14
U05561,Hà Bảo Phạm,2025-05-14
U05562,Khoa Dương,2024-05-11
U05563,Thành Dương,2024-01-16
U05564,Trung Lê,2024-04-09
U05565,Quý cô Nhật Trần,2025-11-09
U05566,Thành Trí Trần,2025-08-01
U05567,Chị Hà Phạm,2025-04-25
U05568,Tùng Mai,2025-11-19
U05569,Nhật Phạm,2025-04-08
U05570,Minh Phạm,2025-03-26
U05571,Yến Bùi,2025-05-12
U05572,Quang Dương,2025-12-23
U05573,Anh Hải Đặng,2025-07-09
U05574,Nhiên Mai,2025-01-29
U05575,Hà Đức Nguyễn,2024-05-02
U05576,Bảo Mai,2025-08-13
U05577,Khoa Lê,2025-09-03
U05578,Bác Nhiên Bùi,2025-02-18
U05579,Anh Mai,2024-09-30
U05580,Quang Mai,2025-06-01
U05581,Quý cô Chi Nguyễn,2024-10-28
U05582,Kim Mai Nguyễn,2025-12-29
U05583,Cô Lan Lê,2024-03-07
U05584,Trọng Phạm,2024-12-29
U05585,Bác Minh Nguyễn,2025-04-27
U05586,Bảo Bùi,2025-08-14
U05587,Anh Phúc Vũ,2025-08-28
U05588,Nhật Hoàng,2024-02-27
U05589,Bác Bảo Mai,2025-05-01
U05590,Bác Nam Lê,2024-06-10
U05591,Thành Vũ,2024-12-17
U05592,Ông Quang Nguyễn,2025-07-02
U05593,Hoàng Đức Đặng,2025-11-18
U05594,Chị Lan Phạm,2024-01-09
U05595,Chị Bảo Mai,2025-08-04
U05596,Bà Yến Bùi,2025-12-02
U05597,Nhật Nguyễn,2024-08-09
U05598,Anh Nhiên Trần,2025-04-19
U05599,Vân Trần,2024-09-14
U05600,Huy Đặng,2024-10-01
U05601,Linh Mai,2025-05-12
U05602,Huy Hữu Mai,2025-10-20
U05603,Tùng Bùi,2024-02-01
U05604,Quang Văn Nguyễn,2024-02-29
U05605,Tùng Vũ,2024-08-17
U05606,Anh Nhiên Mai,2025-02-22
U05607,Kim Lê,2025-08-05
U05608,Quang Thế Bùi,2025-01-02
U05609,Quý ông Dũng Dương,2025-11-22
U05610,Anh Quang Hoàng,2025-11-07
U05611,Anh Phúc Hoàng,2025-10-11
U05612,Chi Hoàng,2024-04-22
U05613,Chị Vân Bùi,2024-12-29
U05614,Tú Đặng,2024-04-03
U05615,Phương Xuân Bùi,2024-11-12
U05616,Quý cô Mai Đặng,2025-02-14
U05617,Nhật Hoàng,2025-12-16
U05618,Nhật Vũ,2025-05-22
U05619,Hồng Bùi,2024-09-06
U05620,Kim Đức Mai,2025-11-20
U05621,Linh Hoàng,2024-08-06
U05622,Anh Vũ Trần,2025-04-19
U05623,Bác Vũ Mai,2024-02-05
U05624,Bảo Đức Dương,2025-01-11
U05625,Bác Bảo Vũ,2024-02-03
U05626,Minh Hoàng,2025-08-08
U05627,Quý ông Trọng Mai,2024-03-25
U05628,Trọng Quang Bùi,2025-05-15
U05629,Tú Văn Nguyễn,2024-03-31
U05630,Nam Dương,2025-11-02
U05631,Cô Linh Nguyễn,2025-05-22
U05632,Quý cô Nhật Vũ,2024-12-03
U05633,Hoàng Hoàng,2024-02-15
U05634,Anh Minh Trần,2025-03-14
U05635,Bà Thảo Đặng,2024-06-03
U05636,Quý cô Xuân Vũ,2024-09-23
U05637,Bà Duyên Phạm,2025-09-02
U05638,Tú Đặng,2024-12-02
U05639,Cô Phương Phạm,2025-10-14
U05640,Nhiên Lê,2024-09-24
U05641,Hạnh Hữu Bùi,2024-07-28
U05642,Nhiên Nguyễn,2025-06-11
U05643,Quang Trí Phạm,2025-02-05
U05644,Trọng Thị Phạm,2024-11-09
U05645,An Hoàng,2025-07-16
U05646,Anh Trí Mai,2024-02-02
U05647,Quý cô Chi Trần,2024-06-30
U05648,Lâm Đặng,2024-12-28
U05649,Hoàng Lê,2024-09-29
U05650,Hạnh Lê,2024-06-01
U05651,Cô Mai Trần,2024-10-24
U05652,Quý ông Trung Đặng,2024-05-06
U05653,Hải Đặng,2024-01-24
U05654,Ông Khoa Dương,2025-09-24
U05655,Minh Đặng,2024-09-30
U05656,Bà Hải Đặng,2025-01-16
U05657,Anh Vũ Đặng,2025-12-25
U05658,Khoa Bảo Hoàng,2024-11-30
U05659,Cô Phương Dương,2024-08-12
U05660,Bảo Hữu Trần,2025-10-26
U05661,Hạnh Bùi,2024-10-18
U05662,An Hải Nguyễn,2024-10-14
U05663,Khoa Trần,2024-02-15
U05664,Linh Nguyễn,2025-07-09
U05665,Bà Khoa Phạm,2025-12-25
U05666,Tú Mai,2024-01-13
U05667,Hà Trần,2025-03-11
U05668,Khoa Đức Mai,2025-06-06
U05669,Cô Hạnh Trần,2025-06-28
U05670,Mai Dương,2024-03-08
U05671,Thảo Đặng,2025-03-17
U05672,Chị Hải Đặng,2024-02-25
U05673,Thành Mai Bảo Lê,2025-03-08
U05674,Hạnh Bùi,2025-01-21
U05675,An Vũ,2024-10-02
U05676,Anh Anh Hoàng,2025-08-16
U05677,Lâm Quang Trần,2025-05-17
U05678,Quý cô An Lê,2025-10-23
U05679,Khoa Phạm,2025-07-29
U05680,Phúc Bùi,2024-02-25
U05681,Hải Phạm,2025-11-07
U05682,Khoa Hữu Lê,2025-04-22
U05683,Quý cô Duyên Nguyễn,2025-01-18
U05684,Anh Khoa Bùi,2025-11-25
U05685,Quang Phú Hoàng,2024-04-09
U05686,Tùng Đức Hoàng,2024-09-19
U05687,Ông Dũng Trần,2024-10-01
U05688,Xuân Mai,2024-06-14
U05689,Hà Bảo Nguyễn,2024-04-08
U05690,Bảo Thế Nguyễn,2025-11-03
U05691,Hà Hữu Phạm,2024-08-01
U05692,Anh Trần,2025-02-13
U05693,Hà Nguyễn,2024-03-29
U05694,Tú Hoàng,2025-12-12
U05695,Bà Ngọc Hoàng,2024-11-08
U05696,Bảo Thị Dương,2025-10-15
U05697,Nam Nguyễn,2024-06-13
U05698,Anh Phạm,2024-11-04
U05699,Chị Ánh Vũ,2025-05-04
U05700,Cô Lan Vũ,2024-10-27
U05701,Chị Khoa Trần,2024-06-02
U05702,Phúc Bảo Mai,2024-03-06
U05703,Hạnh Mai Trần,2025-07-15
U05704,Hải Thế Dương,2025-02-11
U05705,Quang Phú Phạm,2025-01-01
U05706,Anh Nguyễn,2025-08-23
U05707,Hải Mai,2025-03-09
U05708,Vi Đặng,2024-01-29
U05709,Nhật Trần,2025-02-24
U05710,Nhật Bùi,2024-04-28
U05711,Dũng Hoàng,2025-01-11
U05712,Nhật Phú Vũ,2024-10-27
U05713,Quý ông Trọng Hoàng,2025-04-23
U05714,Cô Yến Đặng,2024-11-20
U05715,Lâm Lê,2025-03-05
U05716,Cô Nhật Đặng,2025-06-28
U05717,Trọng Trí Hoàng,2024-10-20
U05718,Chị Hạnh Trần,2024-12-30
U05719,Quang Nguyễn,2025-01-25
U05720,Ông Bảo Vũ,2025-10-12
U05721,Huy Mai Bảo Bùi,2024-06-25
U05722,Nhật Trần,2025-04-01
U05723,Khoa Lê,2025-01-20
U05724,Chị Hạnh Vũ,2025-10-08
U05725,Cô Nhật Mai,2024-08-08
U05726,Bà Hạnh Bùi,2025-11-21
U05727,Quý cô Lan Mai,2024-04-13
U05728,Ngọc Vũ,2024-12-11
U05729,Ông Hưng Trần,2024-12-19
U05730,Phúc Đức Phạm,2024-08-01
U05731,Cô Hạnh Trần,2024-09-24
U05732,Bà Thảo Phạm,2024-03-12
U05733,Khoa Bùi,2024-08-20
U05734,Cô Mai Lê,2025-08-23
U05735,Bà An Hoàng,2024-12-14
U05736,Chị Nhật Lê,2025-07-10
U05737,Nhật Phạm,2025-02-02
U05738,Duyên Vũ,2025-08-25
U05739,Huy Trí Hoàng,2025-03-20
U05740,Nam Xuân Hoàng,2024-05-06
U05741,Hoàng Thế Mai,2025-09-26
U05742,Châu Tấn Hoàng,2024-06-16
U05743,Quý cô Linh Đặng,2024-06-11
U05744,Bà Hồng Bùi,2025-06-27
U05745,Dũng Bùi,2024-07-27
U05746,Khoa Nguyễn,2025-01-14
U05747,Hưng Phú Vũ,2024-09-01
U05748,Ông Hưng Phạm,2025-03-05
U05749,Khoa Đức Lê,2024-06-03
U05750,Cô Vân Đặng,2025-04-22
U05751,Quý cô Lâm Mai,2024-02-27
U05752,Vân Hoàng,2024-09-29
U05753,Chị Hà Dương,2025-10-04
U05754,Hạnh Vũ,2025-10-16
U05755,Cô Hải Dương,2024-02-20
U05756,Dũng Phạm,2024-05-20
U05757,Hạnh Trí Đặng,2024-01-10
U05758,Chị Phương Lê,2025-07-18
U05759,Lâm Thị Lê,2025-08-05
U05760,Hoàng Phú Vũ,2024-03-01
U05761,Tùng Dương,2024-06-30
U05762,Trọng Bảo Vũ,2025-07-15
U05763,Tú Đức Mai,2025-11-15
U05764,Hà Đặng,2025-10-26
U05765,Dũng Đặng,2025-05-13
U05766,Thảo Lê,2025-01-02
U05767,Bà Hương Trần,2024-11-22
U05768,Nam Mai,2024-07-25
U05769,Hương Vũ,2024-03-22
U05770,Chị Lan Bùi,2025-08-08
U05771,Xuân Nguyễn,2024-07-14
U05772,Hà Phạm,2025-07-19
U05773,Lâm Mai,2024-11-03
U05774,Vũ Quang Đặng,2024-09-02
U05775,Chị An Đặng,2025-01-21
U05776,Thành Thế Bùi,2025-04-09
U05777,Nam Nguyễn,2024-02-18
U05778,Quý cô Lan Nguyễn,2025-04-22
U05779,Cô Bảo Bùi,2024-12-03
U05780,Quý cô Lâm Hoàng,2024-01-03
U05781,Duyên Dương,2025-09-03
U05782,Xuân Mai,2025-11-19
U05783,Nhật Bùi,2024-12-24
U05784,Châu Tấn Dương,2024-12-28
U05785,Hưng Phạm,2024-03-11
U05786,Anh Bảo Nguyễn,2024-12-15
U05787,Chị Khoa Hoàng,2025-02-20
U05788,Huy Đặng,2024-03-10
U05789,An Đặng,2024-10-20
U05790,Vi Trần,2025-04-25
U05791,Cô Mai Dương,2025-12-20
U05792,Lan Mai,2025-02-20
U05793,Lâm Nguyễn,2025-04-05
U05794,Minh Trần,2025-06-19
U05795,Ông Dũng Lê,2024-08-29
U05796,Thành Hải Bùi,2025-12-17
U05797,Bà Linh Mai,2024-10-29
U05798,Minh Lê,2025-02-09
U05799,An Thế Đặng,2024-11-21
U05800,Quý cô Yến Hoàng,2025-10-27
U05801,Lâm Đức Bùi,2024-04-24
U05802,Quý cô Duyên Phạm,2024-08-18
U05803,Hạnh Hoàng,2025-07-26
U05804,Quý cô Hương Nguyễn,2025-08-03
U05805,Khoa Hoàng Nguyễn,2025-08-01
U05806,Quang Mai,2025-02-09
U05807,Cô Thành Lê,2024-09-19
U05808,Anh Trần,2025-08-15
U05809,Thảo Bùi,2024-04-28
U05810,Khoa Thị Trần,2024-05-26
U05811,Bảo Thế Trần,2025-01-06
U05812,Phương Thị Dương,2024-02-01
U05813,Quang Lê,2025-03-18
U05814,Bảo Phú Dương,2024-05-01
U05815,Nhật Nguyễn,2025-02-24
U05816,Cô Hương Mai,2024-09-25
U05817,Bà Hạnh Lê,2024-10-28
U05818,Trọng Quang Dương,2024-10-09
U05819,Tú Đức Phạm,2025-02-12
U05820,Phương Mai,2025-01-27
U05821,Lâm Phạm,2024-05-17
U05822,An Hoàng,2024-05-06
U05823,Nhiên Bùi,2024-02-11
U05824,An Vũ,2024-08-11
U05825,Anh Huy Dương,2024-02-14
U05826,Trung Mai,2024-12-08
U05827,Hồng Đặng,2025-11-08
U05828,Nhật Lê,2025-05-28
U05829,Chi Nguyễn,2024-05-17
U05830,Vân Nguyễn,2025-08-19
U05831,Chị Yến Vũ,2025-03-14
U05832,Kim Mai,2025-06-12
U05833,Chị An Lê,2025-09-16
U05834,Bác Hưng Mai,2024-10-10
U05835,Ông Khoa Mai,2025-01-15
U05836,Hạnh Thế Phạm,2025-09-23
U05837,Cô An Vũ,2024-08-28
U05838,Chị Ánh Mai,2025-10-25
U05839,Quang Mai,2024-03-09
U05840,Hoàng Đức Nguyễn,2025-02-28
U05841,Vân Trần,2024-12-28
U05842,An Hoàng,2024-09-22
U05843,Xuân Bùi,2025-01-24
U05844,Chị Duyên Vũ,2024-06-08
U05845,Cô Lan Đặng,2024-11-28
U05846,Hạnh Trí Vũ,2024-03-07
U05847,Hải Quang Phạm,2024-01-24
U05848,Bà Thành Lê,2024-04-15
U05849,Chi Vũ,2025-09-15
U05850,Chị Hạnh Lê,2025-01-18
U05851,Bác Khoa Trần,2025-12-11
U05852,Xuân Phạm,2025-01-29
U05853,Hoàng Mai,2024-07-24
U05854,Hưng Dương,2025-09-15
U05855,Chị Hải Mai,2024-09-10
U05856,Nam Đặng,2025-10-23
U05857,Thành Trí Bùi,2024-03-21
U05858,Quý cô Yến Hoàng,2024-12-28
U05859,Anh Dũng Hoàng,2024-02-19
U05860,Tú Tấn Hoàng,2025-11-18
U05861,Tú Hoàng,2025-06-30
U05862,Ông Hưng Bùi,2024-04-22
U05863,Quý cô Mai Phạm,2025-09-19
U05864,Quý cô Thảo Phạm,2025-11-13
U05865,Tú Quang Nguyễn,2025-07-05
U05866,Huy Thị Trần,2024-10-03
U05867,Thành Trần,2025-03-24
U05868,Cô An Lê,2024-01-30
U05869,Hạnh Vũ,2024-12-07
U05870,Ông Khoa Hoàng,2024-11-17
U05871,Bảo Lê,2025-06-14
U05872,Hoàng Phạm,2025-11-26
U05873,Phương Bùi,2024-06-06
U05874,Hoàng Bảo Vũ,2024-04-10
U05875,Hoàng Văn Phạm,2025-02-03
U05876,Cô Khoa Vũ,2024-02-03
U05877,Châu Đức Nguyễn,2024-06-19
U05878,Châu Nguyễn,2025-05-29
U05879,Lâm Lê,2024-02-17
U05880,Lan Trần,2025-12-24
U05881,Vân Hoàng,2025-08-04
U05882,Kim Thế Vũ,2025-09-05
U05883,Dũng Hữu Dương,2025-10-17
U05884,Quý cô Linh Lê,2024-03-11
U05885,Dương Lê,2025-09-17
U05886,Trọng Nguyễn,2024-06-10
U05887,Nhật Nguyễn,2025-06-06
U05888,Chị Hải Phạm,2024-07-24
U05889,Bác Dũng Phạm,2024-09-11
U05890,Bảo Dương,2025-02-04
U05891,Châu Trần,2024-02-13
U05892,Chị Lan Phạm,2025-09-18
U05893,Hoàng Văn Dương,2025-12-14
U05894,Hoàng Bảo Lê,2025-05-28
U05895,Dương Vũ,2025-01-24
U05896,Dương Dương,2024-11-15
U05897,Quý cô Hải Bùi,2025-10-26
U05898,Bảo Vũ,2024-01-05
U05899,Quý cô Nhật Đặng,2024-02-02
U05900,Châu Bảo Lê,2024-05-22
U05901,Hưng Dương,2024-04-22
U05902,Bà An Lê,2024-09-26
U05903,Trọng Hoàng Mai,2025-10-23
U05904,Ông Bảo Nguyễn,2025-09-09
U05905,Lâm Hữu Mai,2025-10-11
U05906,Quý cô Phương Bùi,2025-11-28
U05907,Chị Phương Nguyễn,2025-05-30
U05908,Tú Mai Hoàng,2024-11-22
U05909,Ông Hưng Mai,2024-10-20
U05910,Cô Phương Lê,2025-02-03
U05911,Mai Mai,2025-04-28
U05912,Ông Thành Trần,2024-08-27
U05913,Hạnh Xuân Bùi,2025-05-03
U05914,Vũ Dương,2025-01-31
U05915,Nhật Hải Phạm,2024-10-27
U05916,Hương Dương,2024-09-05
U05917,Dương Lê,2024-09-14
U05918,Bảo Hoàng Trần,2024-12-10
U05919,Nam Đặng,2024-05-18
U05920,Nhật Hải Hoàng,2024-04-01
U05921,Bà Khoa Vũ,2024-11-25
U05922,Kim Đức Lê,2024-03-18
U05923,Cô Phương Bùi,2025-02-22
U05924,Cô Phương Vũ,2025-03-13
U05925,Quý ông Thành Mai,2025-12-09
U05926,Bà Hà Dương,2024-01-06
U05927,Nhật Lê,2024-02-15
U05928,Nhật Hữu Đặng,2024-10-14
U05929,Quý cô Thành Phạm,2024-03-25
U05930,Tú Văn Trần,2025-09-16
U05931,Bà Kim Đặng,2024-10-21
U05932,Khoa Đức Đặng,2025-01-31
U05933,Bảo Nguyễn,2024-08-27
U05934,Bác Quang Nguyễn,2024-09-25
U05935,Cô Bảo Hoàng,2024-10-06
U05936,Quý ông Trung Nguyễn,2025-12-03
U05937,Dũng Thị Bùi,2024-09-20
U05938,Khoa Phú Mai,2025-01-03
U05939,Quý ông Vũ Nguyễn,2024-06-03
U05940,Cô Hồng Trần,2025-01-12
U05941,Thành Mai,2025-01-21
U05942,Cô Hạnh Vũ,2024-10-19
U05943,Thành Lê,2025-08-23
U05944,Lâm Xuân Vũ,2024-07-05
U05945,Phương Hoàng,2025-05-31
U05946,Quý ông Dũng Hoàng,2025-11-16
U05947,Chị Thành Đặng,2024-05-26
U05948,Duyên Vũ,2025-03-11
U05949,Ông Hưng Vũ,2024-10-22
U05950,Tú Lê,2025-09-25
U05951,Hương Mai,2025-01-06
U05952,Cô Hồng Bùi,2024-01-31
U05953,Cô Thảo Nguyễn,2025-07-03
U05954,Anh Trung Mai,2024-09-11
U05955,Thành Nguyễn,2024-06-14
U05956,Khoa Lê,2025-11-13
U05957,Lâm Dương,2025-10-22
U05958,Chị Dương Vũ,2025-09-06
U05959,Hải Phú Vũ,2025-03-19
U05960,Bảo Phạm,2025-09-12
U05961,Hưng Phú Phạm,2025-09-12
U05962,Bà Bảo Mai,2024-08-02
U05963,Huy Thế Mai,2025-08-07
U05964,Bác Dũng Dương,2025-08-11
U05965,Phúc Quang Lê,2024-09-08
U05966,Phúc Mai Đặng,2025-05-24
U05967,An Hoàng,2024-02-25
U05968,Hạnh Hoàng,2024-03-23
U05969,Chị Bảo Vũ,2025-07-29
U05970,Nam Hải Lê,2024-08-29
U05971,Tùng Thế Đặng,2025-03-27
U05972,Hưng Xuân Bùi,2024-12-21
U05973,Cô Hà Đặng,2024-11-06
U05974,Bà Thành Mai,2024-05-10
U05975,Khoa Vũ,2024-09-02
U05976,Bà Yến Dương,2025-04-03
U05977,Hà Trí Phạm,2025-07-05
U05978,Ông Bảo Nguyễn,2024-11-01
U05979,Kim Dương,2025-12-21
U05980,Huy Hoàng,2025-09-12
U05981,Ánh Dương,2024-12-25
U05982,Hồng Bùi,2024-09-06
U05983,Linh Lê,2025-04-29
U05984,Bà Bảo Lê,2025-01-06
U05985,Khoa Đặng,2024-03-08
U05986,Anh Quang Mai,2025-08-12
U05987,Linh Nguyễn,2024-07-15
U05988,Bác Anh Phạm,2024-10-20
U05989,Quý cô Thành Lê,2024-09-13
U05990,Cô Ánh Mai,2024-05-29
U05991,Quý ông Quang Vũ,2025-04-25
U05992,Phương Tấn Trần,2024-07-05
U05993,Bảo Tấn Nguyễn,2024-04-30
U05994,Hải Đức Bùi,2024-12-09
U05995,Châu Đức Phạm,2025-07-24
U05996,Chị Kim Lê,2025-09-26
U05997,Vũ Phú Mai,2025-06-30
U05998,Bác Châu Phạm,2025-01-20
U05999,Cô Bảo Vũ,2025-12-22
U06000,Vân Vũ,2025-02-21
U06001,Quý ông Tùng Nguyễn,2025-02-02
U06002,Lâm Văn Đặng,2025-11-30
U06003,Phúc Phú Nguyễn,2024-12-20
U06004,Cô Yến Lê,2025-11-22
U06005,Lan Nguyễn,2024-06-28
U06006,Nhật Đặng,2025-10-25
U06007,Bác Quang Vũ,2024-04-03
U06008,Ông Tú Đặng,2025-11-23
U06009,Quý cô Nhật Lê,2024-05-16
U06010,Bảo Xuân Phạm,2025-12-28
U06011,Bà Khoa Nguyễn,2024-06-02
U06012,Anh Hoàng Mai,2024-07-23
U06013,Quý cô Vi Phạm,2025-06-18
U06014,Bác Hưng Mai,2024-06-12
U06015,Tú Dương,2024-02-13
U06016,Yến Vũ,2025-10-21
U06017,Khoa Trí Phạm,2025-05-26
U06018,Thành Mai Bảo Dương,2025-09-11
U06019,Dũng Mai,2024-11-10
U06020,Trung Trần,2025-02-09
U06021,Kim Thế Lê,2024-05-08
U06022,Lâm Hoàng,2025-02-17
U06023,Nhiên Phạm,2025-11-03
U06024,Hồng Nguyễn,2025-05-01
U06025,Vũ Trần,2024-10-08
U06026,Quý cô An Trần,2024-12-07
U06027,Quang Tấn Mai,2025-07-26
U06028,Trọng Trí Vũ,2024-07-08
U06029,Hạnh Hoàng Mai,2025-03-24
U06030,Quang Quang Nguyễn,2025-10-14
U06031,Bảo Trần,2024-04-15
U06032,Hạnh Hữu Mai,2024-03-24
U06033,Thảo Phạm,2024-07-18
U06034,Dũng Phạm,2024-04-26
U06035,Ánh Đặng,2024-03-31
U06036,Minh Phú Dương,2025-08-04
U06037,Bà Phương Nguyễn,2025-01-29
U06038,Chị An Mai,2025-01-31
U06039,Anh Hưng Trần,2024-08-13
U06040,Bà Hạnh Nguyễn,2024-10-30
U06041,Thảo Dương,2025-03-09
U06042,Chị Hồng Nguyễn,2025-10-24
U06043,Phương Hoàng,2024-02-05
U06044,Anh Trung Dương,2025-08-29
U06045,Cô Vân Đặng,2024-02-27
U06046,Minh Phạm,2024-04-02
U06047,Vũ Bùi,2025-02-03
U06048,Kim Bùi,2025-01-19
U06049,Cô Linh Vũ,2025-02-21
U06050,Cô Hải Lê,2025-12-28
U06051,Phương Đức Phạm,2025-10-30
U06052,Bảo Mai Bảo Lê,2024-07-09
U06053,Quý ông Vũ Hoàng,2024-03-21
U06054,Thành Thế Nguyễn,2024-03-04
U06055,Khoa Vũ,2025-02-13
U06056,Anh Dũng Hoàng,2024-01-04
U06057,Chị Khoa Trần,2025-05-27
U06058,Huy Hoàng Bùi,2024-11-24
U06059,Cô Vi Vũ,2024-08-23
U06060,Quý cô Bảo Phạm,2024-12-26
U06061,Hải Đặng,2024-02-15
U06062,Anh Bảo Lê,2025-10-21
U06063,Quý ông Khoa Trần,2025-09-05
U06064,Quý cô Kim Hoàng,2024-01-02
U06065,Bà Dương Đặng,2025-03-03
U06066,Vi Dương,2025-07-12
U06067,Quý cô Vi Nguyễn,2025-12-08
U06068,Kim Trí Dương,2025-11-04
U06069,Nhiên Tấn Nguyễn,2025-03-30
U06070,Quang Xuân Dương,2025-10-04
U06071,Hoàng Phạm,2024-09-14
U06072,Quang Mai,2025-06-08
U06073,Bác Trung Bùi,2025-12-12
U06074,Nhật Vũ,2024-11-08
U06075,Phương Lê,2024-05-26
U06076,Quý cô Linh Đặng,2024-08-15
U06077,Phương Quang Trần,2024-12-19
U06078,Quý cô Ánh Dương,2024-09-19
U06079,Kim Quang Mai,2025-05-03
U06080,Trọng Mai,2025-06-14
U06081,Nhật Bùi,2024-04-02
U06082,Hà Trần,2025-07-05
U06083,Cô Ngọc Đặng,2025-03-30
U06084,An Mai Bảo Phạm,2024-01-11
U06085,Bảo Bảo Lê,2024-02-20
U06086,Thành Hoàng,2024-06-19
U06087,Quý ông Phúc Bùi,2024-06-19
U06088,Bảo Mai,2025-09-01
U06089,Dũng Đặng,2025-07-19
U06090,Quang Dương,2025-02-26
U06091,Anh Thành Mai,2025-09-20
U06092,Cô Lâm Mai,2024-10-08
U06093,Quý cô Thảo Trần,2024-08-25
U06094,Nhật Phú Bùi,2025-10-17
U06095,Phúc Thị Hoàng,2024-02-23
U06096,Bác Phúc Mai,2024-09-23
U06097,Quý ông Nam Nguyễn,2025-10-07
U06098,Hải Hoàng Lê,2025-09-15
U06099,Ông Nhiên Nguyễn,2025-03-21
U06100,Vũ Quang Mai,2024-10-27
U06101,Thành Nguyễn,2024-07-26
U06102,Cô Hà Vũ,2025-07-06
U06103,Dương Mai,2025-08-19
U06104,Hương Nguyễn,2024-09-18
U06105,Ông Quang Phạm,2024-08-11
U06106,Quý ông Dũng Dương,2024-02-27
U06107,Lâm Hải Phạm,2025-12-29
U06108,Vân Phạm,2025-02-21
U06109,Chị Hạnh Trần,2025-07-08
U06110,Nhật Đức Vũ,2024-11-01
U06111,Phương Đặng,2025-05-20
U06112,Chị Mai Dương,2024-09-16
U06113,An Đặng,2024-11-03
U06114,Thành Đặng,2024-12-07
U06115,Ông Hưng Trần,2024-10-15
U06116,Bác Phúc Đặng,2025-08-01
U06117,Ánh Hoàng,2024-08-09
U06118,Cô Lâm Hoàng,2025-09-30
U06119,Anh Tú Vũ,2024-04-14
U06120,Quý ông Anh Nguyễn,2024-04-06
U06121,Thảo Lê,2025-12-10
U06122,Hà Hữu Lê,2025-09-10
U06123,Bảo Đức Lê,2024-11-29
U06124,Chị Kim Hoàng,2024-06-01
U06125,Vũ Dương,2025-12-10
U06126,Anh Đặng,2024-02-22
U06127,Nhiên Dương,2024-10-02
U06128,Chị Nhật Dương,2024-10-26
U06129,Phương Lê,2024-02-03
U06130,Nhật Nguyễn,2025-05-14
U06131,Dũng Vũ,2025-03-27
U06132,An Vũ,2025-04-15
U06133,Anh Huy Nguyễn,2024-08-12
U06134,Anh Bảo Nguyễn,2025-11-21
U06135,Bà Lâm Vũ,2025-05-07
U06136,Ông Vũ Bùi,2025-03-28
U06137,Anh Nhiên Bùi,2025-05-23
U06138,Thành Đức Hoàng,2025-01-22
U06139,Chị Lâm Lê,2024-09-05
U06140,Vi Lê,2025-04-05
U06141,Ông Anh Lê,2025-05-16
U06142,Nhật Phạm,2024-08-30
U06143,Quý ông Trung Đặng,2024-10-31
U06144,Lâm Thế Hoàng,2024-09-29
U06145,Quý ông Khoa Hoàng,2025-02-07
U06146,Anh Tấn Mai,2025-01-19
U06147,Bà Hải Mai,2025-09-03
U06148,Anh Mai,2025-09-25
U06149,Kim Đức Trần,2025-04-09
U06150,Nam Hoàng,2024-07-12
U06151,Anh Mai Bảo Phạm,2024-09-16
U06152,Nhật Tấn Hoàng,2024-05-02
U06153,Duyên Hoàng,2024-12-05
U06154,Bà Yến Phạm,2025-09-09
U06155,Bác Châu Phạm,2024-01-22
U06156,Nam Thế Đặng,2025-12-05
U06157,Quý ông Thành Hoàng,2025-11-17
U06158,Quý ông Quang Trần,2024-08-30
U06159,Dũng Đức Lê,2025-07-21
U06160,Yến Dương,2024-02-15
U06161,Hoàng Đặng,2025-05-26
U06162,Bác Tú Mai,2024-06-25
U06163,Trọng Hoàng Nguyễn,2024-05-07
U06164,Vũ Lê,2025-01-22
U06165,Nhật Bảo Bùi,2024-06-01
U06166,An Tấn Mai,2025-09-13
U06167,Duyên Phạm,2025-11-20
U06168,Cô Bảo Phạm,2024-07-24
U06169,Thảo Dương,2024-12-21
U06170,Cô Lâm Vũ,2024-11-11
U06171,Khoa Đặng,2024-06-23
U06172,Bảo Mai Bảo Hoàng,2024-11-11
U06173,Nhật Mai,2024-05-17
U06174,Chị An Bùi,2024-06-19
U06175,Cô Nhật Bùi,2025-08-24
U06176,Bà Vân Đặng,2025-01-10
U06177,Lâm Mai,2024-04-12
U06178,Hải Mai,2024-03-03
U06179,Thành Đặng,2024-04-15
U06180,Chị Mai Đặng,2024-07-08
U06181,Hải Thế Mai,2024-07-22
U06182,Chị Vi Bùi,2025-05-19
U06183,Hạnh Phú Mai,2024-05-01
U06184,Chị Hải Mai,2025-01-05
U06185,Hà Văn Dương,2024-06-07
U06186,Nhiên Nguyễn,2025-06-25
U06187,Hạnh Bùi,2024-06-10
U06188,Duyên Nguyễn,2025-03-24
U06189,Nam Trí Vũ,2024-09-28
U06190,Hải Thị Phạm,2024-03-26
U06191,Ánh Vũ,2025-07-22
U06192,Nhật Nguyễn,2024-12-25
U06193,Nhật Hữu Vũ,2024-01-04
U06194,Trọng Vũ,2025-06-06
U06195,Anh Hoàng Lê,2024-03-09
U06196,Bảo Mai,2025-05-19
U06197,Anh Trung Dương,2025-07-12
U06198,Châu Lê,2024-09-21
U06199,Lâm Lê,2024-02-07
U06200,Dũng Dương,2024-05-22
U06201,Phương Phú Bùi,2024-05-21
U06202,Tú Mai Bảo Mai,2025-04-06
U06203,Quý ông Quang Phạm,2025-06-17
U06204,Tùng Mai Bảo Trần,2024-08-24
U06205,Phương Bùi,2025-11-06
U06206,Hạnh Phạm,2024-03-19
U06207,Nhật Mai Bảo Hoàng,2024-10-15
U06208,Bác Châu Vũ,2024-09-07
U06209,Quý cô Hương Vũ,2025-07-29
U06210,Linh Vũ,2025-01-07
U06211,Bà Duyên Đặng,2025-05-26
U06212,Hải Hoàng,2024-10-18
U06213,Kim Tấn Trần,2024-11-18
U06214,Mai Nguyễn,2024-05-09
U06215,Hạnh Thế Đặng,2025-08-22
U06216,Trọng Vũ,2025-09-19
U06217,Bà Phương Trần,2024-08-22
U06218,Chị Bảo Lê,2025-12-30
U06219,Nhiên Hoàng Bùi,2024-03-02
U06220,Anh Quang Bùi,2025-11-08
U06221,Vũ Xuân Hoàng,2025-04-24
U06222,Hạnh Nguyễn,2024-10-18
U06223,Quý cô Ánh Bùi,2025-04-25
U06224,Ánh Mai,2025-01-06
U06225,Vũ Bùi,2024-12-12
U06226,Quý ông Trung Trần,2024-02-11
U06227,Duyên Phạm,2024-08-20
U06228,Tú Dương,2025-12-17
U06229,Ông Trung Mai,2025-07-12
U06230,Thành Văn Vũ,2025-08-05
U06231,Xuân Phạm,2025-12-07
U06232,Lâm Mai,2025-11-14
U06233,Cô Thảo Dương,2024-07-04
U06234,Nhật Lê,2025-02-18
U06235,Quý cô Nhật Mai,2025-08-15
U06236,Quý cô Nhật Bùi,2024-11-13
U06237,Hạnh Tấn Nguyễn,2024-05-25
U06238,Nhật Mai,2024-11-19
U06239,Huy Bảo Hoàng,2024-06-27
U06240,Phương Mai,2024-08-19
U06241,Phương Hoàng,2025-01-07
U06242,Chị Nhật Bùi,2025-04-05
U06243,Quý cô Duyên Trần,2025-10-09
U06244,Anh Hưng Nguyễn,2024-08-04
U06245,Chị Nhật Mai,2024-10-06
U06246,Kim Nguyễn,2024-01-01
U06247,Phương Hoàng Nguyễn,2025-04-27
U06248,Ông Anh Hoàng,2025-09-18
U06249,Nhật Đức Phạm,2025-06-21
U06250,Bảo Trí Hoàng,2025-01-17
U06251,Anh Trọng Vũ,2025-06-18
U06252,Bác Trọng Hoàng,2025-11-22
U06253,Linh Nguyễn,2025-03-30
U06254,Kim Bảo Trần,2025-01-27
U06255,Thành Mai,2024-09-13
U06256,Cô Hải Bùi,2024-02-02
U06257,Bà Hạnh Đặng,2025-12-02
U06258,Kim Hữu Dương,2025-05-03
U06259,Nhật Mai Bảo Vũ,2024-03-04
U06260,Chị Vân Nguyễn,2025-12-18
U06261,Mai Mai,2024-05-19
U06262,Ông Quang Vũ,2025-03-14
U06263,Thành Thị Vũ,2024-02-28
U06264,Tùng Đặng,2024-07-26
U06265,Chi Bùi,2025-10-05
U06266,Nhật Thị Dương,2025-08-03
U06267,Vi Nguyễn,2024-04-11
U06268,Thành Phú Đặng,2025-12-02
U06269,Quý ông Phúc Bùi,2024-05-10
U06270,Khoa Vũ,2024-08-04
U06271,An Tấn Hoàng,2025-04-26
U06272,Tú Phạm,2024-04-22
U06273,Vân Đặng,2024-12-11
U06274,Nhật Đặng,2025-07-21
U06275,Phương Vũ,2024-07-14
U06276,Cô Nhật Phạm,2025-10-28
U06277,Lâm Đặng,2025-05-29
U06278,Chị Phương Đặng,2025-05-23
U06279,Hạnh Hoàng Nguyễn,2024-12-08
U06280,Thành Trần,2025-03-14
U06281,Chị Vi Mai,2024-02-01
U06282,Bà Mai Bùi,2024-04-02
U06283,Hương Nguyễn,2024-07-26
U06284,Hà Phạm,2025-07-08
U06285,Bác Bảo Nguyễn,2024-01-11
U06286,Hà Đặng,2024-12-06
U06287,An Thế Đặng,2025-06-07
U06288,Cô Duyên Bùi,2024-07-15
U06289,Ông Bảo Trần,2024-04-04
U06290,Cô Ánh Phạm,2025-09-07
U06291,Quang Hữu Phạm,2024-05-07
U06292,Bà Bảo Nguyễn,2025-03-10
U06293,Hạnh Mai Bảo Dương,2024-06-24
U06294,Quý cô Lâm Hoàng,2024-05-18
U06295,Quý cô Phương Hoàng,2025-04-30
U06296,Bà Linh Mai,2025-06-05
U06297,Chị Yến Phạm,2025-12-06
U06298,Xuân Trần,2025-01-26
U06299,Bà Mai Vũ,2024-02-03
U06300,Cô Phương Vũ,2024-08-11
U06301,Quý ông Quang Nguyễn,2025-11-08
U06302,Bảo Bùi,2024-10-10
U06303,Vân Đặng,2024-07-02
U06304,Dũng Dương,2024-01-04
U06305,Hạnh Dương,2024-03-05
U06306,Xuân Vũ,2025-09-03
U06307,Dương Mai,2025-01-28
U06308,Linh Mai,2025-06-04
U06309,Nhật Nguyễn,2024-08-03
U06310,Anh Huy Vũ,2024-09-25
U06311,Bà Duyên Vũ,2025-04-10
U06312,Vân Hoàng,2024-03-25
U06313,Chị Linh Dương,2024-03-10
U06314,Quang Mai,2025-12-11
U06315,Vân Mai,2025-11-27
U06316,Thành Bảo Dương,2025-06-15
U06317,Quý cô Hạnh Lê,2024-10-01
U06318,Bảo Nguyễn,2024-10-04
U06319,Bảo Văn Vũ,2025-03-01
U06320,Phương Phạm,2024-07-01
U06321,Anh Bảo Vũ,2024-02-08
U06322,Bà Lan Lê,2025-06-14
U06323,Nam Trần,2025-07-07
U06324,Hoàng Lê,2024-12-31
U06325,Nam Mai Bùi,2025-07-07
U06326,Huy Xuân Trần,2024-08-31
U06327,Khoa Tấn Mai,2025-01-25
U06328,Bà Nhật Bùi,2025-05-13
U06329,Chị Hà Bùi,2024-09-20
U06330,Chị Thành Vũ,2024-11-10
U06331,Bà Yến Trần,2025-10-21
U06332,Trung Thế Nguyễn,2024-11-26
U06333,Cô Lan Nguyễn,2024-12-24
U06334,Vân Đặng,2025-06-04
U06335,Quý ông Trọng Vũ,2024-10-02
U06336,Hà Phú Lê,2025-12-18
U06337,Nhiên Lê,2025-07-01
U06338,Ngọc Trần,2025-06-08
U06339,Hạnh Thế Vũ,2025-04-20
U06340,Cô Mai Lê,2024-12-09
U06341,Quý cô Hạnh Lê,2024-10-14
U06342,Quý cô Phương Đặng,2024-05-25
U06343,Bà Lan Đặng,2025-06-29
U06344,Nhật Dương,2025-04-27
U06345,Anh Tú Lê,2025-11-03
U06346,Bà Khoa Dương,2024-06-25
U06347,Kim Dương,2024-02-09
U06348,Huy Trí Nguyễn,2025-09-27
U06349,Phương Đặng,2025-03-14
U06350,Bác Thành Vũ,2024-12-18
U06351,Ông Quang Dương,2025-09-17
U06352,Quý cô Dương Trần,2024-02-13
U06353,Bảo Phạm,2024-12-02
U06354,Yến Vũ,2024-03-23
U06355,Khoa Phạm,2025-04-22
U06356,Khoa Bùi,2025-09-14
U06357,Hồng Đặng,2025-02-19
U06358,Hà Phạm,2025-04-20
U06359,Thảo Nguyễn,2024-08-20
U06360,Cô Kim Bùi,2025-10-30
U06361,Vi Lê,2024-08-05
U06362,Bà Yến Trần,2025-01-26
U06363,Thảo Hoàng,2025-07-13
U06364,Chị Dương Vũ,2025-07-16
U06365,Nhật Vũ,2025-05-31
U06366,Quý cô Hồng Vũ,2025-04-06
U06367,Hạnh Quang Bùi,2025-11-23
U06368,Bảo Quang Mai,2025-01-19
U06369,Cô Nhật Trần,2024-06-26
U06370,Ngọc Hoàng,2024-07-12
U06371,Tú Mai,2025-02-17
U06372,Ông Tú Hoàng,2024-06-15
U06373,Ông Trung Bùi,2025-07-04
U06374,Quý ông Nhiên Hoàng,2025-10-06
U06375,Nam Mai,2024-05-01
U06376,Quý cô Mai Bùi,2024-07-05
U06377,Lâm Mai,2025-07-31
U06378,Nhật Mai,2024-10-15
U06379,Hà Dương,2024-06-12
U06380,Hoàng Hoàng Nguyễn,2024-05-13
U06381,Quý ông Tùng Lê,2024-07-13
U06382,Vũ Đức Vũ,2025-01-30
U06383,Hương Phạm,2024-08-13
U06384,Chị Lan Đặng,2025-02-11
U06385,Hồng Lê,2025-08-25
U06386,Bảo Trần,2024-02-07
U06387,Trọng Văn Phạm,2024-06-29
U06388,Hà Đức Hoàng,2025-02-23
U06389,Cô Duyên Lê,2024-02-17
U06390,Ông Trọng Mai,2024-09-29
U06391,Chị Phương Đặng,2024-02-21
U06392,Anh Thành Đặng,2025-04-15
U06393,Bà Hải Phạm,2024-02-18
U06394,Nhiên Bùi,2025-01-22
U06395,Nhật Dương,2025-06-27
U06396,Minh Hải Phạm,2025-08-06
U06397,Ông Phúc Phạm,2025-11-04
U06398,Hà Xuân Dương,2024-06-03
U06399,Bà Thảo Đặng,2024-06-17
U06400,Phương Phạm,2025-03-17
U06401,Bác Quang Lê,2024-03-25
U06402,Phương Đức Bùi,2024-05-26
U06403,Trung Mai,2025-11-24
U06404,Huy Văn Mai,2025-10-01
U06405,An Xuân Hoàng,2024-07-28
U06406,Kim Xuân Lê,2024-02-20
U06407,Anh Trọng Trần,2025-08-11
U06408,Hưng Phạm,2025-06-14
U06409,Bà Yến Nguyễn,2024-08-21
U06410,Quý ông Quang Lê,2024-03-06
U06411,Quý ông Tú Hoàng,2025-05-11
U06412,Vân Bùi,2024-08-15
U06413,Cô Xuân Vũ,2025-05-09
U06414,Anh Vũ,2025-03-12
U06415,Minh Bảo Vũ,2025-09-23
U06416,Kim Phú Hoàng,2025-01-13
U06417,Cô Chi Trần,2025-10-13
U06418,Quý cô Kim Hoàng,2024-01-26
U06419,Dương Lê,2024-08-26
U06420,Trung Nguyễn,2025-05-02
U06421,Anh Hữu Hoàng,2025-11-02
U06422,Quang Đức Lê,2025-01-31
U06423,Hạnh Trần,2025-02-06
U06424,Dũng Trí Lê,2024-01-15
U06425,Anh Tùng Trần,2025-12-01
U06426,Minh Mai Bảo Nguyễn,2025-07-14
U06427,Dương Nguyễn,2024-05-28
U06428,Bác Trung Mai,2025-03-17
U06429,Tú Đặng,2025-08-19
U06430,Cô Linh Vũ,2025-11-08
U06431,Quang Nguyễn,2025-01-08
U06432,Thảo Hoàng,2024-08-30
U06433,Cô Xuân Dương,2025-06-16
U06434,Trọng Thế Hoàng,2025-10-04
U06435,Anh Phạm,2025-11-10
U06436,Hà Trần,2024-01-29
U06437,Bà Dương Vũ,2025-02-06
U06438,Cô Thành Lê,2025-01-19
U06439,Huy Phạm,2025-09-22
U06440,Ông Hưng Bùi,2025-02-14
U06441,Phương Hữu Vũ,2024-06-27
U06442,Ánh Mai,2025-08-05
U06443,Trọng Dương,2024-08-05
U06444,Thành Hữu Lê,2024-02-24
U06445,Vi Mai,2025-09-04
U06446,Quý cô Lan Lê,2024-05-25
U06447,Ánh Dương,2024-03-22
U06448,Minh Đức Mai,2025-12-10
U06449,Quý cô Thành Hoàng,2025-06-01
U06450,Huy Hữu Vũ,2025-10-04
U06451,Châu Hải Bùi,2025-07-30
U06452,Nhật Phú Dương,2024-12-10
U06453,Nhật Đặng,2024-05-29
U06454,Minh Mai Bảo Lê,2024-08-09
U06455,Quang Hoàng Trần,2025-09-10
U06456,Bảo Mai,2025-04-30
U06457,Trung Hải Bùi,2025-01-19
U06458,Phương Xuân Dương,2024-11-24
U06459,Nhiên Bảo Vũ,2024-02-13
U06460,Kim Dương,2025-01-25
U06461,Hải Vũ,2025-05-05
U06462,Mai Nguyễn,2025-01-01
U06463,Hà Hải Vũ,2025-10-17
U06464,Chị Nhật Đặng,2024-01-07
U06465,Chị Vân Đặng,2025-08-30
U06466,Bảo Hoàng Nguyễn,2025-11-07
U06467,Quý cô Ngọc Dương,2024-01-27
U06468,Quý ông Huy Hoàng,2024-02-19
U06469,Anh Trọng Vũ,2025-01-31
U06470,Nhật Mai Bảo Phạm,2024-05-29
U06471,An Trần,2025-01-27
U06472,Bảo Hữu Mai,2024-06-06
U06473,Quý cô Mai Phạm,2024-02-02
U06474,Thành Bùi,2024-11-11
U06475,Bà Hải Phạm,2024-04-20
U06476,Ông Quang Dương,2024-09-20
U06477,Lâm Bảo Bùi,2024-06-12
U06478,Hưng Hoàng Vũ,2025-04-27
U06479,Anh Thành Đặng,2024-09-10
U06480,Trung Nguyễn,2024-11-09
U06481,Bà Hồng Hoàng,2024-09-21
U06482,Hạnh Vũ,2024-11-29
U06483,Hạnh Mai Lê,2024-05-06
U06484,Quý cô Bảo Bùi,2024-11-15
U06485,Khoa Thị Bùi,2024-08-06
U06486,Ông Anh Lê,2024-08-27
U06487,Hải Tấn Lê,2025-02-11
U06488,Hà Phạm,2025-08-17
U06489,Phương Văn Bùi,2025-07-29
U06490,Nhiên Bảo Nguyễn,2025-11-24
U06491,Hải Thế Trần,2024-12-17
U06492,Lâm Lê,2025-09-09
U06493,Bác Quang Hoàng,2024-07-18
U06494,Dũng Bảo Vũ,2025-03-04
U06495,Quang Bùi,2025-12-25
U06496,Bảo Đức Lê,2025-11-20
U06497,Cô Mai Vũ,2024-11-05
U06498,Bà Chi Đặng,2025-05-06
U06499,Tùng Lê,2025-10-20
U06500,Quý ông Quang Lê,2025-01-19
U06501,Nhiên Trần,2025-10-10
U06502,Anh Vũ Dương,2024-09-07
U06503,Phương Đức Lê,2025-07-23
U06504,Cô Linh Hoàng,2024-09-04
U06505,Hương Lê,2024-10-12
U06506,Bà Chi Dương,2024-07-09
U06507,Bà Mai Phạm,2024-06-24
U06508,Dũng Tấn Dương,2025-07-06
U06509,Minh Mai Bảo Lê,2025-08-24
U06510,Kim Hữu Hoàng,2024-12-20
U06511,Lâm Thị Nguyễn,2024-04-29
U06512,Trung Mai,2024-01-29
U06513,Bà Lan Dương,2024-02-06
U06514,Chị Linh Mai,2024-11-22
U06515,Hưng Lê,2025-04-15
U06516,Quý cô Hải Hoàng,2024-01-13
U06517,Trung Văn Trần,2024-12-23
U06518,Yến Dương,2025-07-24
U06519,Quý cô Nhật Nguyễn,2024-08-17
U06520,Linh Nguyễn,2024-02-05
U06521,Chị Xuân Bùi,2024-12-14
U06522,Phương Đức Mai,2025-01-15
U06523,Cô Hải Hoàng,2024-08-29
U06524,Chị Vi Trần,2025-01-05
U06525,Thành Phạm,2024-05-12
U06526,Quý cô Bảo Dương,2025-09-18
U06527,Tùng Hoàng Phạm,2025-10-14
U06528,Hà Hữu Hoàng,2024-06-19
U06529,Linh Dương,2025-05-16
U06530,Kim Hoàng,2024-03-27
U06531,Bà Vân Mai,2024-06-24
U06532,Phúc Trí Dương,2024-10-16
U06533,Dương Phạm,2024-03-31
U06534,Cô Xuân Phạm,2024-06-14
U06535,Bảo Mai,2024-12-29
U06536,Quý ông Vũ Nguyễn,2025-04-13
U06537,Dương Bùi,2024-01-09
U06538,Nhật Hải Lê,2025-07-29
U06539,Cô Duyên Dương,2025-04-09
U06540,Hồng Hoàng,2025-11-21
U06541,Khoa Mai Bảo Nguyễn,2025-08-13
U06542,Phúc Bảo Trần,2024-10-03
U06543,Hương Trần,2024-03-28
U06544,Châu Thị Đặng,2025-05-31
U06545,Quý cô Thành Dương,2025-12-14
U06546,Dũng Hoàng,2024-12-06
U06547,Quang Đức Mai,2024-09-17
U06548,Thảo Lê,2024-09-27
U06549,Nam Bùi,2025-12-20
U06550,Ông Phúc Trần,2024-08-29
U06551,Hà Đức Hoàng,2025-01-18
U06552,Huy Thế Đặng,2025-04-02
U06553,Cô Thảo Mai,2025-03-09
U06554,Quý cô Thảo Hoàng,2025-03-13
U06555,Bác Huy Mai,2025-01-10
U06556,Dương Phạm,2025-08-10
U06557,Hạnh Bùi,2025-01-26
U06558,Linh Bùi,2025-12-19
U06559,Cô Lâm Trần,2024-11-14
U06560,Cô Khoa Trần,2024-01-06
U06561,Bác Trọng Trần,2024-07-01
U06562,Chị Nhật Đặng,2024-10-06
U06563,Cô Dương Đặng,2025-01-23
U06564,Quý ông Huy Bùi,2024-12-19
U06565,Bác Trung Phạm,2024-07-04
U06566,Thảo Mai,2025-02-04
U06567,Bà Xuân Đặng,2024-01-16
U06568,Chị Hồng Nguyễn,2024-06-20
U06569,Hoàng Đức Hoàng,2024-04-28
U06570,Chị Dương Trần,2025-03-08
U06571,Phúc Hoàng,2025-09-15
U06572,Cô Duyên Trần,2024-05-31
U06573,Châu Nguyễn,2024-09-30
U06574,Bà Nhật Nguyễn,2024-03-17
U06575,Lâm Quang Bùi,2025-09-30
U06576,Trung Đức Hoàng,2024-06-09
U06577,Chị Yến Đặng,2025-03-28
U06578,Hải Phạm,2024-03-03
U06579,Tú Đặng,2024-10-21
U06580,Bác Bảo Trần,2025-04-22
U06581,Chi Dương,2024-09-08
U06582,Bảo Vũ,2024-09-20
U06583,Trọng Hữu Mai,2025-07-13
U06584,Nam Văn Hoàng,2025-11-03
U06585,Chị Nhật Trần,2024-03-01
U06586,Phúc Hoàng,2024-12-24
U06587,Kim Bảo Mai,2024-05-11
U06588,Bà Lan Nguyễn,2025-09-29
U06589,Hải Phú Trần,2025-11-08
U06590,Bà Phương Bùi,2025-12-05
U06591,Hải Phú Vũ,2025-07-31
U06592,Trung Lê,2025-04-23
U06593,Hà Hoàng Dương,2025-09-17
U06594,Hưng Dương,2025-02-20
U06595,Bảo Trí Hoàng,2025-08-14
U06596,Quý cô Lan Hoàng,2025-03-03
U06597,Ông Tú Bùi,2024-11-07
U06598,Thành Hoàng,2024-12-25
U06599,Minh Đức Vũ,2024-08-10
U06600,Ánh Mai,2025-06-12
U06601,Chị Thành Vũ,2024-08-14
U06602,Khoa Nguyễn,2024-01-11
U06603,Vũ Lê,2024-01-04
U06604,Phương Thị Mai,2025-11-11
U06605,Châu Trí Bùi,2024-07-27
U06606,Quang Bảo Nguyễn,2025-08-13
U06607,Cô Khoa Trần,2025-01-27
U06608,Lâm Bùi,2025-09-20
U06609,Thành Hoàng Mai,2025-07-19
U06610,Chị Duyên Vũ,2024-10-29
U06611,Bảo Phạm,2024-09-24
U06612,Hạnh Hữu Phạm,2025-10-30
U06613,Quang Xuân Lê,2025-06-30
U06614,Khoa Lê,2024-09-21
U06615,Quý cô Mai Dương,2025-03-22
U06616,An Vũ,2024-12-25
U06617,Kim Mai Phạm,2024-09-09
U06618,Chị Kim Nguyễn,2025-05-15
U06619,Chị Lan Mai,2025-06-10
U06620,Ông Nhiên Dương,2025-10-05
U06621,Huy Dương,2025-02-02
U06622,Chị Yến Nguyễn,2025-07-13
U06623,Khoa Thị Trần,2024-12-13
U06624,Huy Bùi,2024-10-16
U06625,Khoa Lê,2024-07-28
U06626,Bà Lan Lê,2025-01-01
U06627,Tùng Mai,2024-09-07
U06628,Nhật Đức Bùi,2024-06-12
U06629,Minh Mai Vũ,2024-04-09
U06630,Huy Hoàng Hoàng,2024-06-09
U06631,Anh Quang Dương,2025-06-25
U06632,Xuân Dương,2025-05-25
U06633,Chi Vũ,2024-02-26
U06634,Quý ông Nam Trần,2024-10-14
U06635,Hương Lê,2024-03-11
U06636,Thành Văn Lê,2025-06-09
U06637,Bà Xuân Phạm,2024-05-16
U06638,Quý cô An Mai,2025-12-03
U06639,Vi Trần,2024-06-03
U06640,Anh Dương,2024-11-01
U06641,Anh Châu Dương,2025-07-09
U06642,Vân Dương,2024-07-04
U06643,Khoa Quang Phạm,2024-02-13
U06644,Lâm Phú Nguyễn,2025-07-08
U06645,Khoa Phú Nguyễn,2025-04-20
U06646,Quý cô Duyên Phạm,2024-01-11
U06647,Bà Duyên Nguyễn,2025-10-29
U06648,Bà Phương Bùi,2024-06-14
U06649,Kim Phú Trần,2024-04-24
U06650,An Đức Lê,2024-02-19
U06651,Nhật Vũ,2025-04-22
U06652,Cô Ánh Dương,2025-08-27
U06653,Nhật Phạm,2024-08-04
U06654,Cô Vân Bùi,2025-09-24
U06655,Bà Thành Phạm,2025-05-18
U06656,Mai Nguyễn,2025-06-03
U06657,Cô Kim Hoàng,2025-10-16
U06658,Anh Văn Dương,2025-01-07
U06659,Bà Linh Vũ,2025-02-20
U06660,Quý cô Nhật Hoàng,2025-06-05
U06661,Tú Hải Trần,2024-11-27
U06662,Hà Bùi,2024-03-14
U06663,Nhiên Dương,2025-01-22
U06664,Quý ông Vũ Dương,2025-07-28
U06665,Ông Phúc Đặng,2025-05-30
U06666,Bà Thành Trần,2024-03-25
U06667,Vũ Bùi,2024-09-21
U06668,Anh Hoàng,2024-06-05
U06669,Ông Dũng Đặng,2025-05-01
U06670,Tùng Trần,2024-01-07
U06671,Nhật Tấn Lê,2024-02-22
U06672,Trọng Vũ,2024-04-14
U06673,Ông Nhiên Bùi,2025-08-03
U06674,Chị Nhật Hoàng,2024-03-14
U06675,Lâm Đức Dương,2025-08-03
U06676,Ông Vũ Dương,2024-10-05
U06677,Nam Nguyễn,2025-09-23
U06678,Nhật Mai Nguyễn,2025-09-15
U06679,Bà Bảo Vũ,2024-11-16
U06680,Khoa Thế Dương,2025-05-02
U06681,Bác Bảo Bùi,2024-03-19
U06682,Tú Dương,2024-05-23
U06683,Trọng Phú Lê,2024-10-24
U06684,Hưng Phạm,2024-06-11
U06685,Chị Hà Lê,2025-05-07
U06686,Phương Đức Phạm,2024-07-16
U06687,Ngọc Phạm,2025-12-31
U06688,Nhật Trần,2025-05-18
U06689,Nhật Mai,2025-05-01
U06690,Linh Vũ,2025-02-05
U06691,Hà Hữu Vũ,2025-09-22
U06692,Cô Linh Vũ,2024-08-19
U06693,Chị Hà Dương,2025-09-20
U06694,Hạnh Trí Trần,2025-03-20
U06695,Trọng Thế Bùi,2025-11-02
U06696,Hà Vũ,2025-11-28
U06697,Hạnh Bùi,2024-02-26
U06698,Chị Hương Dương,2024-07-09
U06699,Hưng Phạm,2024-11-10
U06700,Phúc Trí Hoàng,2025-10-04
U06701,Quý cô Bảo Dương,2025-01-04
U06702,Bà Linh Đặng,2025-09-26
U06703,Cô Dương Hoàng,2025-02-06
U06704,Nhật Văn Nguyễn,2024-09-17
U06705,Dương Trần,2024-11-14
U06706,Hải Bùi,2024-06-16
U06707,Bà Hải Mai,2025-12-26
U06708,Kim Nguyễn,2025-07-27
U06709,Hà Đặng,2024-05-10
U06710,Anh Nhiên Dương,2024-07-20
U06711,Hà Nguyễn,2024-10-26
U06712,Bà Hương Đặng,2024-05-03
U06713,Quang Thị Trần,2024-12-10
U06714,Hồng Hoàng,2025-06-29
U06715,Hoàng Đức Đặng,2024-05-09
U06716,Kim Bùi,2025-09-18
U06717,Thảo Mai,2024-12-03
U06718,Quý ông Hoàng Vũ,2025-06-24
U06719,Thảo Bùi,2025-06-11
U06720,Hải Thế Vũ,2024-06-25
U06721,Khoa Thế Hoàng,2025-05-07
U06722,An Mai,2024-11-25
U06723,Nhiên Trần,2025-05-11
U06724,Kim Hữu Nguyễn,2025-01-22
U06725,Hải Vũ,2025-06-24
U06726,Quý cô Vân Vũ,2024-10-01
U06727,Vân Dương,2025-08-24
U06728,Ánh Trần,2025-01-09
U06729,Huy Hoàng,2024-12-01
U06730,Phúc Mai Lê,2025-01-02
U06731,Trọng Phú Lê,2024-12-20
U06732,Bác Nhiên Lê,2024-11-13
U06733,Yến Hoàng,2024-08-15
U06734,Quang Mai,2024-09-17
U06735,Khoa Trần,2025-06-03
U06736,Cô Yến Trần,2025-04-20
U06737,Bà Thành Vũ,2024-04-06
U06738,Chị Hương Nguyễn,2024-11-01
U06739,Hạnh Mai,2024-11-29
U06740,Ông Hoàng Mai,2025-08-09
U06741,Anh Hoàng,2024-02-07
U06742,Hà Bùi,2024-01-04
U06743,Quý ông Minh Phạm,2024-08-21
U06744,Nam Trần,2025-05-05
U06745,Tùng Nguyễn,2024-02-13
U06746,Bác Anh Vũ,2024-03-07
U06747,Thành Lê,2025-06-20
U06748,Tú Mai,2024-02-20
U06749,Nam Văn Đặng,2025-08-18
U06750,Quý cô Mai Mai,2025-10-21
U06751,Lan Phạm,2025-11-29
U06752,Anh Phúc Nguyễn,2025-10-24
U06753,Anh Nhiên Bùi,2024-05-27
U06754,Hạnh Tấn Dương,2024-05-15
U06755,Anh Khoa Mai,2025-11-19
U06756,Thành Tấn Bùi,2025-02-21
U06757,Chị Vân Phạm,2025-10-20
U06758,Duyên Vũ,2025-11-29
U06759,Nhiên Mai Bùi,2024-10-12
U06760,An Quang Lê,2025-02-01
U06761,Quý ông Khoa Đặng,2024-02-19
U06762,Quý ông Hoàng Dương,2025-07-11
U06763,Hạnh Xuân Mai,2025-06-29
U06764,Bác Minh Hoàng,2025-09-09
U06765,Quý cô Thảo Nguyễn,2025-06-18
U06766,Anh Trung Dương,2024-08-02
U06767,Cô Lâm Vũ,2024-06-02
U06768,Tú Nguyễn,2024-01-07
U06769,Anh Phúc Dương,2025-12-07
U06770,Ánh Hoàng,2024-02-17
U06771,Ông Khoa Đặng,2024-06-21
U06772,Trung Hoàng,2024-10-09
U06773,Hà Văn Lê,2025-09-27
U06774,Lan Mai,2024-09-08
U06775,Bác Dũng Hoàng,2024-10-05
U06776,Quý cô Phương Lê,2025-01-02
U06777,Bà Vi Đặng,2025-01-21
U06778,Quý ông Dũng Nguyễn,2024-08-09
U06779,Ông Châu Dương,2024-03-24
U06780,Chị Khoa Lê,2024-09-12
U06781,Phúc Thị Mai,2025-04-24
U06782,Chị Dương Mai,2024-01-30
U06783,Chị Yến Vũ,2024-02-07
U06784,Thành Vũ,2025-02-25
U06785,Lâm Đức Bùi,2024-02-26
U06786,Nhiên Hữu Hoàng,2024-05-10
U06787,Nhiên Hải Dương,2024-05-24
U06788,Nam Đức Bùi,2024-10-14
U06789,Nam Phú Hoàng,2025-01-27
U06790,Quý cô Vi Bùi,2024-04-22
U06791,Nam Đặng,2025-09-30
U06792,Thành Quang Bùi,2025-01-02
U06793,Bác Phúc Vũ,2025-02-09
U06794,Vũ Trần,2024-07-14
U06795,Ông Minh Dương,2024-01-01
U06796,Chi Nguyễn,2024-11-21
U06797,Thành Mai Trần,2025-09-06
U06798,Quý cô Bảo Bùi,2024-12-26
U06799,Ông Anh Vũ,2025-08-31
U06800,Quý ông Thành Vũ,2025-09-30
U06801,Yến Bùi,2025-08-15
U06802,Quý cô Bảo Dương,2024-03-06
U06803,Quý ông Huy Trần,2025-05-09
U06804,Dũng Đặng,2024-07-30
U06805,Quý ông Khoa Dương,2025-03-28
U06806,Quý cô Phương Hoàng,2024-07-19
U06807,Bà Bảo Lê,2024-12-26
U06808,Quý cô Bảo Nguyễn,2025-07-01
U06809,Chị Lâm Bùi,2024-11-27
U06810,Quý cô Nhật Nguyễn,2024-05-25
U06811,Anh Trung Vũ,2025-07-26
U06812,Chị Hà Bùi,2025-03-13
U06813,Ngọc Vũ,2024-06-02
U06814,Quý cô Vi Bùi,2025-03-10
U06815,Anh Nguyễn,2024-12-07
U06816,Quý cô Mai Trần,2025-04-13
U06817,Hoàng Nguyễn,2024-07-08
U06818,Quý cô Nhật Bùi,2025-07-02
U06819,Vũ Vũ,2024-07-17
U06820,Chị Nhật Nguyễn,2024-10-26
U06821,Nhật Tấn Vũ,2024-09-12
U06822,Quý cô Hạnh Vũ,2024-02-02
U06823,Bảo Lê,2024-08-29
U06824,Cô Hà Mai,2024-04-03
U06825,Hoàng Thị Đặng,2025-04-19
U06826,Anh Anh Bùi,2025-09-20
U06827,Hải Bùi,2024-10-10
U06828,An Văn Dương,2024-05-27
U06829,Ông Tùng Dương,2024-04-25
U06830,Ánh Trần,2024-02-20
U06831,Quý cô Hương Trần,2025-03-31
U06832,Duyên Trần,2025-08-08
U06833,Ông Thành Nguyễn,2024-04-10
U06834,Duyên Nguyễn,2024-05-23
U06835,Vũ Lê,2024-06-09
U06836,Anh Hưng Phạm,2024-01-05
U06837,Thành Đức Vũ,2024-04-21
U06838,Quý cô Kim Nguyễn,2025-06-29
U06839,Cô Thảo Nguyễn,2025-09-09
U06840,Trọng Văn Phạm,2025-05-28
U06841,Hạnh Tấn Lê,2024-10-28
U06842,Quang Quang Phạm,2024-05-20
U06843,Cô An Hoàng,2025-02-26
U06844,Vân Hoàng,2024-06-25
U06845,Duyên Hoàng,2024-09-20
U06846,Bà Khoa Trần,2025-11-25
U06847,Phương Quang Hoàng,2024-05-08
U06848,Yến Phạm,2025-07-16
U06849,Châu Đức Nguyễn,2024-08-12
U06850,Hà Mai,2025-06-25
U06851,Cô Chi Đặng,2025-05-29
U06852,Anh Phúc Vũ,2025-06-07
U06853,Kim Nguyễn,2025-07-14
U06854,Quang Mai,2024-08-15
U06855,Bà Lâm Nguyễn,2025-02-02
U06856,Thành Đặng,2024-05-04
U06857,Dương Vũ,2024-11-10
U06858,Phúc Thị Mai,2025-04-07
U06859,Lâm Hoàng Hoàng,2024-02-08
U06860,Chị Xuân Mai,2025-10-07
U06861,Cô Vân Nguyễn,2025-02-09
U06862,Ngọc Hoàng,2025-03-09
U06863,Chị Duyên Lê,2025-08-11
U06864,Bác Trọng Đặng,2024-05-19
U06865,Bác Huy Trần,2024-11-12
U06866,Nhật Vũ,2024-07-13
U06867,Bà An Đặng,2025-07-29
U06868,Ánh Phạm,2024-04-23
U06869,Quang Bảo Bùi,2025-11-22
U06870,Trọng Bùi,2024-05-14
U06871,Thành Dương,2024-01-15
U06872,Dương Hoàng,2025-08-30
U06873,Quý ông Quang Nguyễn,2024-03-02
U06874,Thành Đặng,2024-09-06
U06875,Nhật Mai Phạm,2024-11-03
U06876,Bà Thảo Nguyễn,2024-12-31
U06877,Nam Phạm,2024-06-15
U06878,Thành Hải Trần,2025-11-11
U06879,Nhiên Bảo Lê,2024-09-07
U06880,Hạnh Hữu Phạm,2024-07-29
U06881,Vi Dương,2024-05-08
U06882,Quý cô Hương Phạm,2024-05-03
U06883,Vi Trần,2025-01-04
U06884,Hoàng Đặng,2024-02-06
U06885,An Quang Phạm,2024-10-15
U06886,Yến Dương,2024-09-13
U06887,Cô Khoa Mai,2024-01-21
U06888,Tùng Hoàng Mai,2025-01-10
U06889,Anh Tấn Hoàng,2025-05-25
U06890,Ông Quang Lê,2024-12-05
U06891,Bà Hồng Mai,2024-04-08
U06892,Quang Trí Lê,2025-03-10
U06893,Duyên Mai,2025-10-29
U06894,Nhật Quang Dương,2025-09-01
U06895,Chị Nhật Vũ,2025-10-29
U06896,Anh Xuân Trần,2024-11-26
U06897,Trung Bùi,2024-10-12
U06898,Chị Nhật Hoàng,2025-02-25
U06899,Châu Mai,2024-05-28
U06900,Yến Nguyễn,2024-09-03
U06901,Bác Thành Dương,2025-07-06
U06902,Vân Nguyễn,2024-04-23
U06903,Chị Ngọc Mai,2024-12-31
U06904,Khoa Nguyễn,2025-01-26
U06905,Vân Nguyễn,2024-02-24
U06906,Hoàng Hoàng,2024-10-05
U06907,Dương Nguyễn,2024-04-07
U06908,Khoa Mai,2024-11-09
U06909,Tú Dương,2025-06-17
U06910,Anh Quang Mai,2025-03-02
U06911,Trung Tấn Lê,2024-01-22
U06912,Yến Đặng,2025-08-27
U06913,Hải Tấn Dương,2025-05-18
U06914,Châu Đức Hoàng,2024-05-11
U06915,Thành Văn Bùi,2025-09-18
U06916,Chị Ánh Bùi,2024-05-16
U06917,Bác Minh Lê,2025-11-18
U06918,Duyên Trần,2024-10-13
U06919,Cô Duyên Lê,2024-04-07
U06920,Hạnh Lê,2025-09-12
U06921,Anh Hoàng,2025-10-22
U06922,Quý cô Yến Bùi,2024-08-18
U06923,Hạnh Vũ,2025-05-28
U06924,Thành Hoàng,2024-06-28
U06925,Kim Trần,2024-11-27
U06926,Hưng Hải Đặng,2024-11-14
U06927,An Mai Bảo Phạm,2025-11-25
U06928,Quý ông Quang Dương,2024-03-10
U06929,Bà Lan Hoàng,2025-12-05
U06930,Tú Trần,2025-03-31
U06931,Bác Hoàng Lê,2024-11-17
U06932,Bà Ngọc Hoàng,2024-01-19
U06933,Phúc Vũ,2024-03-11
U06934,Thành Phạm,2024-06-17
U06935,Quý ông Khoa Đặng,2025-10-15
U06936,Quý ông Bảo Phạm,2024-02-17
U06937,Chị Lâm Dương,2025-04-11
U06938,Chị An Hoàng,2025-03-30
U06939,Châu Thị Nguyễn,2025-08-04
U06940,Cô Khoa Dương,2025-10-11
U06941,Hà Văn Lê,2024-02-01
U06942,Cô Ngọc Nguyễn,2025-06-16
U06943,Chị Phương Vũ,2024-03-07
U06944,Hải Dương,2024-09-13
U06945,An Phú Hoàng,2024-08-20
U06946,Nhật Bùi,2024-02-27
U06947,Hạnh Phú Đặng,2025-02-27
U06948,Bảo Bảo Hoàng,2024-12-31
U06949,Huy Quang Mai,2024-01-27
U06950,Vũ Hải Nguyễn,2024-08-18
U06951,Huy Bùi,2024-12-11
U06952,Cô An Trần,2025-01-09
U06953,Chị Hà Phạm,2024-07-16
U06954,Hải Dương,2024-09-10
U06955,Bà Bảo Mai,2025-05-17
U06956,Lâm Hoàng,2025-01-04
U06957,Duyên Mai,2025-04-13
U06958,Chị Vân Đặng,2024-11-24
U06959,Anh Quang Hoàng,2025-02-08
U06960,Trọng Bùi,2025-11-21
U06961,Ánh Vũ,2025-04-05
U06962,Chị Thành Dương,2025-07-02
U06963,Hà Quang Đặng,2025-12-09
U06964,Ông Dũng Phạm,2025-08-11
U06965,Quang Thị Dương,2024-05-25
U06966,Bà Ánh Nguyễn,2025-10-21
U06967,Chị Hương Bùi,2025-09-22
U06968,Hải Mai Trần,2025-03-19
U06969,Anh Vũ Lê,2024-04-20
U06970,Nam Lê,2024-10-26
U06971,Chị Phương Mai,2025-10-03
U06972,Hương Mai,2024-05-04
U06973,Bảo Vũ,2024-02-16
U06974,Trọng Trần,2024-11-28
U06975,Ông Huy Phạm,2025-01-23
U06976,Cô An Trần,2024-11-11
U06977,Nhật Tấn Dương,2025-01-06
U06978,Quý cô Hồng Dương,2025-09-08
U06979,Bảo Nguyễn,2024-08-09
U06980,Cô Xuân Trần,2024-04-23
U06981,Bác Nhiên Trần,2025-11-04
U06982,Bảo Hoàng,2024-07-09
U06983,Quý cô Hồng Đặng,2025-05-01
U06984,Phúc Vũ,2025-09-07
U06985,Khoa Phạm,2024-02-18
U06986,Mai Trần,2024-08-30
U06987,Nhật Đặng,2024-04-15
U06988,Cô Vân Lê,2025-11-06
U06989,Dương Phạm,2025-06-09
U06990,Quý ông Quang Hoàng,2025-05-25
U06991,Khoa Trần,2025-01-10
U06992,Bác Nhiên Mai,2025-07-30
U06993,Dũng Nguyễn,2025-08-21
U06994,Chị Hạnh Dương,2025-07-21
U06995,Hưng Bùi,2025-09-22
U06996,Hà Mai,2025-06-12
U06997,Mai Dương,2024-10-17
U06998,Quý cô Nhật Nguyễn,2025-12-20
U06999,Huy Văn Trần,2025-03-12
U07000,Xuân Bùi,2025-08-03
U07001,Linh Dương,2025-02-08
U07002,Hạnh Quang Dương,2025-03-31
U07003,Cô Ngọc Đặng,2024-06-28
U07004,Bảo Tấn Mai,2024-12-29
U07005,Lan Phạm,2025-11-21
U07006,Ngọc Đặng,2025-02-14
U07007,Thành Thế Mai,2024-12-01
U07008,Dũng Phú Nguyễn,2024-11-29
U07009,Trọng Vũ,2024-05-12
U07010,Nhiên Trí Vũ,2025-06-20
U07011,Thành Mai Bùi,2025-06-07
U07012,Yến Bùi,2024-11-07
U07013,Phương Hoàng,2024-06-07
U07014,Khoa Mai,2024-12-09
U07015,Bảo Lê,2025-04-09
U07016,Chị Yến Vũ,2024-09-24
U07017,Hải Mai,2024-03-17
U07018,Duyên Nguyễn,2025-01-06
U07019,Bác Nhiên Vũ,2025-01-27
U07020,Linh Nguyễn,2024-06-28
U07021,Hạnh Đức Mai,2025-12-17
U07022,Lâm Mai Bảo Phạm,2024-07-23
U07023,Cô Khoa Trần,2025-06-21
U07024,Anh Bảo Trần,2024-06-26
U07025,Anh Dũng Trần,2024-03-13
U07026,Phúc Hữu Hoàng,2024-11-13
U07027,Hưng Đặng,2025-11-01
U07028,Minh Mai Phạm,2025-09-06
U07029,Ngọc Vũ,2025-12-03
U07030,Chị Bảo Lê,2025-04-21
U07031,Vũ Mai,2024-05-28
U07032,Yến Vũ,2025-09-18
U07033,Thảo Nguyễn,2025-08-14
U07034,An Thế Bùi,2024-01-17
U07035,Minh Mai Lê,2024-11-06
U07036,Phương Phạm,2025-07-22
U07037,Hải Bùi,2024-03-20
U07038,Thành Hoàng Hoàng,2024-07-18
U07039,Hương Dương,2024-01-10
U07040,Quý cô Xuân Dương,2025-08-01
U07041,Hoàng Trí Trần,2025-08-03
U07042,Trung Phạm,2024-02-08
U07043,Thành Tấn Đặng,2025-08-15
U07044,Phương Lê,2024-10-03
U07045,Cô Hồng Hoàng,2025-07-21
U07046,Nhật Quang Mai,2025-08-11
U07047,Nhật Thị Bùi,2024-02-28
U07048,Chị Bảo Bùi,2025-08-18
U07049,Chị Hồng Vũ,2024-03-27
U07050,Ngọc Vũ,2024-03-29
U07051,Bà An Hoàng,2025-03-09
U07052,Chị Nhật Nguyễn,2025-01-20
U07053,Bà Mai Vũ,2024-11-14
U07054,Bà Hương Lê,2024-01-01
U07055,Quý ông Phúc Trần,2024-11-18
U07056,Xuân Nguyễn,2024-07-12
U07057,Nhật Vũ,2024-09-02
U07058,Anh Nguyễn,2025-03-13
U07059,Hưng Trần,2025-09-10
U07060,Ông Hoàng Mai,2025-02-16
U07061,Cô Ánh Đặng,2025-07-09
U07062,Kim Đức Nguyễn,2024-12-06
U07063,Bà Linh Đặng,2025-08-06
U07064,Cô Phương Lê,2025-08-08
U07065,Bảo Quang Vũ,2024-08-24
U07066,Dũng Phạm,2024-04-18
U07067,Bác Quang Hoàng,2024-11-20
U07068,Chị Bảo Đặng,2025-12-08
U07069,Quang Xuân Lê,2024-09-27
U07070,Bà Thảo Dương,2025-10-25
U07071,Tú Lê,2024-09-14
U07072,Dũng Xuân Trần,2025-09-03
U07073,Anh Khoa Phạm,2025-07-20
U07074,Bảo Hoàng Hoàng,2025-06-02
U07075,Chị An Hoàng,2024-12-14
U07076,Quý ông Quang Lê,2024-08-30
U07077,Phúc Đặng,2024-01-28
U07078,Quang Dương,2024-08-12
U07079,Cô Bảo Phạm,2024-10-17
U07080,Cô Chi Trần,2024-05-13
U07081,Tú Đức Mai,2025-08-06
U07082,Quý cô Hải Vũ,2025-10-28
U07083,Ngọc Phạm,2024-03-03
U07084,Anh Hoàng,2024-12-20
U07085,An Trần,2025-12-01
U07086,Quý cô Xuân Lê,2024-12-01
U07087,Bác Thành Dương,2025-05-24
U07088,Ông Minh Nguyễn,2025-02-05
U07089,Huy Đặng,2024-09-05
U07090,Dũng Phạm,2025-05-23
U07091,Dương Lê,2024-10-22
U07092,Bà Thành Hoàng,2024-12-02
U07093,Lan Đặng,2025-11-13
U07094,Quý cô An Hoàng,2025-05-06
U07095,Nhiên Lê,2025-07-22
U07096,Lan Đặng,2025-11-02
U07097,Dương Đặng,2024-07-01
U07098,Phúc Tấn Mai,2024-08-03
U07099,Nhật Vũ,2025-04-19
U07100,Phương Lê,2024-10-04
U07101,Chị Hải Đặng,2025-03-28
U07102,Chị Thảo Bùi,2024-07-16
U07103,Nhật Đặng,2024-05-21
U07104,Vũ Vũ,2024-08-09
U07105,Chị Nhật Trần,2024-12-20
U07106,Cô Yến Lê,2025-04-02
U07107,Cô Bảo Trần,2024-04-18
U07108,Dương Đặng,2025-04-24
U07109,Hạnh Bùi,2025-12-26
U07110,Mai Bùi,2025-02-17
U07111,Cô Hương Nguyễn,2024-01-28
U07112,Nhật Trần,2025-07-11
U07113,Phương Nguyễn,2024-01-10
U07114,Cô Ngọc Bùi,2025-10-04
U07115,Hạnh Bùi,2024-10-17
U07116,Kim Dương,2024-10-17
U07117,Ông Huy Hoàng,2024-08-14
U07118,Lâm Mai Bảo Phạm,2024-05-13
U07119,Vân Dương,2025-03-09
U07120,Khoa Nguyễn,2024-10-26
U07121,Dũng Thị Vũ,2025-04-01
U07122,Khoa Mai,2025-10-19
U07123,Chị Dương Trần,2024-09-25
U07124,Ngọc Trần,2025-04-05
U07125,Khoa Lê,2025-08-27
U07126,Bác Hưng Phạm,2025-09-05
U07127,Anh Tú Phạm,2024-06-28
U07128,Hưng Hoàng,2025-10-26
U07129,Quang Hữu Dương,2025-02-28
U07130,Hồng Lê,2025-02-14
U07131,Bảo Dương,2025-06-16
U07132,Minh Bùi,2025-08-09
U07133,Hải Bùi,2025-07-16
U07134,Quý ông Quang Hoàng,2025-02-08
U07135,Bà Xuân Phạm,2024-03-06
U07136,Quý cô Bảo Hoàng,2025-08-27
U07137,Hải Trần,2025-03-04
U07138,Thành Vũ,2025-04-26
U07139,Bà Mai Trần,2024-05-24
U07140,Ông Hưng Nguyễn,2025-10-02
U07141,Cô Kim Đặng,2024-10-25
U07142,Kim Hữu Đặng,2024-01-10
U07143,Trung Đặng,2024-03-25
U07144,Xuân Bùi,2024-03-18
U07145,Ông Tú Đặng,2025-10-19
U07146,Bà An Dương,2024-02-17
U07147,Nhật Xuân Vũ,2025-07-30
U07148,Anh Tùng Đặng,2025-12-27
U07149,Chị An Phạm,2025-12-28
U07150,Quý cô Kim Vũ,2024-07-18
U07151,Mai Hoàng,2024-06-23
U07152,Mai Phạm,2024-02-01
U07153,Ngọc Dương,2025-03-27
U07154,Cô Lan Nguyễn,2025-02-09
U07155,Huy Mai,2025-01-14
U07156,Linh Vũ,2024-01-30
U07157,Linh Nguyễn,2025-04-21
U07158,Chị Linh Hoàng,2025-01-01
U07159,Kim Mai,2025-09-08
U07160,Trọng Đức Đặng,2024-04-21
U07161,Khoa Đặng,2025-04-19
U07162,Khoa Đức Trần,2024-05-14
U07163,Tùng Mai,2024-01-25
U07164,Thành Văn Hoàng,2024-01-27
U07165,Chị Bảo Dương,2025-08-29
U07166,Tú Trần,2025-02-14
U07167,Châu Xuân Hoàng,2025-10-28
U07168,Quý ông Quang Mai,2025-12-28
U07169,Anh Tùng Nguyễn,2025-02-01
U07170,Hương Lê,2025-07-18
U07171,Ông Quang Nguyễn,2024-05-30
U07172,Cô Yến Bùi,2024-06-12
U07173,Quý ông Tùng Nguyễn,2025-07-07
U07174,Chi Bùi,2025-07-26
U07175,Bảo Đức Nguyễn,2024-04-04
U07176,Hồng Trần,2025-04-05
U07177,Quang Bùi,2025-04-10
U07178,Lâm Phạm,2024-08-15
U07179,Lâm Hoàng Bùi,2024-10-15
U07180,Huy Văn Bùi,2024-01-11
U07181,Vũ Mai,2025-03-02
U07182,Bà Nhật Bùi,2025-05-03
U07183,Anh Văn Vũ,2025-11-11
U07184,Mai Nguyễn,2024-02-21
U07185,Phúc Trí Trần,2025-03-24
U07186,An Xuân Bùi,2024-07-01
U07187,Thành Thế Mai,2024-02-24
U07188,Quý cô Lâm Đặng,2025-09-16
U07189,Hạnh Mai Bảo Hoàng,2025-05-09
U07190,Lâm Thị Lê,2025-08-05
U07191,Cô Vi Hoàng,2025-06-26
U07192,Ngọc Lê,2025-02-14
U07193,Ngọc Vũ,2024-07-14
U07194,Huy Trí Dương,2025-01-05
U07195,Chi Trần,2025-09-07
U07196,Chị Nhật Nguyễn,2024-10-15
U07197,Quý cô An Trần,2024-08-31
U07198,Quý cô Hạnh Vũ,2024-12-28
U07199,Thành Hải Dương,2025-11-15
U07200,Phương Quang Mai,2025-03-12
U07201,Phương Vũ,2025-01-26
U07202,Yến Trần,2025-07-23
U07203,Cô Nhật Vũ,2024-03-28
U07204,Thảo Bùi,2024-10-02
U07205,Lâm Phạm,2025-04-16
U07206,Chị Vi Hoàng,2025-07-19
U07207,Chị Nhật Dương,2024-03-18
U07208,Minh Hoàng,2025-12-18
U07209,Chị Hương Lê,2025-03-17
U07210,Ngọc Dương,2024-08-15
U07211,Khoa Đặng,2025-06-11
U07212,Thành Đức Phạm,2025-04-02
U07213,Quý ông Hoàng Hoàng,2025-02-24
U07214,Hoàng Dương,2025-10-20
U07215,Hồng Nguyễn,2024-03-21
U07216,Ông Trọng Dương,2025-05-28
U07217,Phương Đức Đặng,2025-11-25
U07218,An Bùi,2024-06-27
U07219,Cô An Hoàng,2025-05-26
U07220,Khoa Nguyễn,2024-12-24
U07221,Khoa Phạm,2025-11-30
U07222,Quang Bảo Trần,2025-09-24
U07223,Hương Lê,2024-10-28
U07224,An Thế Mai,2024-01-06
U07225,Hương Trần,2024-02-03
U07226,Nhật Lê,2024-06-04
U07227,Cô Vân Dương,2025-04-11
U07228,Anh Thị Dương,2024-09-19
U07229,Quang Dương,2025-12-27
U07230,Thành Tấn Bùi,2024-08-31
U07231,Kim Đức Nguyễn,2024-05-10
U07232,Khoa Phạm,2024-10-22
U07233,Bà Hải Nguyễn,2024-01-14
U07234,Bảo Trí Dương,2024-03-11
U07235,Kim Phạm,2024-11-17
U07236,Bà Thảo Mai,2024-03-22
U07237,Tùng Mai Bảo Bùi,2025-07-27
U07238,Hà Nguyễn,2025-05-21
U07239,Lâm Hoàng,2025-11-16
U07240,Kim Đức Bùi,2025-05-03
U07241,Thảo Mai,2025-12-08
U07242,Khoa Thị Dương,2024-11-18
U07243,Hoàng Đặng,2024-11-23
U07244,Ông Tùng Vũ,2024-05-24
U07245,Tùng Nguyễn,2025-07-25
U07246,Bác Hưng Mai,2024-07-16
U07247,Nhật Nguyễn,2025-06-09
U07248,Bà Lan Vũ,2024-11-28
U07249,Bà Nhật Đặng,2024-02-18
U07250,Bà Hải Vũ,2024-03-24
U07251,Ông Quang Mai,2024-08-09
U07252,An Mai,2025-10-12
U07253,Hương Bùi,2024-10-15
U07254,Quang Nguyễn,2024-12-23
U07255,Ông Trung Dương,2025-10-21
U07256,Dương Đặng,2024-02-10
U07257,Bảo Lê,2025-08-14
U07258,Châu Mai Phạm,2025-05-29
U07259,Bảo Trí Bùi,2024-06-06
U07260,Hải Dương,2024-07-01
U07261,An Trần,2025-07-21
U07262,Quý cô Vân Bùi,2025-11-13
U07263,Châu Bảo Vũ,2025-06-29
U07264,Ngọc Lê,2025-01-09
U07265,Trung Mai Bảo Vũ,2025-04-29
U07266,Vũ Đức Vũ,2025-05-03
U07267,Khoa Lê,2025-08-13
U07268,Vân Trần,2025-11-04
U07269,Quý ông Hưng Bùi,2024-11-08
U07270,Bác Hưng Mai,2024-05-21
U07271,Hồng Vũ,2024-06-06
U07272,Phúc Trí Dương,2024-06-09
U07273,Cô Linh Vũ,2024-11-17
U07274,Bảo Đức Nguyễn,2025-05-29
U07275,An Hải Dương,2025-10-24
U07276,Dũng Phú Hoàng,2024-04-17
U07277,Vũ Hoàng Mai,2025-06-27
U07278,Hưng Dương,2025-05-11
U07279,Mai Vũ,2025-01-27
U07280,Hưng Tấn Mai,2024-11-01
U07281,Hà Trần,2024-03-31
U07282,Bảo Xuân Bùi,2024-01-10
U07283,Anh Dũng Phạm,2025-01-31
U07284,Quý ông Dũng Bùi,2025-05-07
U07285,Kim Dương,2025-11-30
U07286,Lâm Thế Nguyễn,2025-11-01
U07287,Bà Vân Hoàng,2024-10-02
U07288,Cô Phương Nguyễn,2024-09-27
U07289,Chị Phương Nguyễn,2024-04-25
U07290,Nhật Đức Vũ,2025-03-21
U07291,Quý cô Nhật Hoàng,2024-09-16
U07292,Châu Thế Lê,2025-07-25
U07293,Trọng Trí Đặng,2024-04-13
U07294,Thành Vũ,2024-05-21
U07295,Quang Dương,2024-11-13
U07296,Quý cô An Bùi,2025-06-01
U07297,Nam Nguyễn,2024-06-03
U07298,Hà Thế Đặng,2024-10-31
U07299,Lâm Đức Hoàng,2025-09-07
U07300,Trung Trí Mai,2025-04-14
U07301,Chị Mai Vũ,2024-11-24
U07302,An Hữu Phạm,2024-03-13
U07303,Bác Hoàng Dương,2024-07-09
U07304,Bà Bảo Dương,2024-03-20
U07305,Chị Lâm Hoàng,2025-03-16
U07306,Phương Dương,2024-06-04
U07307,Ông Quang Vũ,2025-07-18
U07308,Phương Mai,2024-06-04
U07309,Cô Hạnh Lê,2024-07-26
U07310,Quang Bùi,2025-04-14
U07311,Quang Nguyễn,2025-03-30
U07312,Minh Văn Trần,2024-02-12
U07313,Hải Trần,2025-08-14
U07314,An Tấn Hoàng,2025-12-14
U07315,Nhật Lê,2025-05-13
U07316,Ánh Vũ,2024-03-11
U07317,Chị Hải Phạm,2025-05-01
U07318,Bà Hải Lê,2024-06-15
U07319,Nhật Hoàng,2025-05-08
U07320,Nhật Mai Bảo Trần,2024-01-27
U07321,Quý cô Phương Trần,2025-12-16
U07322,Dương Đặng,2024-09-05
U07323,Thảo Mai,2024-09-09
U07324,Quý cô Vân Phạm,2024-07-13
U07325,Cô Nhật Vũ,2024-01-16
U07326,Phương Hữu Dương,2025-01-31
U07327,Tú Văn Đặng,2024-10-08
U07328,Thành Đặng,2024-06-16
U07329,Tùng Phú Phạm,2024-07-12
U07330,Nam Nguyễn,2025-07-05
U07331,Quý cô Phương Mai,2025-01-18
U07332,Phương Mai Bảo Trần,2025-01-30
U07333,Chị Vân Trần,2024-07-21
U07334,Tùng Đức Vũ,2024-06-01
U07335,Hạnh Phạm,2024-06-17
U07336,Anh Phạm,2024-04-18
U07337,Huy Hoàng,2024-07-19
U07338,Bà Nhật Hoàng,2024-05-09
U07339,Minh Vũ,2025-09-29
U07340,Huy Hoàng,2024-07-07
U07341,An Đức Bùi,2024-08-04
U07342,An Mai,2025-07-18
U07343,Hưng Trí Mai,2025-07-08
U07344,Vi Vũ,2024-03-19
U07345,Hưng Đức Dương,2025-10-24
U07346,Hải Mai,2024-06-01
U07347,Châu Nguyễn,2025-12-15
U07348,Ông Vũ Phạm,2024-08-18
U07349,Quý ông Dũng Nguyễn,2025-03-25
U07350,Quang Vũ,2024-01-15
U07351,Ông Nam Hoàng,2024-04-20
U07352,Quang Hoàng,2025-03-23
U07353,Tú Trí Đặng,2024-01-29
U07354,Vũ Hoàng Hoàng,2025-01-07
U07355,Linh Phạm,2025-10-10
U07356,Bà Hà Nguyễn,2025-08-27
U07357,Anh Dũng Nguyễn,2024-01-29
U07358,Ánh Lê,2025-08-18
U07359,Hoàng Dương,2025-08-04
U07360,Thành Đặng,2025-04-06
U07361,Châu Hoàng,2025-05-05
U07362,Anh Mai Bảo Nguyễn,2024-05-20
U07363,Kim Mai Dương,2024-10-30
U07364,Phúc Hoàng,2025-04-03
U07365,Nhiên Trí Bùi,2024-05-05
U07366,Minh Bảo Đặng,2024-09-08
U07367,An Thế Đặng,2024-07-08
U07368,Thành Đức Đặng,2025-12-29
U07369,Bà Hà Mai,2025-12-09
U07370,Trọng Thế Vũ,2025-12-17
U07371,Vân Đặng,2024-10-19
U07372,Lâm Mai,2024-08-24
U07373,Quý ông Tùng Vũ,2025-11-30
U07374,Hà Bảo Dương,2025-12-07
U07375,Quang Bảo Bùi,2025-08-08
U07376,Minh Mai,2025-02-19
U07377,Anh Quang Hoàng,2025-02-12
U07378,Cô Ngọc Dương,2024-12-31
U07379,Lâm Hữu Lê,2025-04-14
U07380,Tú Đức Phạm,2025-02-22
U07381,Cô Hạnh Đặng,2024-12-26
U07382,Thành Phạm,2025-09-23
U07383,Bác Nam Đặng,2024-11-17
U07384,Tú Đặng,2024-11-11
U07385,Quý cô Bảo Hoàng,2025-07-05
U07386,Hà Vũ,2024-02-20
U07387,Hồng Hoàng,2024-04-09
U07388,Bà Linh Đặng,2024-06-18
U07389,Bảo Hoàng Lê,2024-01-30
U07390,Bà Mai Mai,2024-09-27
U07391,Yến Nguyễn,2024-01-25
U07392,Cô Nhật Dương,2025-07-21
U07393,Kim Lê,2024-11-30
U07394,Hoàng Phạm,2024-10-23
U07395,Bà Kim Bùi,2025-03-27
U07396,Quý cô Hà Đặng,2025-03-23
U07397,Dũng Thế Trần,2024-03-18
U07398,Bà Hải Nguyễn,2025-06-04
U07399,Ngọc Mai,2025-04-27
U07400,Anh Khoa Lê,2025-01-13
U07401,Quý cô Nhật Dương,2024-07-13
U07402,Hương Lê,2025-05-09
U07403,Cô Kim Trần,2025-10-08
U07404,Anh Thành Dương,2024-06-13
U07405,Bà Chi Hoàng,2024-05-19
U07406,Quý ông Bảo Phạm,2024-05-16
U07407,Chị Yến Phạm,2024-03-23
U07408,Bảo Bùi,2024-01-28
U07409,Ngọc Vũ,2024-12-24
U07410,Cô Vân Vũ,2024-11-07
U07411,Ông Hoàng Phạm,2025-09-14
U07412,Vân Dương,2025-11-14
U07413,Anh Hoàng Nguyễn,2025-04-21
U07414,Lan Bùi,2025-09-07
U07415,Bà Lâm Vũ,2025-05-30
U07416,Thành Thế Dương,2024-01-07
U07417,Nhật Hoàng,2025-04-08
U07418,Cô Khoa Dương,2024-05-08
U07419,Nhật Đặng,2024-11-18
U07420,Quý ông Anh Dương,2024-12-15
U07421,Hà Đức Đặng,2024-11-20
U07422,Quý cô Linh Lê,2025-09-22
U07423,Thành Trần,2024-06-02
U07424,Quý ông Trọng Mai,2025-08-13
U07425,Bảo Dương,2025-10-17
U07426,Bảo Phú Nguyễn,2024-05-23
U07427,Khoa Nguyễn,2025-10-08
U07428,Trọng Phạm,2025-07-30
U07429,Khoa Đặng,2024-05-21
U07430,Tùng Đặng,2025-10-21
U07431,Phương Nguyễn,2025-10-18
U07432,Chi Trần,2024-07-07
U07433,Lan Vũ,2025-10-18
U07434,Huy Phú Dương,2024-03-18
U07435,Vi Bùi,2024-04-06
U07436,Bảo Mai,2025-04-26
U07437,Hương Bùi,2025-08-31
U07438,Chị Hà Dương,2025-06-12
U07439,Chị Dương Trần,2025-07-15
U07440,An Trí Trần,2024-08-06
U07441,Minh Đặng,2025-04-11
U07442,Cô Mai Mai,2024-10-10
U07443,Thành Đặng,2025-08-23
U07444,Trung Phạm,2025-05-04
U07445,Quý ông Dũng Nguyễn,2025-06-01
U07446,Bà Khoa Nguyễn,2025-10-14
U07447,Cô Chi Vũ,2024-11-24
U07448,Kim Dương,2025-12-02
U07449,Cô Vi Nguyễn,2024-12-31
U07450,Khoa Mai,2024-05-19
U07451,Quý cô Chi Trần,2025-08-05
U07452,Quang Mai,2024-10-12
U07453,Chị Ánh Vũ,2024-05-30
U07454,Lâm Lê,2025-01-04
U07455,Quý ông Quang Mai,2024-11-26
U07456,Cô Kim Dương,2024-08-20
U07457,Hà Hải Lê,2024-11-18
U07458,Cô Thảo Mai,2025-05-06
U07459,Bà Kim Bùi,2024-09-11
U07460,Dũng Đặng,2025-08-27
U07461,Châu Bùi,2025-08-20
U07462,Bà Vân Lê,2025-08-14
U07463,Cô Hương Bùi,2025-06-01
U07464,Vân Đặng,2024-03-09
U07465,Nhật Phú Đặng,2024-06-03
U07466,Hạnh Nguyễn,2024-10-10
U07467,Hải Xuân Vũ,2025-04-17
U07468,Hải Trần,2024-12-21
U07469,Chị Linh Vũ,2025-05-27
U07470,Phương Bảo Hoàng,2025-12-23
U07471,Mai Lê,2025-10-16
U07472,Tú Hoàng,2025-01-30
U07473,Chị Duyên Bùi,2025-11-02
U07474,Quang Mai Bảo Vũ,2025-02-06
U07475,Tú Tấn Vũ,2025-11-25
U07476,Bà Lâm Trần,2024-05-12
U07477,Khoa Hải Trần,2024-10-19
U07478,Duyên Lê,2025-12-10
U07479,Chi Dương,2024-04-13
U07480,Kim Phạm,2025-04-13
U07481,Cô Ánh Lê,2024-02-01
U07482,Trung Đức Phạm,2025-09-22
U07483,Nhật Lê,2025-04-10
U07484,Cô Khoa Đặng,2024-03-04
U07485,An Phú Mai,2025-08-25
U07486,Chị Ánh Lê,2024-06-14
U07487,Hà Phạm,2025-09-12
U07488,Hồng Bùi,2025-10-24
U07489,Bác Khoa Vũ,2025-11-20
U07490,Bảo Dương,2024-01-17
U07491,Hoàng Thị Hoàng,2025-01-16
U07492,Quý cô Nhật Nguyễn,2025-07-27
U07493,Cô Phương Hoàng,2024-10-01
U07494,Chị Ngọc Bùi,2025-05-14
U07495,Chị Chi Hoàng,2024-10-10
U07496,Nhật Trần,2024-03-19
U07497,Nhật Vũ,2025-08-31
U07498,Anh Dương,2025-09-10
U07499,Tú Mai Bảo Dương,2024-10-10
U07500,Anh Mai Nguyễn,2025-06-18
U07501,Nhiên Trí Trần,2025-06-07
U07502,Lâm Dương,2024-12-18
U07503,Kim Văn Trần,2025-08-12
U07504,Vân Đặng,2024-07-29
U07505,Ông Hoàng Trần,2025-03-17
U07506,Dương Trần,2025-08-08
U07507,Bà Phương Bùi,2025-02-08
U07508,Ánh Đặng,2024-08-01
U07509,Tú Mai,2024-01-11
U07510,Hà Quang Bùi,2025-04-30
U07511,An Tấn Phạm,2025-11-14
U07512,Chị Khoa Phạm,2024-06-05
U07513,Chị Duyên Vũ,2024-07-06
U07514,Ông Hưng Nguyễn,2024-01-18
U07515,Thành Hoàng,2024-06-17
U07516,Tú Lê,2024-05-13
U07517,Bà Khoa Phạm,2024-01-09
U07518,Cô Xuân Trần,2024-08-22
U07519,Anh Nam Bùi,2024-04-07
U07520,Phương Quang Vũ,2024-11-25
U07521,Ánh Dương,2025-05-30
U07522,Hưng Dương,2024-01-29
U07523,Anh Đức Dương,2024-06-15
U07524,Kim Xuân Bùi,2025-04-17
U07525,Bác Khoa Lê,2025-12-27
U07526,Bác Nhiên Hoàng,2025-01-07
U07527,Cô Duyên Bùi,2024-10-19
U07528,Quý cô Vi Bùi,2025-02-25
U07529,Quý cô Kim Vũ,2025-09-06
U07530,Cô Ánh Mai,2024-07-07
U07531,Quang Dương,2025-10-19
U07532,Tùng Mai Đặng,2025-09-14
U07533,Hoàng Nguyễn,2025-04-19
U07534,Khoa Trí Phạm,2024-01-11
U07535,Cô Hạnh Lê,2024-07-30
U07536,Cô Khoa Bùi,2025-04-17
U07537,Nam Lê,2025-07-19
U07538,Trọng Phạm,2025-06-19
U07539,Trung Dương,2024-05-25
U07540,Bảo Thế Phạm,2025-10-15
U07541,Duyên Phạm,2025-09-12
U07542,Mai Mai,2024-08-31
U07543,Kim Xuân Mai,2025-08-02
U07544,Bà Hạnh Nguyễn,2024-06-21
U07545,Quang Dương,2025-12-22
U07546,Phương Hữu Dương,2024-07-13
U07547,Quý ông Thành Phạm,2025-09-09
U07548,Nhiên Trí Dương,2024-01-09
U07549,Xuân Hoàng,2024-02-20
U07550,Nhật Phạm,2025-03-20
U07551,Duyên Nguyễn,2025-11-13
U07552,Quang Thế Bùi,2024-11-30
U07553,Lan Bùi,2025-12-23
U07554,Phương Phạm,2025-02-12
U07555,Trung Tấn Dương,2024-06-11
U07556,Hải Mai Bảo Trần,2024-01-02
U07557,Trung Trần,2025-05-11
U07558,Chị Linh Lê,2025-01-08
U07559,Kim Hải Bùi,2024-04-28
U07560,Tùng Đức Dương,2025-12-24
U07561,An Nguyễn,2024-07-18
U07562,Chị Thành Đặng,2024-01-14
U07563,Tùng Lê,2025-08-23
U07564,Bà Yến Dương,2025-10-27
U07565,Chị Ngọc Dương,2025-03-30
U07566,Anh Mai Bùi,2025-11-25
U07567,Huy Đức Bùi,2024-02-09
U07568,Nhật Hoàng Lê,2024-04-20
U07569,Chị Thành Bùi,2024-09-05
U07570,Kim Đức Phạm,2024-04-16
U07571,Vũ Trần,2025-11-21
U07572,Dũng Mai Bảo Hoàng,2025-07-04
U07573,Châu Đặng,2025-03-27
U07574,Bà Yến Bùi,2024-12-04
U07575,Duyên Vũ,2025-03-13
U07576,Quý cô Hương Lê,2025-04-11
U07577,Trọng Hoàng Đặng,2025-06-27
U07578,Chị An Nguyễn,2024-06-20
U07579,Anh Mai,2024-06-03
U07580,Bác Khoa Bùi,2025-06-28
U07581,Thành Thị Vũ,2024-02-23
U07582,Dũng Xuân Mai,2024-09-29
U07583,Cô Linh Vũ,2025-08-14
U07584,Bác Quang Trần,2024-12-08
U07585,Kim Lê,2024-08-25
U07586,Thành Nguyễn,2025-04-27
U07587,Cô Ánh Lê,2024-05-16
U07588,Ông Châu Phạm,2024-08-01
U07589,Anh Hoàng Bùi,2025-05-29
U07590,Hải Phạm,2025-12-22
U07591,Bà Ngọc Mai,2025-06-03
U07592,Châu Quang Hoàng,2025-08-12
U07593,Chị Lâm Phạm,2025-01-30
U07594,Cô Duyên Phạm,2025-08-22
U07595,Vi Hoàng,2024-01-28
U07596,Nhật Đặng,2025-08-08
U07597,Nhật Vũ,2025-08-25
U07598,Hà Bảo Phạm,2025-06-10
U07599,Ông Trung Mai,2025-02-06
U07600,Phương Lê,2024-04-26
U07601,Vũ Mai Bảo Phạm,2024-08-21
U07602,Thảo Lê,2025-05-24
U07603,Lâm Vũ,2024-07-03
U07604,Nhật Hoàng,2024-02-15
U07605,Duyên Hoàng,2025-10-19
U07606,Hải Hữu Đặng,2024-09-04
U07607,Huy Đức Đặng,2024-03-12
U07608,Tùng Nguyễn,2024-07-21
U07609,Quý cô Linh Nguyễn,2025-04-19
U07610,Quý cô Hải Bùi,2024-02-28
U07611,Thành Quang Trần,2025-06-27
U07612,Mai Phạm,2024-05-17
U07613,Trọng Thế Dương,2025-02-19
U07614,Ông Khoa Phạm,2025-12-22
U07615,Quý cô Vân Lê,2024-06-12
U07616,Vũ Phạm,2024-03-27
U07617,Lâm Hoàng,2025-08-14
U07618,Duyên Mai,2025-10-27
U07619,Bác Thành Mai,2024-11-23
U07620,Nhiên Hải Lê,2024-03-17
U07621,Phương Trí Dương,2024-06-20
U07622,Quý ông Quang Đặng,2025-08-23
U07623,Anh Quang Vũ,2024-09-16
U07624,Tùng Dương,2024-10-03
U07625,Dương Đặng,2025-10-26
U07626,Quang Đức Vũ,2024-11-13
U07627,Cô Lâm Trần,2024-09-15
U07628,Kim Hữu Phạm,2025-02-14
U07629,Nhật Phạm,2024-05-12
U07630,Hà Trần,2024-10-11
U07631,Bác Khoa Dương,2024-04-16
U07632,Bác Quang Lê,2024-02-16
U07633,Thành Lê,2025-12-21
U07634,Thảo Phạm,2024-03-03
U07635,Quý ông Minh Trần,2024-01-26
U07636,Khoa Hải Phạm,2024-10-27
U07637,Ông Bảo Nguyễn,2024-03-21
U07638,Hưng Dương,2024-01-27
U07639,Quý cô Dương Dương,2025-09-02
U07640,Nhật Phú Dương,2024-02-25
U07641,Quý cô Thành Dương,2025-02-07
U07642,Quý cô Linh Nguyễn,2025-01-20
U07643,Tùng Hoàng,2025-05-03
U07644,Quý cô Duyên Phạm,2025-05-22
U07645,Cô Ngọc Trần,2025-11-23
U07646,Bảo Mai Bảo Phạm,2025-08-18
U07647,Quý cô Vân Nguyễn,2024-03-21
U07648,Hạnh Lê,2024-01-01
U07649,Bà Hà Hoàng,2025-03-12
U07650,Nhật Lê,2024-11-30
U07651,Nhật Đức Lê,2025-07-14
U07652,Nhật Trí Bùi,2024-07-02
U07653,Ông Phúc Mai,2025-01-15
U07654,Bảo Hoàng,2024-08-12
U07655,Chị Hà Vũ,2025-01-12
U07656,Anh Hoàng,2024-01-21
U07657,Dương Dương,2024-11-27
U07658,Hà Lê,2025-10-22
U07659,Bảo Đặng,2024-04-30
U07660,Nhật Phạm,2025-08-12
U07661,Trung Trần,2024-04-20
U07662,Quang Trần,2025-12-25
U07663,Minh Mai,2025-11-04
U07664,Quý cô Hà Bùi,2024-10-20
U07665,Khoa Vũ,2024-12-01
U07666,Tùng Quang Bùi,2025-06-16
U07667,Cô An Phạm,2025-04-18
U07668,Lâm Đức Dương,2025-08-29
U07669,Vân Hoàng,2025-11-14
U07670,Duyên Bùi,2024-12-29
U07671,Thành Hoàng,2024-11-10
U07672,Hạnh Xuân Nguyễn,2024-10-03
U07673,Quý ông Tùng Bùi,2025-04-23
U07674,Anh Vũ Nguyễn,2025-07-08
U07675,Chị Hải Nguyễn,2024-08-10
U07676,Phương Đức Dương,2025-12-27
U07677,Quý cô Vi Vũ,2025-09-11
U07678,Nhật Đức Đặng,2024-07-21
U07679,Lâm Tấn Trần,2024-05-30
U07680,Ông Hoàng Dương,2024-10-19
U07681,Tú Bùi,2024-01-12
U07682,Chị Lan Bùi,2024-01-20
U07683,Hưng Hải Vũ,2024-01-04
U07684,Hồng Lê,2025-11-22
U07685,Chị Nhật Đặng,2024-01-04
U07686,Anh Lê,2024-07-26
U07687,Trung Trí Dương,2024-06-21
U07688,Phúc Đặng,2025-05-27
U07689,Chị Linh Trần,2024-05-30
U07690,Thành Tấn Mai,2024-05-04
U07691,Hồng Mai,2024-02-15
U07692,Chị Nhật Lê,2025-06-05
U07693,Hà Dương,2024-05-20
U07694,Quang Mai,2025-09-27
U07695,Phúc Thế Hoàng,2025-12-20
U07696,Tú Thị Mai,2025-03-06
U07697,Khoa Hoàng Nguyễn,2024-11-28
U07698,Nhiên Phú Vũ,2024-11-08
U07699,Quý cô Yến Lê,2025-06-15
U07700,Thành Đức Dương,2025-02-05
U07701,Vi Bùi,2024-04-17
U07702,Chi Trần,2024-08-03
U07703,Hà Quang Bùi,2025-05-29
U07704,Quý cô Hà Trần,2024-02-07
U07705,Chi Nguyễn,2024-05-16
U07706,Phúc Dương,2024-09-17
U07707,Bà Phương Trần,2025-01-09
U07708,Tú Đức Mai,2024-08-10
U07709,Tú Nguyễn,2025-11-13
U07710,Dũng Dương,2024-04-16
U07711,Bảo Quang Vũ,2025-06-09
U07712,Linh Trần,2024-03-14
U07713,Trung Hoàng Phạm,2025-10-25
U07714,Lan Dương,2024-07-24
U07715,Ông Anh Lê,2024-01-15
U07716,Nam Xuân Trần,2025-09-17
U07717,Phúc Mai Nguyễn,2025-06-22
U07718,Nam Đức Đặng,2024-06-24
U07719,Ngọc Trần,2024-09-01
U07720,Bác Anh Bùi,2024-05-11
U07721,Chị An Lê,2025-05-15
U07722,Nam Đặng,2024-02-13
U07723,Xuân Phạm,2024-07-06
U07724,Chị Phương Lê,2024-12-20
U07725,Hưng Lê,2025-01-09
U07726,Bác Vũ Bùi,2024-01-04
U07727,Khoa Đặng,2025-05-06
U07728,Khoa Hoàng Bùi,2024-12-13
U07729,Quang Phạm,2025-12-02
U07730,Hà Hữu Nguyễn,2025-05-19
U07731,Châu Phạm,2024-01-02
U07732,Mai Hoàng,2024-04-14
U07733,Mai Lê,2024-09-02
U07734,Cô Vi Phạm,2024-02-11
U07735,Thành Mai Bảo Đặng,2024-02-18
U07736,Bà Bảo Nguyễn,2024-06-01
U07737,Cô Thành Phạm,2024-02-02
U07738,Chị Hương Vũ,2024-06-28
U07739,Lâm Bùi,2024-11-11
U07740,Kim Hoàng,2025-02-07
U07741,Anh Phú Mai,2025-04-14
U07742,Quý cô Ánh Lê,2024-07-31
U07743,Nhiên Hải Phạm,2025-10-21
U07744,Lâm Hữu Dương,2025-10-20
U07745,Phúc Mai,2025-02-23
U07746,Ông Tú Lê,2024-05-09
U07747,Ông Tùng Hoàng,2025-05-22
U07748,Vân Hoàng,2025-07-22
U07749,Tùng Dương,2025-04-13
U07750,Kim Văn Dương,2025-12-21
U07751,Mai Hoàng,2024-12-31
U07752,Hải Dương,2025-09-27
U07753,Dương Mai,2025-11-01
U07754,Bà Khoa Dương,2025-01-12
U07755,Mai Trần,2024-06-08
U07756,Minh Dương,2025-07-07
U07757,Chi Đặng,2025-06-09
U07758,Anh Đặng,2024-01-17
U07759,Ông Hưng Dương,2025-02-27
U07760,Bà Thành Hoàng,2025-02-08
U07761,Bảo Hải Dương,2024-05-03
U07762,Lâm Đặng,2024-10-14
U07763,Chị Lâm Dương,2024-08-23
U07764,Bà Thảo Trần,2025-05-31
U07765,Ngọc Hoàng,2025-01-05
U07766,Hạnh Đặng,2024-11-19
U07767,Ông Nhiên Vũ,2024-04-25
U07768,Cô An Hoàng,2024-03-10
U07769,Phúc Tấn Phạm,2025-05-11
U07770,Vân Vũ,2024-12-06
U07771,Quang Nguyễn,2024-12-01
U07772,Ông Quang Nguyễn,2025-07-07
U07773,Ông Châu Vũ,2025-12-28
U07774,Hưng Nguyễn,2025-08-04
U07775,Thành Trần,2025-08-24
U07776,Ông Hoàng Vũ,2025-12-15
U07777,Bà Ánh Phạm,2024-01-15
U07778,Bác Nam Hoàng,2024-11-21
U07779,Hải Hoàng,2025-02-05
U07780,Anh Hưng Nguyễn,2025-05-17
U07781,Vũ Vũ,2024-05-16
U07782,Quý ông Vũ Nguyễn,2025-07-19
U07783,Bà Hà Hoàng,2024-05-18
U07784,Quý cô Yến Nguyễn,2025-09-10
U07785,Hưng Mai Bảo Bùi,2024-09-21
U07786,Châu Hoàng,2024-11-29
U07787,Chị Ánh Dương,2025-06-13
U07788,Khoa Tấn Mai,2024-01-24
U07789,Chị Phương Trần,2025-01-11
U07790,Thành Hoàng Dương,2024-01-05
U07791,Thành Bùi,2024-11-30
U07792,Xuân Bùi,2025-10-24
U07793,Kim Quang Mai,2024-11-05
U07794,Quý cô Kim Lê,2025-02-12
U07795,Quang Hữu Dương,2024-07-14
U07796,Quý cô Nhật Phạm,2025-07-15
U07797,Quý cô Kim Phạm,2025-12-23
U07798,Bác Quang Dương,2024-04-29
U07799,Kim Đức Nguyễn,2025-09-02
U07800,Dương Nguyễn,2025-12-29
U07801,Bác Huy Lê,2024-11-05
U07802,Bảo Mai Bảo Nguyễn,2024-08-03
U07803,Khoa Quang Nguyễn,2025-04-26
U07804,Trung Hải Nguyễn,2025-06-12
U07805,Trọng Trí Vũ,2025-01-28
U07806,Linh Đặng,2024-10-01
U07807,Khoa Thị Phạm,2024-12-20
U07808,Khoa Vũ,2025-08-29
U07809,Cô Khoa Vũ,2025-08-09
U07810,Cô Hà Vũ,2025-03-09
U07811,Nhiên Đức Vũ,2025-04-26
U07812,Anh Bảo Trần,2024-01-20
U07813,Anh Thành Phạm,2025-11-02
U07814,Nam Lê,2025-06-11
U07815,Ông Dũng Nguyễn,2025-09-14
U07816,Tú Hải Mai,2024-10-16
U07817,Bác Châu Bùi,2025-11-12
U07818,An Mai Bảo Dương,2025-06-02
U07819,Hà Mai Dương,2024-05-29
U07820,Yến Hoàng,2025-01-07
U07821,Thành Trần,2025-11-28
U07822,Anh Bảo Vũ,2025-08-01
U07823,Duyên Phạm,2024-05-09
U07824,Nhật Lê,2024-02-29
U07825,Quang Lê,2025-11-20
U07826,Cô Vi Bùi,2025-08-09
U07827,Quang Bùi,2025-01-24
U07828,Chị Nhật Đặng,2025-01-15
U07829,Xuân Đặng,2024-09-27
U07830,Anh Bảo Trần,2024-06-05
U07831,Cô Thành Bùi,2025-03-19
U07832,Cô Hải Phạm,2025-08-12
U07833,Duyên Bùi,2025-09-10
U07834,Nhiên Đức Nguyễn,2025-04-09
U07835,Tùng Nguyễn,2024-06-18
U07836,Quang Phú Bùi,2024-11-04
U07837,Chị Dương Nguyễn,2024-08-30
U07838,Cô Hương Dương,2025-06-10
U07839,Châu Văn Mai,2024-02-15
U07840,Mai Dương,2024-05-31
U07841,Nhật Đức Lê,2024-02-19
U07842,Thành Trí Mai,2024-05-02
U07843,Bảo Hoàng,2025-04-06
U07844,Hồng Đặng,2025-09-22
U07845,Anh Huy Lê,2024-11-20
U07846,Quý cô Phương Vũ,2025-06-15
U07847,Châu Mai Bảo Vũ,2024-05-28
U07848,Bà Duyên Bùi,2025-03-12
U07849,Quý cô Nhật Đặng,2025-03-30
U07850,Hà Mai,2024-09-08
U07851,Mai Bùi,2025-02-21
U07852,Huy Nguyễn,2024-05-29
U07853,Cô Lâm Đặng,2025-01-10
U07854,Thành Phú Vũ,2024-02-08
U07855,Nhật Trí Nguyễn,2025-12-18
U07856,Ông Khoa Trần,2024-06-03
U07857,Quang Bảo Vũ,2024-03-11
U07858,Bác Nam Bùi,2024-12-16
U07859,Quý ông Trọng Bùi,2024-12-02
U07860,Quý cô Phương Đặng,2024-10-14
U07861,Bảo Bùi,2024-06-07
U07862,Hoàng Thị Vũ,2024-05-11
U07863,Tùng Văn Phạm,2024-06-29
U07864,Quý cô Bảo Lê,2025-06-26
U07865,Khoa Văn Hoàng,2025-09-17
U07866,Phúc Lê,2024-05-16
U07867,Châu Thị Hoàng,2024-05-13
U07868,Huy Lê,2024-03-07
U07869,Thảo Mai,2024-01-10
U07870,Bà Hải Dương,2025-05-15
U07871,An Bảo Vũ,2024-06-16
U07872,Duyên Đặng,2025-02-11
U07873,Ngọc Dương,2025-10-02
U07874,Khoa Phạm,2025-03-31
U07875,Bảo Lê,2024-09-22
U07876,Kim Bùi,2025-01-15
U07877,Tú Bùi,2024-09-24
U07878,Lâm Hữu Dương,2024-05-12
U07879,Tú Thị Vũ,2024-01-06
U07880,Quý cô Yến Lê,2024-01-28
U07881,Lan Đặng,2025-02-08
U07882,Anh Nhiên Bùi,2024-07-09
U07883,Lâm Đức Vũ,2024-07-22
U07884,Minh Phạm,2024-03-13
U07885,Kim Quang Dương,2025-12-28
U07886,Thành Đặng,2025-10-13
U07887,Châu Mai Bảo Lê,2024-11-08
U07888,Nhật Nguyễn,2025-06-18
U07889,Chi Vũ,2024-06-14
U07890,Khoa Đức Lê,2024-08-18
U07891,Quý cô Mai Trần,2025-01-12
U07892,Bác Nam Bùi,2025-07-11
U07893,Ánh Trần,2024-01-08
U07894,Mai Vũ,2025-11-04
U07895,Bà Thành Dương,2024-03-21
U07896,Mai Hoàng,2025-02-17
U07897,Bảo Đặng,2025-03-06
U07898,Nhật Hoàng Phạm,2024-07-01
U07899,An Tấn Lê,2025-08-12
U07900,Nhật Hoàng,2025-09-19
U07901,Thảo Đặng,2025-07-23
U07902,Quý cô Hà Bùi,2024-06-03
U07903,Quý cô Vi Mai,2025-01-23
U07904,Hải Lê,2025-12-24
U07905,Hạnh Tấn Trần,2025-12-31
U07906,Hà Nguyễn,2024-08-10
U07907,Lan Đặng,2024-10-02
U07908,Quý ông Thành Lê,2025-07-26
U07909,Cô Hà Đặng,2025-05-17
U07910,Ông Hưng Hoàng,2025-02-17
U07911,Hà Trần,2024-01-07
U07912,Thành Hoàng,2025-05-20
U07913,Bà Lâm Hoàng,2025-06-24
U07914,Quý cô Lâm Đặng,2024-02-29
U07915,Hải Trần,2024-08-05
U07916,Thành Bùi,2025-09-11
U07917,Kim Dương,2024-10-21
U07918,Chị Mai Mai,2024-11-02
U07919,Hải Dương,2024-03-31
U07920,Quý ông Quang Mai,2025-06-24
U07921,Lan Phạm,2024-03-14
U07922,Quý ông Hoàng Đặng,2025-02-20
U07923,An Lê,2025-10-30
U07924,Nhật Mai,2024-04-24
U07925,Vân Dương,2024-07-14
U07926,Ông Bảo Trần,2024-11-20
U07927,Nam Đức Lê,2025-09-09
U07928,Dương Hoàng,2025-09-01
U07929,Hải Đặng,2024-10-30
U07930,Ông Châu Vũ,2024-08-15
U07931,Hoàng Đức Dương,2025-12-10
U07932,Hương Dương,2024-06-02
U07933,Nhật Đức Hoàng,2024-12-19
U07934,Anh Châu Mai,2024-03-27
U07935,Chi Nguyễn,2024-08-10
U07936,Nhật Đức Đặng,2025-06-24
U07937,Khoa Phạm,2024-01-19
U07938,Bà Vi Phạm,2025-08-10
U07939,Quý cô Ngọc Bùi,2025-08-18
U07940,Thành Vũ,2024-07-11
U07941,Quý cô Dương Hoàng,2024-02-01
U07942,Nhật Trí Đặng,2025-11-19
U07943,Chi Vũ,2024-05-17
U07944,Cô Vi Lê,2024-06-25
U07945,Bà Chi Nguyễn,2024-05-14
U07946,Quý cô Lâm Nguyễn,2025-11-12
U07947,Nhật Phạm,2024-03-25
U07948,An Mai,2024-06-30
U07949,Trung Thế Lê,2024-06-13
U07950,Nhật Đức Vũ,2025-11-19
U07951,Quang Bảo Trần,2024-12-03
U07952,Kim Vũ,2025-02-15
U07953,Hà Bùi,2024-01-12
U07954,Phương Mai Bảo Bùi,2024-10-01
U07955,Quý cô An Nguyễn,2025-03-29
U07956,Lâm Hoàng Hoàng,2025-04-16
U07957,Bảo Đức Dương,2024-01-04
U07958,Anh Hưng Dương,2025-06-12
U07959,Bà Thành Lê,2025-10-31
U07960,Khoa Hoàng Trần,2025-10-07
U07961,Khoa Trần,2025-08-06
U07962,Phúc Tấn Dương,2025-12-26
U07963,Khoa Thị Phạm,2025-07-19
U07964,Quý ông Trọng Mai,2024-03-30
U07965,Quý cô Kim Nguyễn,2025-12-17
U07966,Ông Trọng Hoàng,2024-12-17
U07967,Bà Nhật Nguyễn,2025-10-01
U07968,Nhiên Dương,2025-07-13
U07969,Tú Hoàng Mai,2025-05-21
U07970,Lâm Nguyễn,2025-12-07
U07971,Chị Mai Trần,2025-08-16
U07972,Khoa Nguyễn,2025-01-25
U07973,Cô Hương Đặng,2025-02-24
U07974,Duyên Trần,2024-04-27
U07975,Huy Lê,2025-03-11
U07976,Quang Thế Nguyễn,2025-05-09
U07977,Hoàng Bùi,2024-03-11
U07978,Thành Quang Trần,2025-12-02
U07979,Cô Dương Phạm,2024-03-07
U07980,Tú Tấn Vũ,2024-09-17
U07981,Bà Dương Lê,2025-01-18
U07982,Cô Hồng Bùi,2024-08-15
U07983,Trung Vũ,2025-04-02
U07984,Chị Linh Trần,2025-08-10
U07985,Hạnh Phú Dương,2024-08-07
U07986,Ngọc Đặng,2024-03-11
U07987,Minh Phú Phạm,2024-07-13
U07988,Huy Trần,2025-06-23
U07989,Chị Hà Mai,2025-05-18
U07990,Quý cô Hạnh Trần,2024-06-04
U07991,Cô Nhật Phạm,2024-03-15
U07992,Quang Phú Trần,2024-04-13
U07993,Vũ Quang Bùi,2025-10-21
U07994,Bảo Phú Phạm,2025-04-08
U07995,Phương Nguyễn,2025-03-11
U07996,Quý cô Linh Nguyễn,2025-04-05
U07997,Quý cô Duyên Phạm,2024-07-22
U07998,Quý cô Hồng Phạm,2024-11-18
U07999,Cô Mai Trần,2025-03-15
U08000,Khoa Bùi,2025-03-08
U08001,Quý cô Thảo Phạm,2024-05-16
U08002,Kim Đặng,2025-08-02
U08003,Huy Văn Mai,2024-06-15
U08004,Bác Dũng Phạm,2025-09-11
U08005,Ông Huy Đặng,2025-11-22
U08006,Nhật Phạm,2024-02-02
U08007,Bác Anh Vũ,2024-04-25
U08008,Mai Trần,2024-07-08
U08009,Nhật Dương,2024-12-29
U08010,Bà Hương Trần,2025-10-29
U08011,Quý cô Ánh Lê,2024-08-12
U08012,Vũ Văn Nguyễn,2025-09-17
U08013,Kim Mai Lê,2025-08-13
U08014,Cô Lan Đặng,2024-05-19
U08015,Quý ông Phúc Vũ,2025-01-08
U08016,Dương Trần,2025-01-15
U08017,Quang Hải Dương,2024-07-30
U08018,Nam Mai Bảo Hoàng,2025-05-13
U08019,Hà Văn Hoàng,2025-05-06
U08020,Khoa Trí Phạm,2024-04-12
U08021,Bà Vân Trần,2024-01-27
U08022,An Tấn Vũ,2024-03-02
U08023,Hải Vũ,2025-07-08
U08024,Anh Tú Nguyễn,2025-02-15
U08025,An Đức Hoàng,2024-09-24
U08026,Phương Văn Mai,2024-01-03
U08027,Bà Nhật Nguyễn,2024-05-01
U08028,Bảo Hoàng,2025-05-28
U08029,Nhật Phạm,2024-05-06
U08030,Nhật Nguyễn,2024-05-20
U08031,Quý cô Hạnh Phạm,2024-07-29
U08032,Vi Hoàng,2024-05-03
U08033,Phương Hữu Bùi,2025-09-20
U08034,Hải Hải Trần,2025-10-14
U08035,Vi Nguyễn,2025-08-26
U08036,Yến Đặng,2024-02-20
U08037,Tùng Nguyễn,2024-07-11
U08038,Cô Nhật Vũ,2025-03-21
U08039,Khoa Thế Nguyễn,2024-06-07
U08040,Hải Hữu Đặng,2025-01-04
U08041,Anh Châu Đặng,2025-11-12
U08042,Vân Vũ,2024-01-20
U08043,Ngọc Nguyễn,2025-01-25
U08044,Hà Dương,2025-03-07
U08045,Khoa Hoàng,2024-03-21
U08046,Mai Đặng,2025-02-22
U08047,Hạnh Trí Hoàng,2024-05-02
U08048,Kim Phạm,2024-03-20
U08049,Quý cô Xuân Vũ,2025-05-29
U08050,Chị Vân Lê,2024-12-28
U08051,Chị Phương Bùi,2025-08-21
U08052,Thành Bảo Phạm,2024-04-21
U08053,Hà Thị Lê,2025-01-24
U08054,Phương Văn Trần,2024-06-14
U08055,Tú Đức Hoàng,2024-04-21
U08056,Quang Phú Lê,2025-06-06
U08057,Dũng Đức Dương,2024-03-28
U08058,Hoàng Đức Mai,2025-02-19
U08059,Nhiên Hoàng,2025-06-16
U08060,Ông Khoa Hoàng,2024-03-18
U08061,Thành Tấn Phạm,2024-11-19
U08062,Anh Bùi,2024-07-27
U08063,Huy Đức Lê,2024-06-26
U08064,Hải Mai,2025-06-20
U08065,Quý ông Hoàng Trần,2025-02-14
U08066,Quý cô Duyên Lê,2024-04-07
U08067,Hải Mai Phạm,2025-03-27
U08068,Lâm Đức Lê,2024-04-11
U08069,Ông Trung Phạm,2024-05-29
U08070,An Lê,2025-01-04
U08071,Anh Đặng,2024-01-19
U08072,Quý cô Hà Trần,2024-05-07
U08073,Minh Đức Vũ,2024-11-05
U08074,Quý cô Hạnh Mai,2025-06-07
U08075,Anh Vũ,2025-12-03
U08076,Anh Quang Nguyễn,2025-05-11
U08077,Anh Hoàng Lê,2025-07-04
U08078,Khoa Đức Mai,2025-09-18
U08079,Huy Dương,2024-03-12
U08080,Bà Phương Vũ,2024-03-29
U08081,Cô Mai Mai,2024-07-06
U08082,Thành Đặng,2024-12-26
U08083,Thảo Vũ,2024-10-16
U08084,Khoa Hải Đặng,2024-09-02
U08085,Xuân Lê,2024-02-29
U08086,Nhật Vũ,2025-08-09
U08087,Cô Hồng Nguyễn,2025-09-10
U08088,Quý ông Bảo Lê,2024-01-20
U08089,Bà Bảo Trần,2024-08-20
U08090,Thành Vũ,2025-08-07
U08091,Hạnh Hoàng Bùi,2025-11-29
U08092,Linh Đặng,2024-07-19
U08093,Ông Tùng Vũ,2025-10-28
U08094,Bà Hương Nguyễn,2024-03-15
U08095,Bà Thành Đặng,2025-08-04
U08096,Minh Đức Dương,2025-06-13
U08097,Lan Bùi,2024-10-23
U08098,Dương Hoàng,2025-07-09
U08099,Minh Phạm,2025-07-23
U08100,Hưng Hoàng,2024-03-12
U08101,Nam Đặng,2025-08-03
U08102,Hoàng Mai Bảo Lê,2024-10-29
U08103,Vi Mai,2024-06-02
U08104,Thành Văn Trần,2025-01-07
U08105,Bác Quang Lê,2024-05-24
U08106,Bác Châu Bùi,2024-11-26
U08107,Quý cô Bảo Lê,2024-06-18
U08108,Quý ông Anh Vũ,2024-01-08
U08109,Bảo Văn Bùi,2024-05-24
U08110,Chị An Vũ,2025-09-09
U08111,Bà Phương Phạm,2025-01-14
U08112,Bà Vân Nguyễn,2024-01-19
U08113,Hồng Bùi,2024-03-28
U08114,Nhật Mai Bảo Hoàng,2025-05-20
U08115,Nhật Bùi,2024-12-20
U08116,Thành Lê,2025-01-23
U08117,Châu Phú Dương,2024-05-31
U08118,Quý cô Linh Dương,2025-05-24
U08119,An Hải Dương,2025-05-03
U08120,Vũ Văn Mai,2025-04-13
U08121,Ông Trung Mai,2024-08-13
U08122,Quý cô Lâm Vũ,2025-12-22
U08123,Trung Phạm,2024-04-19
U08124,Trung Tấn Lê,2024-06-09
U08125,Nhật Đức Lê,2024-06-07
U08126,Vân Bùi,2025-08-13
U08127,Cô Hồng Vũ,2024-11-21
U08128,Bà Chi Vũ,2024-04-14
U08129,Lâm Nguyễn,2024-05-21
U08130,Thảo Dương,2025-01-13
U08131,Huy Đặng,2024-05-08
U08132,Bác Khoa Vũ,2025-08-31
U08133,Xuân Bùi,2025-05-25
U08134,Dũng Phú Đặng,2024-05-13
U08135,Ngọc Hoàng,2024-02-11
U08136,Hoàng Văn Phạm,2025-12-09
U08137,Quý ông Huy Hoàng,2025-03-24
U08138,Kim Vũ,2025-06-13
U08139,Bà Hồng Hoàng,2025-10-17
U08140,Bà Thành Vũ,2024-12-11
U08141,Quý cô Vi Phạm,2025-05-21
U08142,Minh Nguyễn,2024-04-21
U08143,Nam Hoàng,2024-09-21
U08144,Hải Hải Phạm,2025-10-19
U08145,Cô Chi Hoàng,2025-08-24
U08146,Nhật Phú Dương,2025-05-28
U08147,Hương Hoàng,2024-12-11
U08148,Nhiên Hoàng Trần,2025-05-08
U08149,Chị Yến Lê,2025-09-16
U08150,Khoa Mai,2024-01-17
U08151,Huy Thị Nguyễn,2024-04-13
U08152,Phúc Mai,2024-11-11
U08153,Lan Mai,2025-12-23
U08154,Bác Hoàng Trần,2025-08-14
U08155,Tú Vũ,2024-01-20
U08156,Hà Nguyễn,2024-09-16
U08157,Cô Lan Mai,2025-05-08
U08158,Thành Phú Trần,2024-01-07
U08159,Nhật Mai,2025-12-15
U08160,Bà Nhật Mai,2024-02-28
U08161,Phương Nguyễn,2024-07-02
U08162,Kim Vũ,2025-03-01
U08163,Kim Thị Trần,2025-07-13
U08164,Thành Thị Dương,2024-11-02
U08165,Nhật Mai,2024-07-09
U08166,Quang Đức Lê,2025-07-27
U08167,Quý ông Anh Vũ,2024-10-05
U08168,Anh Phúc Vũ,2025-03-26
U08169,Chị Nhật Mai,2025-03-29
U08170,Bà Lâm Bùi,2024-12-21
U08171,Nhật Quang Nguyễn,2025-11-10
U08172,Chị Xuân Hoàng,2024-09-02
U08173,Bà Hà Vũ,2024-03-03
U08174,Quý cô An Nguyễn,2025-07-27
U08175,Châu Vũ,2025-09-18
U08176,Bà Dương Hoàng,2024-11-01
U08177,Châu Bùi,2025-11-26
U08178,Phương Nguyễn,2024-03-08
U08179,Bà Dương Lê,2025-12-14
U08180,Bác Nam Mai,2024-12-14
U08181,Yến Bùi,2025-03-15
U08182,Bảo Dương,2024-09-28
U08183,Bà Chi Mai,2024-08-08
U08184,Ông Nam Mai,2024-02-16
U08185,Huy Văn Mai,2024-03-02
U08186,Nhiên Đặng,2025-05-25
U08187,Bảo Bùi,2024-06-13
U08188,Quang Trí Mai,2025-03-20
U08189,Chị Dương Nguyễn,2025-04-02
U08190,Bà Lan Bùi,2024-02-25
U08191,Chị Chi Nguyễn,2025-11-25
U08192,Bà Thảo Trần,2024-09-12
U08193,Phúc Trí Nguyễn,2025-12-03
U08194,Hạnh Bảo Lê,2024-02-13
U08195,Phương Dương,2024-01-23
U08196,Ông Bảo Lê,2025-07-02
U08197,Hồng Phạm,2025-03-11
U08198,Trọng Tấn Hoàng,2025-05-15
U08199,Thảo Trần,2025-07-02
U08200,Nam Hoàng Bùi,2024-05-14
U08201,Khoa Mai,2024-01-27
U08202,Chi Nguyễn,2025-07-22
U08203,Hà Trần,2024-01-25
U08204,Cô Thành Nguyễn,2025-01-02
U08205,Chị Hương Hoàng,2025-06-07
U08206,Vũ Trần,2025-07-29
U08207,Anh Mai Bảo Trần,2025-02-04
U08208,Anh Phạm,2024-03-09
U08209,Cô Khoa Đặng,2024-05-22
U08210,Hương Phạm,2024-01-06
U08211,Khoa Thị Bùi,2024-02-12
U08212,Phúc Trần,2024-12-31
U08213,Phúc Phạm,2024-05-24
U08214,Anh Bảo Hoàng,2025-08-17
U08215,Duyên Nguyễn,2025-01-31
U08216,Nhật Dương,2025-08-02
U08217,Châu Phạm,2025-01-21
U08218,Chi Hoàng,2025-12-25
U08219,Hải Lê,2025-05-06
U08220,Trung Phạm,2025-09-12
U08221,Anh Trọng Bùi,2025-10-21
U08222,Bà Dương Đặng,2024-02-21
U08223,Dũng Mai Bảo Trần,2025-08-25
U08224,Lâm Trần,2025-06-27
U08225,Anh Trọng Hoàng,2024-07-10
U08226,Nhật Thị Đặng,2024-04-25
U08227,Hạnh Hải Đặng,2025-10-14
U08228,Xuân Lê,2024-09-28
U08229,Nhiên Văn Hoàng,2025-01-13
U08230,Nhật Hữu Đặng,2025-10-26
U08231,Ngọc Nguyễn,2024-01-22
U08232,Bà Lan Bùi,2024-07-06
U08233,Quý cô Thành Vũ,2025-03-09
U08234,Quý cô Lâm Vũ,2024-01-13
U08235,Khoa Đặng,2025-08-24
U08236,Hương Mai,2024-08-11
U08237,Thành Lê,2025-01-02
U08238,Anh Tú Lê,2025-12-15
U08239,Chị An Mai,2025-04-28
U08240,Kim Đức Đặng,2025-08-29
U08241,Thành Dương,2024-06-22
U08242,Ông Minh Nguyễn,2025-09-16
U08243,Vũ Trí Vũ,2025-02-21
U08244,Nhiên Thế Hoàng,2024-09-21
U08245,Trọng Thế Mai,2025-01-15
U08246,Hải Quang Nguyễn,2025-05-28
U08247,Phúc Trần,2025-08-18
U08248,Tùng Tấn Dương,2025-02-16
U08249,Khoa Đức Nguyễn,2024-05-29
U08250,Chị Hồng Dương,2025-10-10
U08251,Anh Anh Nguyễn,2025-10-14
U08252,Duyên Bùi,2025-12-13
U08253,Lan Nguyễn,2024-10-23
U08254,Nam Trí Mai,2024-11-18
U08255,Hưng Đặng,2024-11-10
U08256,Bảo Đặng,2025-10-21
U08257,Thành Phạm,2024-06-30
U08258,Tú Phú Vũ,2025-11-14
U08259,Quang Mai,2025-03-03
U08260,Bác Hưng Lê,2024-11-01
U08261,Kim Hoàng Đặng,2024-08-04
U08262,Khoa Mai Bùi,2024-09-04
U08263,Huy Đặng,2025-05-25
U08264,Chị Mai Hoàng,2024-07-16
U08265,Quý cô Kim Nguyễn,2025-01-23
U08266,Quý cô Xuân Phạm,2025-12-17
U08267,Ngọc Dương,2025-11-15
U08268,Cô Mai Đặng,2025-01-12
U08269,Trung Phạm,2024-12-16
U08270,Nhật Trí Trần,2025-06-26
U08271,Quý cô Nhật Lê,2025-01-30
U08272,Anh Trí Hoàng,2024-04-07
U08273,Bà Vi Bùi,2025-10-02
U08274,Cô Thành Bùi,2024-01-22
U08275,Kim Hoàng Trần,2024-10-05
U08276,Châu Hải Dương,2024-01-20
U08277,Bà Vi Nguyễn,2024-07-20
U08278,Nhiên Thị Vũ,2024-02-07
U08279,Xuân Vũ,2025-10-09
U08280,Ngọc Vũ,2024-04-21
U08281,Linh Mai,2025-12-01
U08282,Hoàng Trần,2025-10-11
U08283,Bà An Vũ,2024-06-04
U08284,Chi Dương,2024-02-19
U08285,Hạnh Vũ,2025-06-17
U08286,Ánh Nguyễn,2024-09-04
U08287,Bác Vũ Bùi,2025-05-15
U08288,Xuân Trần,2024-06-08
U08289,Cô Ánh Dương,2024-02-11
U08290,Phương Bùi,2025-10-24
U08291,Quý cô Kim Trần,2024-05-03
U08292,Cô Hương Dương,2025-02-25
U08293,Chị Khoa Hoàng,2024-06-20
U08294,Hưng Lê,2025-11-20
U08295,Ánh Trần,2024-11-10
U08296,Quý ông Tú Mai,2025-08-04
U08297,Bác Quang Hoàng,2024-06-03
U08298,Chị Vân Dương,2025-05-15
U08299,Vũ Phạm,2025-05-22
U08300,Vũ Nguyễn,2024-05-09
U08301,Hải Hữu Mai,2024-07-24
U08302,An Trần,2025-09-03
U08303,Bảo Trần,2024-05-08
U08304,Huy Hoàng,2024-12-29
U08305,Vi Nguyễn,2025-07-15
U08306,Quý ông Dũng Đặng,2025-08-18
U08307,An Hữu Trần,2024-07-07
U08308,Quý cô Ánh Vũ,2025-01-27
U08309,Ngọc Mai,2025-09-06
U08310,Quý ông Hoàng Bùi,2025-11-12
U08311,Chị Mai Trần,2025-06-27
U08312,Khoa Lê,2024-02-12
U08313,Bảo Hoàng,2025-08-24
U08314,Chị Vân Đặng,2024-06-07
U08315,Chi Hoàng,2025-01-02
U08316,Quý cô Hạnh Mai,2025-01-04
U08317,Trọng Thế Dương,2024-06-26
U08318,Bảo Quang Nguyễn,2025-01-12
U08319,An Quang Mai,2024-11-14
U08320,Quý cô Nhật Dương,2024-07-19
U08321,Bảo Trí Dương,2024-02-18
U08322,Khoa Mai Bảo Phạm,2024-11-22
U08323,Cô Lâm Lê,2025-04-09
U08324,Anh Lê,2024-01-16
U08325,Bác Nam Hoàng,2024-04-14
U08326,Quý cô Yến Nguyễn,2024-09-27
U08327,Chị Hương Hoàng,2024-07-09
U08328,Bà Dương Vũ,2024-04-04
U08329,Lâm Đức Hoàng,2024-01-16
U08330,Phương Bùi,2024-02-02
U08331,Chị Mai Mai,2024-09-11
U08332,Ông Tùng Trần,2024-09-27
U08333,Nhật Bùi,2025-10-24
U08334,Quý ông Thành Trần,2025-03-07
U08335,Chị An Đặng,2025-09-05
U08336,Cô Vân Mai,2025-02-11
U08337,Hoàng Mai,2024-08-01
U08338,Kim Đức Trần,2025-05-12
U08339,Quý cô Duyên Phạm,2025-12-02
U08340,Chị An Mai,2024-12-31
U08341,Chi Bùi,2024-03-10
U08342,Phương Thế Lê,2025-09-04
U08343,Tú Trí Bùi,2025-10-05
U08344,Phương Bùi,2024-10-10
U08345,Quý cô Mai Dương,2024-04-27
U08346,Chị Thảo Mai,2025-07-15
U08347,Ông Nhiên Phạm,2024-07-26
U08348,Trung Phạm,2024-06-27
U08349,Ông Trọng Bùi,2025-08-10
U08350,Tú Phú Đặng,2024-01-14
U08351,Bác Nhiên Phạm,2024-10-07
U08352,Chị Mai Mai,2025-07-18
U08353,Vân Phạm,2025-02-01
U08354,An Đặng,2024-07-01
U08355,Quý cô Xuân Hoàng,2024-02-13
U08356,Yến Lê,2025-04-20
U08357,Cô Kim Phạm,2024-10-30
U08358,Bà Duyên Bùi,2025-06-30
U08359,Ánh Nguyễn,2024-02-15
U08360,Cô Nhật Mai,2025-04-01
U08361,Phúc Dương,2025-07-18
U08362,Phương Đức Lê,2024-09-11
U08363,Cô Khoa Dương,2024-01-08
U08364,Chi Vũ,2024-09-20
U08365,Nam Mai,2025-06-04
U08366,Chị Hà Nguyễn,2024-02-25
U08367,Cô Lâm Vũ,2025-01-16
U08368,Quang Trần,2025-12-13
U08369,Hải Nguyễn,2024-10-16
U08370,An Trí Đặng,2025-04-13
U08371,Cô Chi Hoàng,2024-06-17
U08372,Thành Dương,2025-01-11
U08373,Quý ông Anh Mai,2025-10-10
U08374,Vi Mai,2025-07-17
U08375,Cô Hải Đặng,2025-11-15
U08376,Bà Hải Dương,2024-09-05
U08377,Cô Lan Trần,2024-02-02
U08378,Bảo Hải Đặng,2025-12-16
U08379,Ông Hoàng Trần,2025-10-28
U08380,Bà Chi Lê,2025-01-16
U08381,Cô Vi Phạm,2024-10-26
U08382,Quý ông Quang Vũ,2024-01-15
U08383,Khoa Bảo Bùi,2024-08-25
U08384,Xuân Dương,2024-12-15
U08385,Chị An Hoàng,2025-01-11
U08386,Ngọc Hoàng,2024-06-17
U08387,Xuân Hoàng,2024-12-12
U08388,Bảo Bảo Lê,2024-04-13
U08389,Quý ông Quang Mai,2025-07-17
U08390,Nam Bảo Trần,2025-12-15
U08391,Chị Mai Bùi,2024-10-13
U08392,Khoa Trần,2024-10-20
U08393,Thành Thế Nguyễn,2024-06-03
U08394,Bác Khoa Dương,2024-11-22
U08395,Huy Trí Phạm,2025-10-24
U08396,Hải Bùi,2025-02-26
U08397,Hải Hải Vũ,2024-12-06
U08398,Chị Lan Trần,2025-01-30
U08399,Duyên Đặng,2025-09-06
U08400,Ông Khoa Phạm,2024-10-22
U08401,Vân Vũ,2024-10-29
U08402,Kim Mai,2024-10-29
U08403,Khoa Quang Vũ,2025-12-04
U08404,Thành Vũ,2024-06-20
U08405,Quý cô Hạnh Phạm,2025-03-15
U08406,Linh Vũ,2025-12-25
U08407,Quý cô Bảo Hoàng,2025-10-05
U08408,Bác Tú Đặng,2024-10-13
U08409,Nhật Lê,2024-03-16
U08410,Minh Phạm,2025-12-16
U08411,Nhiên Bảo Lê,2025-09-29
U08412,Lâm Đặng,2025-04-04
U08413,Quý cô Hải Hoàng,2024-02-12
U08414,Khoa Tấn Lê,2025-03-07
U08415,Tú Dương,2024-12-07
U08416,Chị Lan Vũ,2024-05-04
U08417,Trọng Phạm,2024-03-10
U08418,Hương Mai,2025-01-06
U08419,Xuân Đặng,2024-04-23
U08420,Khoa Mai,2024-12-08
U08421,Khoa Hoàng,2025-10-28
U08422,An Trần,2024-12-03
U08423,Nhật Mai Bảo Hoàng,2024-05-25
U08424,Ông Vũ Bùi,2024-03-21
U08425,Lan Đặng,2024-10-07
U08426,Hạnh Hoàng Bùi,2024-04-19
U08427,Xuân Vũ,2024-02-03
U08428,Ông Tùng Hoàng,2025-12-13
U08429,Nhật Lê,2024-12-10
U08430,Quang Quang Đặng,2025-08-04
U08431,Hạnh Nguyễn,2025-04-28
U08432,Yến Trần,2025-09-14
U08433,Vũ Hoàng Nguyễn,2025-03-27
U08434,Trọng Xuân Mai,2025-02-16
U08435,Bác Trung Đặng,2024-10-02
U08436,Quý cô Phương Hoàng,2024-10-10
U08437,Ánh Vũ,2025-10-25
U08438,Chị Dương Đặng,2025-05-27
U08439,Anh Vũ,2024-10-19
U08440,Hạnh Dương,2024-06-20
U08441,Khoa Dương,2024-11-21
U08442,Hạnh Phạm,2025-02-07
U08443,Huy Phạm,2024-10-12
U08444,Chị Khoa Vũ,2025-12-20
U08445,Ông Hưng Hoàng,2025-12-13
U08446,Phương Mai,2025-10-23
U08447,Lâm Phạm,2024-06-04
U08448,Quý cô Ngọc Phạm,2024-10-28
U08449,Hồng Mai,2024-11-10
U08450,Bảo Tấn Vũ,2024-02-18
U08451,Quý cô Xuân Bùi,2025-10-27
U08452,Bà Dương Đặng,2024-07-26
U08453,Nhiên Thị Bùi,2025-05-08
U08454,Nhật Xuân Hoàng,2024-11-21
U08455,Chị Xuân Dương,2024-05-04
U08456,Duyên Trần,2025-11-30
U08457,Bà Chi Đặng,2024-09-16
U08458,Xuân Lê,2024-07-26
U08459,Hạnh Hoàng,2024-05-08
U08460,Quý ông Dũng Trần,2025-08-25
U08461,Hải Nguyễn,2025-11-16
U08462,Thành Trần,2024-09-02
U08463,Anh Quang Mai,2024-08-22
U08464,Chị An Đặng,2024-10-29
U08465,Dũng Quang Lê,2025-12-25
U08466,Cô Thành Dương,2024-10-03
U08467,Bảo Đức Mai,2025-12-21
U08468,Ông Vũ Dương,2025-12-29
U08469,Hà Trần,2024-07-17
U08470,Anh Trung Trần,2025-05-17
U08471,Chi Trần,2025-06-19
U08472,Châu Xuân Phạm,2025-12-06
U08473,Bà Mai Trần,2024-07-30
U08474,Nam Mai Bảo Hoàng,2025-02-12
U08475,Chị Chi Lê,2024-04-15
U08476,Quý cô Nhật Hoàng,2024-07-28
U08477,Chị Linh Dương,2025-03-21
U08478,Yến Trần,2024-12-24
U08479,Lâm Đặng,2024-10-29
U08480,Hải Mai Bảo Nguyễn,2025-12-15
U08481,Ông Thành Hoàng,2025-07-22
U08482,Kim Mai,2025-02-03
U08483,Kim Tấn Lê,2025-01-23
U08484,Hà Vũ,2025-08-19
U08485,Trọng Bùi,2025-12-04
U08486,Quý ông Quang Trần,2025-12-05
U08487,Trọng Hữu Đặng,2025-07-10
U08488,Bà Thành Nguyễn,2024-07-24
U08489,Bà Xuân Hoàng,2025-07-05
U08490,Nhật Hải Đặng,2025-06-10
U08491,Vân Trần,2024-01-17
U08492,Châu Thị Mai,2025-07-31
U08493,Thành Bùi,2024-02-06
U08494,Trọng Lê,2025-05-24
U08495,Thảo Hoàng,2025-09-13
U08496,Tú Phú Nguyễn,2025-02-14
U08497,Lâm Bảo Nguyễn,2025-06-05
U08498,Quý ông Châu Bùi,2025-01-13
U08499,Quý cô Duyên Vũ,2024-07-18
U08500,Thảo Đặng,2025-01-22
U08501,Hoàng Vũ,2024-12-02
U08502,Nhật Trần,2025-08-15
U08503,Cô Nhật Hoàng,2025-01-20
U08504,Hà Tấn Trần,2024-06-03
U08505,Dũng Bảo Đặng,2025-09-30
U08506,Nhiên Dương,2024-03-17
U08507,Bác Châu Dương,2024-10-15
U08508,Quý cô Nhật Phạm,2024-10-04
U08509,Cô Khoa Mai,2024-04-09
U08510,Minh Mai Bảo Lê,2025-05-29
U08511,Phúc Lê,2025-07-28
U08512,Linh Nguyễn,2024-02-10
U08513,Bà Duyên Phạm,2024-10-19
U08514,Nhiên Mai,2025-06-11
U08515,Vân Nguyễn,2025-01-27
U08516,Tùng Trần,2024-01-12
U08517,Ông Phúc Dương,2024-02-09
U08518,Phương Nguyễn,2024-01-30
U08519,Chị Ánh Trần,2025-05-10
U08520,Chi Trần,2024-05-30
U08521,Tú Mai Phạm,2025-11-23
U08522,Bà Lâm Mai,2025-09-05
U08523,Quý cô Kim Trần,2024-07-13
U08524,An Nguyễn,2025-07-03
U08525,Nhật Vũ,2024-11-15
U08526,Bảo Nguyễn,2024-12-13
U08527,Cô Hạnh Vũ,2025-12-19
U08528,Cô Vi Phạm,2025-12-10
U08529,Bà Thành Hoàng,2024-08-06
U08530,Bà Ánh Bùi,2025-05-15
U08531,Chị Ánh Hoàng,2025-07-16
U08532,Nhật Đức Phạm,2025-06-15
U08533,Thảo Lê,2025-08-13
U08534,Huy Trí Trần,2024-02-04
U08535,An Bảo Bùi,2025-05-08
U08536,Cô Kim Lê,2024-09-08
U08537,Bảo Dương,2025-06-04
U08538,Quang Quang Dương,2025-05-24
U08539,Anh Minh Trần,2024-11-26
U08540,Phương Lê,2024-07-17
U08541,Nhiên Quang Bùi,2025-08-23
U08542,Bảo Bảo Phạm,2024-10-27
U08543,Quý ông Trung Hoàng,2024-01-01
U08544,Nhật Đặng,2024-07-04
U08545,Chị Phương Vũ,2024-09-23
U08546,Tùng Trí Bùi,2025-03-27
U08547,Thành Văn Nguyễn,2025-06-10
U08548,Anh Dũng Hoàng,2025-02-03
U08549,Kim Hải Hoàng,2024-06-06
U08550,Chị Hương Trần,2024-07-27
U08551,Ngọc Đặng,2025-07-15
U08552,Quý cô Yến Nguyễn,2025-11-07
U08553,Huy Thị Hoàng,2024-05-06
U08554,Dũng Mai Bảo Đặng,2025-02-06
U08555,Nhật Bảo Phạm,2024-04-06
U08556,Thành Hải Bùi,2025-06-30
U08557,Bảo Thị Trần,2024-09-17
U08558,Dũng Bùi,2024-10-19
U08559,Phương Thế Nguyễn,2024-03-14
U08560,Thành Văn Dương,2024-08-16
U08561,Bác Vũ Trần,2025-09-19
U08562,Bảo Mai,2025-04-04
U08563,Anh Bảo Dương,2024-01-06
U08564,Ngọc Mai,2025-10-21
U08565,Hồng Trần,2025-06-29
U08566,Vũ Mai Bảo Dương,2024-10-16
U08567,Tú Nguyễn,2024-06-29
U08568,Quý cô Mai Nguyễn,2025-08-27
U08569,Quý cô Mai Lê,2025-06-10
U08570,Vũ Đặng,2025-09-08
U08571,Phương Đức Đặng,2024-02-12
U08572,Quang Hoàng,2024-07-21
U08573,Vi Vũ,2024-07-22
U08574,Quang Trần,2025-09-17
U08575,Cô Mai Trần,2024-05-24
U08576,Huy Lê,2024-06-04
U08577,Quang Hoàng,2025-05-30
U08578,Quang Văn Lê,2025-01-06
U08579,Quý ông Nhiên Trần,2024-02-03
U08580,Chị Hương Đặng,2024-01-27
U08581,Anh Nam Đặng,2024-07-05
U08582,Phúc Vũ,2025-08-25
U08583,Hà Mai Nguyễn,2024-05-16
U08584,Vũ Trí Hoàng,2024-05-05
U08585,Phương Trí Trần,2024-05-02
U08586,Khoa Bùi,2025-08-18
U08587,Ông Anh Trần,2025-03-15
U08588,Hà Đặng,2025-03-19
U08589,Lâm Đức Đặng,2024-01-08
U08590,Yến Mai,2024-06-07
U08591,Lan Đặng,2025-05-12
U08592,Chị Hạnh Vũ,2024-12-06
U08593,Hải Hải Hoàng,2024-07-27
U08594,Hạnh Đức Bùi,2025-12-03
U08595,Nhật Đặng,2025-08-12
U08596,Bà Chi Bùi,2024-03-07
U08597,Hồng Nguyễn,2024-11-20
U08598,Nhật Văn Dương,2025-11-11
U08599,Tú Mai,2025-09-06
U08600,Châu Trần,2024-03-02
U08601,Quý cô Chi Trần,2025-07-04
U08602,Minh Đặng,2024-02-09
U08603,Chị Yến Phạm,2024-04-13
U08604,Chị Hạnh Lê,2024-09-01
U08605,Thảo Lê,2024-11-11
U08606,Hải Mai Nguyễn,2025-10-01
U08607,Hải Mai,2024-07-03
U08608,Tùng Bùi,2024-12-18
U08609,Quý cô Nhật Hoàng,2024-07-05
U08610,Bảo Bùi,2025-07-11
U08611,Mai Đặng,2025-12-15
U08612,Dương Vũ,2024-06-24
U08613,Lâm Đặng,2025-12-29
U08614,Quý cô Hạnh Đặng,2025-11-05
U08615,Bác Hoàng Trần,2024-10-05
U08616,Châu Xuân Trần,2024-05-08
U08617,Cô Hà Lê,2024-01-16
U08618,Dũng Trần,2024-07-13
U08619,Phương Lê,2025-09-27
U08620,Nhiên Bảo Nguyễn,2024-09-12
U08621,Hoàng Vũ,2024-06-09
U08622,Ông Phúc Nguyễn,2025-06-28
U08623,Quý ông Tùng Nguyễn,2025-04-25
U08624,Vân Bùi,2025-07-06
U08625,Quý cô Xuân Bùi,2025-10-25
U08626,Hoàng Phú Đặng,2024-06-13
U08627,Ông Dũng Hoàng,2024-01-21
U08628,Duyên Hoàng,2024-11-04
U08629,Cô Lâm Đặng,2024-02-24
U08630,Nam Dương,2025-01-24
U08631,Hà Trần,2024-02-18
U08632,Nhiên Thị Vũ,2024-09-21
U08633,Kim Dương,2025-07-25
U08634,Khoa Trần,2025-01-26
U08635,Quý cô Bảo Phạm,2025-08-04
U08636,Quý cô Hương Đặng,2024-05-16
U08637,Vũ Đặng,2024-06-18
U08638,Quang Phú Bùi,2024-11-19
U08639,Cô An Lê,2025-06-13
U08640,Nhật Hữu Nguyễn,2024-01-25
U08641,Hà Bùi,2025-12-26
U08642,Tùng Tấn Hoàng,2025-08-06
U08643,Bà Yến Nguyễn,2025-02-28
U08644,Dũng Đặng,2024-11-12
U08645,Phương Trí Phạm,2024-10-04
U08646,Chị Mai Vũ,2025-12-08
U08647,Chị Hạnh Hoàng,2024-06-21
U08648,Bác Huy Dương,2025-09-25
U08649,Hạnh Xuân Phạm,2024-08-20
U08650,Bà Linh Hoàng,2024-10-13
U08651,Trọng Hoàng,2024-05-28
U08652,Bà Dương Nguyễn,2025-06-08
U08653,Chị Yến Đặng,2025-08-27
U08654,Nhật Tấn Đặng,2024-05-29
U08655,Lâm Xuân Bùi,2025-01-19
U08656,Cô Thành Trần,2024-12-21
U08657,Bà Ngọc Đặng,2024-01-24
U08658,Hà Mai Bảo Nguyễn,2024-12-11
U08659,Cô Hải Vũ,2025-05-31
U08660,Kim Đức Hoàng,2024-07-13
U08661,Tùng Lê,2024-03-05
U08662,Cô Hương Vũ,2025-05-31
U08663,Ông Quang Đặng,2025-12-16
U08664,Bác Hưng Bùi,2024-01-18
U08665,Kim Đặng,2024-09-18
U08666,Hạnh Đặng,2025-11-13
U08667,Bà Ngọc Bùi,2025-04-27
U08668,Hương Mai,2024-11-04
U08669,Bảo Đặng,2024-03-10
U08670,Thành Phạm,2025-10-30
U08671,Chị Yến Bùi,2025-02-13
U08672,Nhật Hải Hoàng,2025-12-26
U08673,Nhật Phú Trần,2024-10-25
U08674,Thành Mai Dương,2025-07-01
U08675,Thành Hữu Bùi,2025-11-16
U08676,Lâm Hoàng,2025-12-13
U08677,Thành Vũ,2025-11-09
U08678,Khoa Đức Đặng,2025-10-31
U08679,Anh Xuân Đặng,2025-07-18
U08680,Bảo Lê,2025-04-09
U08681,Trung Vũ,2025-09-29
U08682,Chi Nguyễn,2025-10-07
U08683,Bảo Xuân Trần,2025-05-24
U08684,Bác Quang Dương,2024-10-04
U08685,Phương Phạm,2025-10-23
U08686,Bác Dũng Bùi,2024-04-03
U08687,Duyên Hoàng,2024-02-22
U08688,Cô Phương Trần,2025-08-26
U08689,Châu Hữu Dương,2024-01-25
U08690,Thành Lê,2024-05-12
U08691,Cô Hương Nguyễn,2025-01-10
U08692,Nhiên Thị Dương,2025-07-19
U08693,Nhật Mai Phạm,2024-06-14
U08694,Anh Quang Dương,2025-05-07
U08695,Linh Vũ,2025-07-29
U08696,Anh Bùi,2025-08-29
U08697,Bà Nhật Lê,2024-07-27
U08698,Cô Ngọc Đặng,2024-03-04
U08699,Bác Trọng Hoàng,2024-03-06
U08700,Hưng Hoàng,2025-08-22
U08701,Quang Tấn Phạm,2025-06-26
U08702,Quý cô Ánh Nguyễn,2024-05-06
U08703,Ánh Lê,2025-11-07
U08704,Bà Thảo Vũ,2025-09-30
U08705,Thành Hữu Vũ,2025-04-08
U08706,Quang Bảo Vũ,2025-05-06
U08707,Hoàng Phú Hoàng,2025-06-03
U08708,An Tấn Lê,2024-09-12
U08709,Quý ông Tú Nguyễn,2025-05-17
U08710,Nhiên Vũ,2024-12-21
U08711,Quý ông Minh Phạm,2025-12-21
U08712,Quý cô Bảo Đặng,2025-01-29
U08713,Hồng Vũ,2024-01-31
U08714,Quý cô Vi Trần,2025-11-30
U08715,Hải Đặng,2024-11-21
U08716,Cô Vi Lê,2024-12-29
U08717,Quang Văn Phạm,2024-07-29
U08718,Hưng Hải Hoàng,2024-04-25
U08719,Thành Mai Bảo Trần,2025-05-20
U08720,Quang Hải Dương,2024-08-03
U08721,Nhiên Phạm,2024-10-10
U08722,Tú Phú Bùi,2024-05-15
U08723,Quý ông Trọng Lê,2024-11-03
U08724,Bà Nhật Vũ,2025-08-19
U08725,Chi Mai,2024-12-05
U08726,Hạnh Hải Trần,2025-01-27
U08727,Lan Dương,2024-04-05
U08728,Lâm Trần,2025-10-25
U08729,Lâm Quang Bùi,2025-06-10
U08730,Chị Lan Nguyễn,2024-05-02
U08731,Xuân Đặng,2025-04-10
U08732,Hà Bùi,2025-03-07
U08733,Kim Thế Trần,2025-04-04
U08734,Cô Phương Trần,2024-08-06
U08735,Duyên Đặng,2024-10-02
U08736,Quý cô Khoa Mai,2025-05-18
U08737,Tú Phạm,2024-06-27
U08738,Vi Nguyễn,2024-09-19
U08739,An Trần,2024-06-25
U08740,Quý ông Trọng Đặng,2024-01-29
U08741,Quý cô Ngọc Phạm,2024-01-02
U08742,Trọng Quang Mai,2024-06-09
U08743,Trọng Dương,2025-12-29
U08744,Kim Thế Bùi,2024-07-20
U08745,Quý cô Vi Nguyễn,2025-03-02
U08746,Vân Trần,2025-04-29
U08747,Bảo Văn Vũ,2024-08-01
U08748,Duyên Phạm,2024-07-20
U08749,Bác Bảo Dương,2025-05-04
U08750,Vũ Trần,2024-04-14
U08751,Hoàng Lê,2025-04-21
U08752,Tùng Bùi,2025-07-31
U08753,Quang Bảo Đặng,2024-04-15
U08754,Kim Nguyễn,2025-11-04
U08755,Minh Mai,2024-06-08
U08756,Mai Đặng,2024-07-07
U08757,Nam Xuân Đặng,2024-10-08
U08758,Tú Vũ,2024-08-16
U08759,Phương Vũ,2025-11-05
U08760,Thành Bảo Trần,2025-06-05
U08761,Anh Tùng Nguyễn,2025-12-05
U08762,Bảo Nguyễn,2025-04-05
U08763,Bà Mai Vũ,2024-12-04
U08764,Nhiên Mai Bùi,2024-12-18
U08765,An Tấn Trần,2025-05-25
U08766,Nam Mai Bảo Đặng,2024-04-02
U08767,Bảo Trí Bùi,2024-07-19
U08768,Hương Đặng,2024-05-18
U08769,Nhật Nguyễn,2024-03-20
U08770,Cô Linh Nguyễn,2025-06-05
U08771,Nhật Đặng,2024-02-01
U08772,Vũ Hoàng,2024-10-13
U08773,Chị Mai Dương,2025-12-12
U08774,Bà Dương Bùi,2024-06-01
U08775,Quý cô Chi Hoàng,2025-06-19
U08776,Bà Nhật Nguyễn,2024-12-15
U08777,Hà Tấn Nguyễn,2024-09-17
U08778,Huy Đức Đặng,2025-05-17
U08779,Hạnh Hoàng,2024-04-07
U08780,Nhật Mai Bảo Vũ,2024-12-14
U08781,Thành Hữu Hoàng,2024-09-11
U08782,Ông Minh Đặng,2025-01-14
U08783,Anh Quang Dương,2024-05-01
U08784,Hải Trần,2024-03-23
U08785,Bà Nhật Phạm,2025-08-24
U08786,Dương Hoàng,2025-01-23
U08787,Hà Hải Mai,2025-06-21
U08788,Bà Ánh Lê,2025-11-06
U08789,Tùng Hoàng,2024-01-01
U08790,Trung Hữu Vũ,2024-07-17
U08791,Quang Mai,2024-07-07
U08792,Dũng Mai Đặng,2025-09-22
U08793,Ông Thành Trần,2025-09-01
U08794,Anh Thành Đặng,2025-04-03
U08795,Cô Hạnh Trần,2024-11-23
U08796,Anh Bảo Phạm,2025-10-05
U08797,Quý ông Phúc Dương,2025-08-05
U08798,Ông Hưng Bùi,2025-01-02
U08799,Anh Tùng Hoàng,2024-07-11
U08800,Nhật Mai Vũ,2025-09-29
U08801,Trung Quang Bùi,2024-12-09
U08802,An Phú Trần,2024-11-12
U08803,Quý ông Tú Trần,2025-05-02
U08804,Bảo Bùi,2025-11-10
U08805,Quý ông Nhiên Vũ,2025-08-14
U08806,Lâm Nguyễn,2025-03-22
U08807,Bà Khoa Dương,2024-09-06
U08808,Khoa Trần,2024-03-25
U08809,Cô Lâm Dương,2024-11-08
U08810,Vân Mai,2024-04-04
U08811,An Phú Bùi,2025-10-02
U08812,Ông Anh Nguyễn,2025-10-28
U08813,Quý cô Nhật Phạm,2025-01-22
U08814,Chị Duyên Nguyễn,2024-03-10
U08815,Yến Trần,2025-12-05
U08816,Chị Nhật Phạm,2024-07-27
U08817,Chị Linh Hoàng,2024-07-08
U08818,Anh Vũ Phạm,2025-02-09
U08819,Cô Khoa Trần,2024-01-30
U08820,Ngọc Dương,2024-12-03
U08821,Nam Phạm,2024-12-21
U08822,Hạnh Nguyễn,2025-12-26
U08823,Chị Phương Trần,2025-05-06
U08824,An Hoàng Vũ,2025-06-25
U08825,Anh Châu Vũ,2025-06-15
U08826,Huy Đặng,2024-07-08
U08827,Phúc Trí Bùi,2025-08-17
U08828,Kim Đức Hoàng,2024-06-04
U08829,Chi Đặng,2024-03-07
U08830,Dũng Xuân Vũ,2025-10-12
U08831,Chị Xuân Nguyễn,2024-04-20
U08832,Ánh Bùi,2024-09-26
U08833,Chị Phương Đặng,2025-02-20
U08834,Quý cô Chi Bùi,2024-02-21
U08835,Phương Lê,2024-08-11
U08836,Thành Lê,2024-10-09
U08837,Hạnh Mai Bảo Hoàng,2024-04-02
U08838,Quang Thế Bùi,2025-06-24
U08839,Bảo Dương,2025-05-01
U08840,Hạnh Phú Mai,2024-09-23
U08841,Quý cô Chi Hoàng,2024-12-30
U08842,Hà Phú Phạm,2024-09-15
U08843,Tú Đặng,2024-03-23
U08844,Quý cô Dương Bùi,2024-12-15
U08845,Huy Dương,2024-02-03
U08846,Chị Xuân Đặng,2025-03-08
U08847,Phương Mai Bảo Vũ,2025-06-03
U08848,Quý cô Hương Mai,2025-06-05
U08849,Lâm Vũ,2024-04-22
U08850,Trung Mai Bảo Lê,2025-10-17
U08851,Bà Kim Hoàng,2024-11-02
U08852,Quang Phạm,2024-04-08
U08853,Anh Mai Bảo Trần,2024-12-16
U08854,Hà Thế Lê,2025-05-16
U08855,Hoàng Văn Dương,2025-07-15
U08856,Phương Trần,2024-10-26
U08857,Bác Hoàng Trần,2025-04-17
U08858,An Trần,2024-03-10
U08859,Phúc Hải Lê,2024-11-30
U08860,Ông Nhiên Hoàng,2024-08-25
U08861,Bác Minh Đặng,2025-10-27
U08862,Chị Dương Vũ,2024-01-08
U08863,Xuân Trần,2025-06-07
U08864,Quý ông Nhiên Phạm,2024-08-31
U08865,Yến Hoàng,2025-07-05
U08866,Cô Thành Đặng,2025-09-20
U08867,Bà Lan Trần,2024-12-29
U08868,Hà Phạm,2024-07-15
U08869,Bảo Hoàng,2024-10-08
U08870,Anh Quang Nguyễn,2024-11-07
U08871,Trọng Đặng,2025-06-18
U08872,Kim Nguyễn,2024-09-28
U08873,Hưng Bảo Dương,2025-09-30
U08874,Cô Hà Nguyễn,2025-06-29
U08875,Nhiên Xuân Bùi,2025-10-20
U08876,Nhiên Quang Phạm,2025-08-04
U08877,Thảo Bùi,2024-01-08
U08878,Kim Dương,2024-01-13
U08879,Quý ông Nam Dương,2024-12-06
U08880,An Mai,2024-06-16
U08881,Khoa Lê,2025-09-09
U08882,Dương Vũ,2024-01-22
U08883,Linh Trần,2024-09-19
U08884,Cô Dương Lê,2025-05-27
U08885,Trung Thị Dương,2024-10-22
U08886,Ánh Trần,2024-09-23
U08887,Cô Xuân Nguyễn,2025-08-01
U08888,Chị Lan Mai,2024-09-01
U08889,Anh Phạm,2024-08-09
U08890,Bác Nhiên Đặng,2025-05-26
U08891,Linh Đặng,2024-10-22
U08892,Tùng Đặng,2025-02-03
U08893,Chị Kim Lê,2025-05-13
U08894,An Hải Đặng,2024-02-25
U08895,Minh Bảo Bùi,2024-07-10
U08896,Quang Hải Phạm,2025-04-23
U08897,Hạnh Mai Bảo Nguyễn,2025-05-20
U08898,Quang Hoàng,2024-10-15
U08899,Nhật Thế Dương,2024-01-18
U08900,Huy Đức Vũ,2024-01-30
U08901,Anh Thành Trần,2024-02-07
U08902,Hà Mai,2025-01-11
U08903,Cô Phương Mai,2025-06-19
U08904,Ngọc Dương,2024-04-02
U08905,Quang Bảo Dương,2024-11-24
U08906,Quý cô Thành Mai,2025-06-17
U08907,Chị Vân Đặng,2024-11-28
U08908,Chị An Phạm,2025-08-15
U08909,Nhật Tấn Dương,2024-07-19
U08910,Hưng Đức Phạm,2024-09-11
U08911,Tú Trần,2025-09-30
U08912,Anh Nam Dương,2025-03-07
U08913,Quý ông Minh Bùi,2025-08-03
U08914,Tùng Trí Lê,2025-08-16
U08915,Thành Hoàng,2025-11-21
U08916,Dũng Vũ,2024-02-27
U08917,Chị Bảo Trần,2024-07-06
U08918,Hương Trần,2024-08-13
U08919,Dũng Hải Dương,2025-10-10
U08920,Chị Hà Hoàng,2025-10-03
U08921,Yến Phạm,2025-06-09
U08922,Quý ông Anh Trần,2024-03-05
U08923,Ông Huy Phạm,2025-01-22
U08924,Ông Trung Vũ,2025-07-22
U08925,Nhật Dương,2024-01-16
U08926,Phương Lê,2025-09-09
U08927,Phương Hải Phạm,2024-01-06
U08928,Ánh Phạm,2024-12-02
U08929,Thảo Đặng,2025-07-23
U08930,Ông Nhiên Vũ,2024-07-29
U08931,Nhiên Mai,2025-08-24
U08932,Chị Hạnh Lê,2024-12-13
U08933,Cô Lan Hoàng,2025-01-11
U08934,Quý ông Dũng Hoàng,2025-01-21
U08935,Châu Thế Đặng,2024-06-24
U08936,Khoa Trần,2024-11-19
U08937,Anh Mai,2024-03-31
U08938,Chị Ánh Dương,2024-01-14
U08939,Hà Mai Bảo Dương,2025-08-04
U08940,Chị Lâm Đặng,2025-02-03
U08941,Thành Xuân Phạm,2024-12-27
U08942,Hạnh Bùi,2025-10-05
U08943,Cô Vi Dương,2025-03-23
U08944,Quý cô Duyên Hoàng,2024-06-16
U08945,Hải Đặng,2024-08-04
U08946,An Nguyễn,2025-06-18
U08947,Tú Quang Vũ,2025-03-09
U08948,Chi Hoàng,2024-10-17
U08949,Dương Lê,2025-08-25
U08950,Vân Lê,2024-03-19
U08951,Ông Châu Nguyễn,2025-12-24
U08952,Quý cô Thành Đặng,2025-10-18
U08953,Hải Thế Nguyễn,2025-03-01
U08954,Tùng Phạm,2025-09-28
U08955,Nam Mai Bảo Đặng,2025-06-24
U08956,Khoa Lê,2024-04-06
U08957,Kim Trí Đặng,2025-07-25
U08958,Chị Vi Lê,2025-02-27
U08959,Ông Anh Bùi,2025-01-21
U08960,Bảo Nguyễn,2024-02-26
U08961,Bà Nhật Trần,2025-08-17
U08962,Vi Hoàng,2024-11-30
U08963,Chị Phương Dương,2024-06-02
U08964,Nhiên Thị Phạm,2024-11-21
U08965,Hương Trần,2024-06-18
U08966,Trọng Nguyễn,2025-06-22
U08967,Khoa Phạm,2025-12-21
U08968,Hạnh Hữu Nguyễn,2025-07-26
U08969,An Trần,2024-03-24
U08970,Vũ Đặng,2024-07-20
U08971,Khoa Văn Phạm,2025-06-02
U08972,Huy Lê,2025-04-06
U08973,Bà Nhật Phạm,2024-12-18
U08974,Khoa Trí Đặng,2024-08-20
U08975,Phương Lê,2024-11-03
U08976,Bảo Trần,2024-04-03
U08977,Lâm Văn Dương,2025-08-02
U08978,Thảo Đặng,2025-06-26
U08979,Chị Hải Vũ,2025-04-25
U08980,Vũ Vũ,2025-05-31
U08981,Minh Vũ,2025-04-20
U08982,Bảo Bảo Mai,2024-06-04
U08983,Cô Dương Mai,2024-10-23
U08984,Chị Chi Vũ,2025-11-22
U08985,Bảo Nguyễn,2025-12-07
U08986,Dũng Hoàng Trần,2025-06-15
U08987,Thành Bùi,2024-08-12
U08988,Tùng Trí Đặng,2024-07-26
U08989,Anh Huy Vũ,2025-06-03
U08990,Hồng Phạm,2024-07-30
U08991,Anh Hoàng Nguyễn,2024-12-15
U08992,Bác Hoàng Vũ,2024-06-28
U08993,Thảo Đặng,2024-05-09
U08994,Thành Bùi,2024-11-30
U08995,Nhật Thị Bùi,2024-08-22
U08996,Quý cô Nhật Trần,2025-04-20
U08997,Chị Nhật Lê,2024-04-07
U08998,Hà Nguyễn,2024-03-30
U08999,Khoa Bùi,2025-06-14
U09000,Vân Lê,2024-02-07
U09001,Chị Yến Phạm,2025-05-07
U09002,Mai Dương,2025-04-05
U09003,Bảo Bảo Trần,2025-09-25
U09004,Chị Dương Lê,2025-03-03
U09005,Hà Đặng,2024-11-17
U09006,Nhật Mai Bảo Nguyễn,2024-10-26
U09007,Nhật Mai,2025-12-22
U09008,Vân Vũ,2024-01-17
U09009,Yến Hoàng,2025-11-08
U09010,Chị Hải Mai,2024-01-13
U09011,Quý cô Dương Phạm,2025-01-25
U09012,Anh Châu Phạm,2024-08-31
U09013,Quý cô Vi Bùi,2024-09-05
U09014,Yến Nguyễn,2025-02-15
U09015,Bà Mai Vũ,2024-11-03
U09016,Nam Xuân Nguyễn,2024-08-16
U09017,Quý cô Thảo Bùi,2025-05-26
U09018,Bảo Mai Bảo Trần,2025-09-24
U09019,Anh Quang Phạm,2025-08-11
U09020,Quý ông Trọng Vũ,2025-03-22
U09021,Hạnh Dương,2024-10-01
U09022,Chị Hồng Nguyễn,2024-05-05
U09023,Linh Phạm,2025-01-31
U09024,Ông Huy Mai,2025-06-29
U09025,Minh Dương,2024-10-15
U09026,Quý cô Kim Dương,2025-07-05
U09027,Quang Trần,2025-05-01
U09028,Huy Đặng,2025-03-19
U09029,Nhiên Văn Nguyễn,2025-04-09
U09030,Chị Hải Trần,2024-08-24
U09031,Linh Hoàng,2024-09-24
U09032,Thành Phạm,2025-05-26
U09033,Thảo Trần,2025-01-21
U09034,Duyên Nguyễn,2025-02-09
U09035,Chi Bùi,2025-12-20
U09036,Quý cô Linh Lê,2025-10-12
U09037,Nhật Xuân Dương,2025-09-15
U09038,Chị Ánh Phạm,2024-08-05
U09039,Quý cô Mai Trần,2024-03-21
U09040,Phương Dương,2025-07-01
U09041,Cô Lâm Mai,2025-02-28
U09042,Bà Lâm Trần,2024-09-22
U09043,Nhiên Bùi,2025-03-22
U09044,Bác Hưng Nguyễn,2024-11-18
U09045,Nhật Văn Hoàng,2025-09-06
U09046,Tú Văn Phạm,2024-06-24
U09047,Anh Quang Mai,2024-12-16
U09048,Nhật Thế Phạm,2024-08-12
U09049,Bác Dũng Dương,2024-03-26
U09050,Hoàng Tấn Nguyễn,2024-07-15
U09051,Hoàng Hải Vũ,2025-05-11
U09052,Anh Thành Mai,2025-10-31
U09053,Anh Huy Phạm,2025-05-15
U09054,Trọng Hoàng Phạm,2025-11-24
U09055,Chị Lan Hoàng,2025-10-10
U09056,Tùng Hữu Bùi,2025-06-04
U09057,Chị Phương Lê,2024-11-27
U09058,Chị Hạnh Dương,2025-07-22
U09059,Mai Hoàng,2025-04-19
U09060,Hạnh Hoàng,2024-08-14
U09061,Bà Thảo Nguyễn,2025-03-29
U09062,Quý ông Hưng Hoàng,2025-01-22
U09063,Ông Trọng Hoàng,2025-02-02
U09064,Ngọc Nguyễn,2025-06-03
U09065,Kim Phạm,2025-03-17
U09066,Anh Quang Vũ,2024-07-08
U09067,Bảo Mai,2025-07-12
U09068,Ông Quang Vũ,2024-01-12
U09069,Bà Vân Vũ,2024-12-31
U09070,Nam Dương,2025-02-05
U09071,Anh Quang Dương,2024-01-30
U09072,Hương Lê,2024-12-21
U09073,Chi Trần,2024-09-26
U09074,Anh Nhiên Bùi,2025-08-31
U09075,Kim Hoàng,2025-12-18
U09076,Ông Hưng Lê,2024-07-06
U09077,Ngọc Hoàng,2024-12-18
U09078,Vũ Dương,2024-11-07
U09079,Bà Hà Nguyễn,2024-02-03
U09080,Nhật Dương,2024-02-03
U09081,Quý ông Tùng Mai,2025-09-10
U09082,Chị Yến Phạm,2024-06-18
U09083,Quý cô Vi Mai,2025-01-27
U09084,Bà Ánh Vũ,2024-10-06
U09085,Bác Anh Trần,2025-11-28
U09086,Dũng Đặng,2024-04-30
U09087,Chị Chi Lê,2025-01-30
U09088,Hạnh Đặng,2024-06-09
U09089,Cô Nhật Phạm,2024-02-22
U09090,Chị Hải Hoàng,2024-04-20
U09091,Dũng Đức Mai,2024-03-12
U09092,Bảo Trí Đặng,2024-09-24
U09093,Anh Văn Nguyễn,2024-09-18
U09094,Hạnh Hải Trần,2024-09-17
U09095,Khoa Đức Vũ,2024-04-14
U09096,Hải Lê,2025-10-31
U09097,Hà Bùi,2025-05-16
U09098,Quý ông Hưng Dương,2024-05-19
U09099,Quang Vũ,2024-07-20
U09100,Nhiên Dương,2025-05-25
U09101,Chị Khoa Dương,2025-01-22
U09102,Quý cô Phương Hoàng,2024-01-30
U09103,Trung Đức Phạm,2025-11-28
U09104,Nhật Hoàng Bùi,2025-08-18
U09105,Anh Dũng Dương,2024-04-17
U09106,Phương Hoàng,2024-09-14
U09107,Hà Bảo Đặng,2025-08-10
U09108,Nhật Lê,2024-06-01
U09109,Mai Dương,2024-10-10
U09110,An Vũ,2025-07-07
U09111,Anh Hoàng,2024-11-25
U09112,Ông Quang Hoàng,2025-05-05
U09113,Hồng Phạm,2024-07-22
U09114,Phúc Phạm,2025-04-19
U09115,Mai Đặng,2025-01-10
U09116,Quý cô Ánh Nguyễn,2025-07-23
U09117,Nhật Bảo Vũ,2024-01-20
U09118,Bà Hồng Trần,2024-09-05
U09119,Tú Bùi,2024-05-21
U09120,Lâm Thị Đặng,2025-01-29
U09121,Nhiên Phạm,2025-08-11
U09122,Chị Nhật Trần,2025-07-06
U09123,Nhiên Nguyễn,2025-07-29
U09124,Minh Hải Mai,2024-11-30
U09125,Anh Thành Bùi,2025-04-23
U09126,Phương Hoàng Mai,2025-02-28
U09127,Anh Bảo Đặng,2025-05-22
U09128,Quý cô Nhật Lê,2024-08-30
U09129,Huy Phú Trần,2024-05-27
U09130,Anh Châu Lê,2024-04-13
U09131,Lâm Đặng,2025-04-05
U09132,Anh Đặng,2025-02-08
U09133,Trọng Thế Hoàng,2024-09-24
U09134,Cô Duyên Nguyễn,2025-08-09
U09135,Cô Yến Vũ,2024-02-23
U09136,Bà Hồng Bùi,2024-04-10
U09137,An Hải Mai,2025-09-20
U09138,Quý ông Vũ Bùi,2024-11-10
U09139,Quý cô Thảo Nguyễn,2024-10-02
U09140,Tùng Trí Đặng,2024-01-12
U09141,Quý cô Thành Hoàng,2025-08-02
U09142,Nhật Bùi,2024-10-20
U09143,Trung Trí Phạm,2025-02-13
U09144,Khoa Đức Đặng,2025-05-04
U09145,Cô Mai Hoàng,2025-10-28
U09146,Trung Mai,2025-05-28
U09147,Quang Mai,2025-07-08
U09148,Thành Hoàng Nguyễn,2025-07-15
U09149,Bà An Vũ,2024-10-18
U09150,Chị Linh Dương,2025-12-25
U09151,Bà An Trần,2024-10-29
U09152,Vũ Nguyễn,2025-09-29
U09153,Ông Châu Vũ,2025-01-14
U09154,Khoa Mai,2025-08-04
U09155,Thành Hải Vũ,2025-05-25
U09156,Lâm Trần,2025-08-15
U09157,Khoa Trí Đặng,2024-06-21
U09158,Chị Nhật Phạm,2025-03-07
U09159,Trung Tấn Phạm,2024-12-09
U09160,An Phú Mai,2024-09-17
U09161,Minh Bùi,2025-12-09
U09162,Quý ông Thành Hoàng,2025-09-27
U09163,Chị Lâm Nguyễn,2024-06-04
U09164,Bác Trọng Nguyễn,2025-07-18
U09165,Bà Hương Bùi,2025-05-16
U09166,Vi Bùi,2025-05-20
U09167,Khoa Hoàng,2024-03-02
U09168,Hải Thị Phạm,2025-11-09
U09169,Nhật Hải Nguyễn,2025-11-03
U09170,Ông Huy Hoàng,2025-06-14
U09171,Ông Huy Đặng,2024-12-10
U09172,Quý cô Hạnh Phạm,2025-07-21
U09173,Trung Nguyễn,2024-02-24
U09174,Bác Thành Nguyễn,2024-07-11
U09175,Chị Chi Mai,2025-07-05
U09176,Bác Châu Hoàng,2024-11-20
U09177,Hồng Hoàng,2025-01-01
U09178,Anh Khoa Trần,2025-09-28
U09179,Chị Hồng Phạm,2024-11-28
U09180,Anh Anh Đặng,2024-08-29
U09181,Ông Trọng Trần,2025-06-02
U09182,Châu Xuân Hoàng,2025-04-28
U09183,Thảo Trần,2025-12-17
U09184,Hải Vũ,2025-07-12
U09185,Chi Bùi,2025-05-19
U09186,Quý cô Ngọc Mai,2025-08-31
U09187,Hưng Lê,2024-05-23
U09188,Khoa Tấn Dương,2025-07-27
U09189,Chị Hải Bùi,2025-09-27
U09190,Lan Vũ,2024-12-16
U09191,Quý cô Bảo Hoàng,2025-10-19
U09192,Thành Mai Bùi,2025-10-30
U09193,Bảo Quang Dương,2024-05-09
U09194,Kim Đặng,2024-02-27
U09195,Dương Hoàng,2024-01-21
U09196,Khoa Xuân Lê,2025-05-27
U09197,Cô Lâm Dương,2025-05-29
U09198,Chi Mai,2025-06-15
U09199,Phương Dương,2025-09-29
U09200,Bác Phúc Bùi,2025-04-23
U09201,Bác Bảo Mai,2024-10-01
U09202,Duyên Bùi,2025-08-20
U09203,Lâm Thế Vũ,2025-03-27
U09204,Cô Khoa Nguyễn,2025-06-07
U09205,Duyên Mai,2025-02-12
U09206,Hạnh Bảo Nguyễn,2024-09-21
U09207,Hoàng Nguyễn,2025-08-28
U09208,Bà Hồng Mai,2025-01-31
U09209,Bà Linh Lê,2024-02-04
U09210,Cô Xuân Dương,2024-10-04
U09211,Quý cô Chi Vũ,2024-03-15
U09212,Bà Chi Phạm,2025-01-22
U09213,Anh Hoàng,2025-03-26
U09214,Mai Nguyễn,2024-04-20
U09215,Chị Ngọc Lê,2025-06-30
U09216,An Dương,2025-10-20
U09217,Ông Tú Dương,2024-06-07
U09218,Cô Duyên Dương,2024-11-15
U09219,Lâm Phạm,2025-01-09
U09220,Ông Hoàng Bùi,2024-07-06
U09221,Kim Mai Bảo Trần,2025-12-15
U09222,Vi Bùi,2025-01-17
U09223,Hoàng Dương,2025-01-22
U09224,Vi Trần,2024-10-07
U09225,Anh Bảo Bùi,2025-03-07
U09226,Bà Mai Đặng,2024-04-19
U09227,Hồng Vũ,2025-01-09
U09228,Hồng Mai,2024-07-30
U09229,Tùng Phú Đặng,2025-06-15
U09230,Hoàng Phú Trần,2024-09-16
U09231,Nam Vũ,2025-03-05
U09232,Tùng Phú Bùi,2024-09-12
U09233,Khoa Hải Lê,2025-07-17
U09234,Phúc Phú Trần,2025-01-21
U09235,Ánh Dương,2025-08-08
U09236,Châu Hoàng Phạm,2025-06-23
U09237,Bà Lâm Hoàng,2025-05-16
U09238,Hưng Trần,2025-05-09
U09239,Vũ Lê,2025-09-04
U09240,Hải Thị Bùi,2025-11-02
U09241,Hương Bùi,2025-07-24
U09242,Cô Nhật Trần,2025-01-27
U09243,Lan Bùi,2024-05-03
U09244,Bà Lan Vũ,2024-12-18
U09245,Bác Tú Hoàng,2025-06-30
U09246,Bảo Hải Lê,2025-10-07
U09247,An Bùi,2024-06-01
U09248,Nam Tấn Trần,2025-03-05
U09249,Nhật Thế Dương,2024-12-13
U09250,Châu Tấn Phạm,2025-03-09
U09251,Anh Minh Trần,2025-05-18
U09252,Hạnh Thế Vũ,2025-09-01
U09253,Cô Hải Hoàng,2025-11-03
U09254,Bảo Nguyễn,2025-08-31
U09255,Anh Nam Mai,2025-02-13
U09256,Tú Trần,2025-12-11
U09257,Bảo Hoàng Dương,2024-09-15
U09258,Nhiên Đặng,2024-10-02
U09259,Tú Dương,2025-02-27
U09260,Bà Vi Hoàng,2025-09-11
U09261,Ông Minh Bùi,2025-08-26
U09262,Hà Bùi,2024-04-25
U09263,Bảo Trí Bùi,2024-03-26
U09264,Thảo Nguyễn,2024-05-19
U09265,Châu Tấn Đặng,2024-11-20
U09266,Hải Mai,2025-07-16
U09267,Bảo Mai,2025-10-05
U09268,Chị Khoa Đặng,2025-08-12
U09269,Quý cô Kim Mai,2024-01-22
U09270,Bảo Tấn Dương,2025-10-11
U09271,Mai Hoàng,2025-05-05
U09272,Hạnh Bảo Hoàng,2025-10-26
U09273,Nhật Mai,2024-11-14
U09274,Vân Dương,2024-09-08
U09275,Thành Tấn Mai,2025-11-01
U09276,Ánh Trần,2024-10-31
U09277,Quý ông Quang Mai,2024-03-21
U09278,Quý cô Lâm Dương,2024-07-01
U09279,Hạnh Nguyễn,2025-01-03
U09280,Bảo Vũ,2025-09-15
U09281,Hà Lê,2025-02-03
U09282,Quý ông Tùng Vũ,2025-02-04
U09283,Lan Vũ,2024-04-09
U09284,Dũng Lê,2024-03-17
U09285,Tùng Phú Phạm,2024-04-20
U09286,Phương Phú Vũ,2025-10-14
U09287,Ông Khoa Dương,2024-01-04
U09288,Bác Khoa Lê,2025-11-01
U09289,Cô Phương Vũ,2025-06-06
U09290,Phúc Mai Bảo Mai,2025-11-04
U09291,Bảo Vũ,2024-11-05
U09292,Tú Phạm,2024-01-15
U09293,Nhật Trí Dương,2024-02-17
U09294,Phương Lê,2024-05-28
U09295,Bà Linh Đặng,2024-12-25
U09296,Trung Hoàng,2025-07-02
U09297,Vi Lê,2025-01-15
U09298,Cô Hải Lê,2025-01-03
U09299,Lâm Mai,2024-03-04
U09300,Hà Hoàng,2024-10-12
U09301,Nhật Mai Dương,2024-10-30
U09302,Huy Đặng,2025-08-27
U09303,Quý cô Kim Hoàng,2025-05-28
U09304,Chị Khoa Vũ,2025-02-18
U09305,Cô An Hoàng,2025-10-12
U09306,Hưng Đặng,2024-02-28
U09307,An Mai Vũ,2025-06-13
U09308,Dũng Trí Lê,2025-11-01
U09309,Khoa Hữu Nguyễn,2024-04-28
U09310,Bác Hưng Trần,2025-02-03
U09311,Quý cô Lâm Đặng,2024-12-08
U09312,Thành Đức Nguyễn,2025-01-05
U09313,Anh Khoa Hoàng,2024-06-22
U09314,Ánh Hoàng,2024-03-17
U09315,Bảo Hoàng,2024-02-02
U09316,Hà Mai,2025-09-06
U09317,Yến Bùi,2024-12-26
U09318,Bà Hương Dương,2025-05-25
U09319,Anh Văn Nguyễn,2024-01-30
U09320,Phương Bùi,2024-03-28
U09321,Trọng Bùi,2025-09-01
U09322,Anh Nhiên Mai,2025-10-06
U09323,Hạnh Trí Hoàng,2025-10-20
U09324,Quý cô Khoa Vũ,2025-07-18
U09325,Nhật Mai Đặng,2024-06-14
U09326,Bảo Bùi,2025-01-24
U09327,Vi Bùi,2025-02-21
U09328,Bà Duyên Đặng,2024-07-31
U09329,Hưng Dương,2025-06-24
U09330,Hưng Đặng,2024-09-03
U09331,Ông Châu Dương,2024-06-01
U09332,Minh Nguyễn,2024-11-24
U09333,Khoa Quang Lê,2025-03-21
U09334,Dương Phạm,2024-04-08
U09335,Ngọc Lê,2025-11-30
U09336,Ông Dũng Mai,2024-11-26
U09337,Chị Kim Dương,2024-01-12
U09338,Khoa Đức Phạm,2024-11-15
U09339,Quý cô Thành Nguyễn,2025-03-07
U09340,Nhật Hoàng Trần,2025-09-01
U09341,Phương Đức Mai,2024-10-05
U09342,Ông Hưng Đặng,2025-11-27
U09343,Hạnh Thị Hoàng,2024-11-22
U09344,Phúc Đặng,2024-05-15
U09345,Nhật Dương,2025-08-27
U09346,Chị Duyên Mai,2025-05-17
U09347,Quý ông Nhiên Dương,2025-09-11
U09348,Lâm Nguyễn,2024-12-28
U09349,Hạnh Thị Nguyễn,2025-04-16
U09350,Ông Tùng Nguyễn,2024-12-25
U09351,Khoa Đức Vũ,2025-10-17
U09352,Thành Mai Bảo Lê,2024-12-22
U09353,Quý cô Hà Hoàng,2025-04-02
U09354,Huy Vũ,2024-08-06
U09355,Xuân Nguyễn,2024-07-26
U09356,Hương Trần,2025-11-03
U09357,Cô Hồng Trần,2025-09-30
U09358,Minh Tấn Hoàng,2024-11-24
U09359,Quý ông Vũ Bùi,2025-05-05
U09360,Cô Vân Hoàng,2025-11-01
U09361,Ông Nhiên Hoàng,2025-12-16
U09362,Bác Nam Bùi,2025-04-01
U09363,Chị Hải Vũ,2025-02-04
U09364,Bác Trọng Nguyễn,2025-10-07
U09365,Linh Hoàng,2025-02-10
U09366,Phúc Mai Bảo Phạm,2025-05-12
U09367,Hương Đặng,2025-08-21
U09368,Quý cô Hồng Lê,2025-06-24
U09369,Ông Quang Mai,2025-06-14
U09370,Quý cô Khoa Mai,2025-12-26
U09371,Bà An Hoàng,2024-07-05
U09372,Tú Trí Bùi,2025-11-05
U09373,Nhật Thế Đặng,2025-09-23
U09374,Khoa Mai,2025-07-17
U09375,Hạnh Mai Bảo Dương,2025-11-08
U09376,Bà Kim Mai,2024-09-07
U09377,Chi Nguyễn,2025-09-22
U09378,Bà Dương Vũ,2025-11-17
U09379,Trung Mai Đặng,2025-10-13
U09380,Thành Bảo Dương,2024-03-25
U09381,Chi Trần,2024-05-07
U09382,Lâm Lê,2024-02-18
U09383,Quý cô Hồng Hoàng,2025-02-06
U09384,Dũng Phạm,2025-08-11
U09385,Mai Đặng,2025-06-14
U09386,Quý ông Anh Dương,2025-02-20
U09387,Chị Thành Phạm,2025-01-25
U09388,Hà Hải Trần,2025-06-07
U09389,Vân Vũ,2025-11-03
U09390,Minh Lê,2025-03-08
U09391,Hưng Phú Lê,2025-12-13
U09392,Phương Tấn Đặng,2025-03-17
U09393,Quý ông Nam Mai,2024-11-21
U09394,Linh Lê,2024-04-10
U09395,Trọng Xuân Đặng,2024-11-22
U09396,An Vũ,2024-05-07
U09397,Huy Bùi,2024-05-11
U09398,Xuân Mai,2024-07-23
U09399,Bác Vũ Dương,2024-05-27
U09400,Cô Vi Dương,2024-03-25
U09401,Hà Mai Phạm,2024-10-04
U09402,Nhật Đức Lê,2024-08-08
U09403,Anh Dương,2024-06-25
U09404,Thảo Vũ,2024-01-23
U09405,Nhật Trí Dương,2025-01-02
U09406,Bà Hải Dương,2024-03-03
U09407,Bà Vân Phạm,2024-08-24
U09408,Xuân Trần,2024-10-23
U09409,Bà Nhật Mai,2024-06-15
U09410,Hoàng Hải Nguyễn,2024-02-03
U09411,Dũng Tấn Dương,2024-07-27
U09412,Bà Phương Phạm,2025-04-24
U09413,Vũ Đức Nguyễn,2024-08-11
U09414,Bà An Dương,2025-07-08
U09415,Chị An Trần,2025-03-16
U09416,Khoa Văn Hoàng,2024-01-02
U09417,Hưng Xuân Lê,2025-05-17
U09418,Bà Thảo Đặng,2025-10-31
U09419,Quý ông Phúc Mai,2024-05-31
U09420,Bà An Hoàng,2024-03-25
U09421,Bà Ánh Bùi,2024-06-03
U09422,Cô Lâm Đặng,2025-12-20
U09423,Hải Dương,2024-05-20
U09424,Vi Dương,2025-11-22
U09425,Phương Đức Phạm,2025-02-15
U09426,Ông Vũ Bùi,2025-02-13
U09427,Quý cô Hạnh Đặng,2024-08-12
U09428,Minh Phạm,2025-01-29
U09429,Dũng Mai Bảo Đặng,2025-07-27
U09430,Ánh Dương,2025-03-28
U09431,Bà Ngọc Vũ,2025-07-19
U09432,Tùng Lê,2025-01-22
U09433,Quang Thế Đặng,2025-09-03
U09434,Huy Hải Phạm,2025-02-10
U09435,Duyên Bùi,2024-09-06
U09436,Khoa Dương,2024-09-10
U09437,Khoa Mai,2025-06-25
U09438,Anh Tấn Đặng,2025-12-02
U09439,Bà Ánh Trần,2025-05-27
U09440,Khoa Mai Bảo Trần,2025-11-09
U09441,Khoa Văn Hoàng,2024-06-09
U09442,Quý ông Nhiên Mai,2025-08-29
U09443,Dũng Vũ,2024-06-04
U09444,Vũ Tấn Lê,2024-06-25
U09445,Hương Hoàng,2025-08-05
U09446,Quý ông Quang Đặng,2025-01-24
U09447,Cô Vi Trần,2024-06-19
U09448,Khoa Thế Vũ,2024-11-30
U09449,Cô Ngọc Trần,2025-09-12
U09450,Bảo Phú Hoàng,2025-05-24
U09451,Chị Mai Phạm,2024-02-01
U09452,Mai Dương,2024-09-14
U09453,Nhật Dương,2025-12-28
U09454,Vũ Nguyễn,2024-01-19
U09455,Anh Hưng Hoàng,2025-06-11
U09456,Anh Hưng Đặng,2024-01-17
U09457,Châu Xuân Trần,2025-11-26
U09458,Chị Hạnh Bùi,2024-02-02
U09459,Nhật Dương,2025-08-13
U09460,Nhật Bảo Hoàng,2025-06-20
U09461,Phương Nguyễn,2025-06-16
U09462,Châu Đặng,2024-06-30
U09463,Quý cô Hạnh Bùi,2025-05-21
U09464,Vũ Bảo Lê,2025-07-30
U09465,Khoa Nguyễn,2024-06-09
U09466,Bà Lâm Vũ,2025-09-15
U09467,An Đức Mai,2024-12-23
U09468,Trung Tấn Lê,2025-07-22
U09469,Anh Mai,2024-10-29
U09470,Quang Quang Bùi,2024-10-04
U09471,Nam Mai Bảo Vũ,2024-03-29
U09472,Cô Kim Vũ,2025-10-15
U09473,Quý cô Hà Mai,2024-01-15
U09474,Quý ông Hoàng Mai,2024-10-07
U09475,Châu Văn Mai,2024-04-26
U09476,Quý ông Quang Đặng,2025-11-06
U09477,Chị Chi Phạm,2025-02-25
U09478,Dương Vũ,2025-10-16
U09479,Hưng Đặng,2025-10-23
U09480,Quý cô Mai Nguyễn,2024-09-01
U09481,Anh Trí Phạm,2025-07-15
U09482,Bà Hạnh Phạm,2024-11-12
U09483,Bà Lan Đặng,2024-11-22
U09484,Khoa Bùi,2025-03-06
U09485,Cô Nhật Nguyễn,2025-09-14
U09486,Hạnh Tấn Mai,2024-05-02
U09487,Ánh Vũ,2024-04-24
U09488,Hưng Xuân Trần,2025-12-27
U09489,Anh Phúc Mai,2025-05-08
U09490,Quang Trí Hoàng,2025-09-13
U09491,Bảo Trí Hoàng,2025-05-02
U09492,Nhật Mai Dương,2025-10-15
U09493,Bà Dương Đặng,2024-01-18
U09494,Minh Văn Đặng,2025-08-16
U09495,Mai Vũ,2024-11-01
U09496,Ánh Nguyễn,2024-11-10
U09497,Vân Vũ,2024-06-04
U09498,Cô Lâm Dương,2025-01-06
U09499,Cô Thảo Vũ,2024-09-19
U09500,Anh Xuân Trần,2025-05-18
U09501,Quý ông Hưng Mai,2024-01-18
U09502,Bà Hà Nguyễn,2024-08-29
U09503,Phương Quang Vũ,2025-04-19
U09504,Anh Lê,2024-03-02
U09505,Ngọc Hoàng,2024-02-06
U09506,Chị Thảo Trần,2024-05-14
U09507,Cô Phương Vũ,2025-06-24
U09508,Hạnh Hữu Trần,2024-10-21
U09509,Xuân Bùi,2024-04-16
U09510,Quang Trí Lê,2025-08-03
U09511,Thảo Nguyễn,2024-05-16
U09512,Bà Nhật Vũ,2024-12-11
U09513,Thành Lê,2025-10-19
U09514,Anh Thế Hoàng,2024-07-09
U09515,Trung Quang Mai,2024-04-06
U09516,Quý cô Lâm Trần,2024-03-05
U09517,Bà Ánh Hoàng,2024-08-26
U09518,Cô Linh Đặng,2025-07-25
U09519,Bà Ngọc Vũ,2025-07-02
U09520,Quý cô Nhật Bùi,2024-09-15
U09521,Linh Hoàng,2025-09-21
U09522,Cô Thảo Phạm,2025-08-09
U09523,Nhật Thế Hoàng,2025-09-29
U09524,Nhật Đặng,2024-06-24
U09525,Hải Phú Nguyễn,2024-08-08
U09526,Dũng Dương,2024-06-10
U09527,Dương Dương,2025-09-17
U09528,Phương Đức Mai,2024-02-06
U09529,Kim Mai Hoàng,2025-01-08
U09530,Khoa Phú Hoàng,2025-02-09
U09531,Hồng Đặng,2024-12-27
U09532,Quý ông Phúc Vũ,2024-01-12
U09533,Ông Trọng Mai,2025-09-18
U09534,Huy Trần,2024-11-12
U09535,Anh Vũ Phạm,2024-11-02
U09536,Anh Nguyễn,2025-11-21
U09537,Mai Phạm,2025-07-26
U09538,Chị Hà Mai,2024-03-15
U09539,Khoa Nguyễn,2025-12-21
U09540,Anh Hưng Dương,2025-07-29
U09541,Bà Lâm Nguyễn,2024-12-09
U09542,Lâm Hải Phạm,2024-07-17
U09543,Minh Vũ,2024-08-27
U09544,Anh Huy Phạm,2024-03-07
U09545,Chị Nhật Lê,2024-10-21
U09546,Tùng Văn Lê,2025-03-16
U09547,Quý cô Nhật Vũ,2024-05-19
U09548,Dương Nguyễn,2024-06-30
U09549,Hạnh Hoàng Phạm,2025-06-30
U09550,Xuân Bùi,2024-05-27
U09551,Dũng Vũ,2025-06-05
U09552,Cô Chi Hoàng,2024-01-29
U09553,An Mai Đặng,2024-06-11
U09554,Thành Nguyễn,2025-07-22
U09555,Chị Lâm Đặng,2024-10-24
U09556,Chị Mai Nguyễn,2024-06-04
U09557,Bảo Mai,2025-05-14
U09558,Cô Kim Vũ,2025-06-06
U09559,Khoa Mai,2024-05-08
U09560,An Vũ,2024-12-26
U09561,Khoa Lê,2025-01-22
U09562,Bà Nhật Trần,2024-07-30
U09563,Nhiên Đức Trần,2024-11-15
U09564,Chị Lan Mai,2024-06-15
U09565,Hoàng Hoàng Trần,2024-08-07
U09566,Minh Đức Đặng,2025-09-28
U09567,Nhật Hoàng,2025-10-16
U09568,Trọng Vũ,2025-02-04
U09569,Thành Dương,2025-08-06
U09570,Bà Kim Trần,2025-05-24
U09571,Bảo Hoàng,2024-08-26
U09572,Tùng Hoàng Đặng,2025-12-04
U09573,Yến Nguyễn,2024-10-02
U09574,Nhật Đặng,2025-05-30
U09575,Thảo Nguyễn,2024-11-24
U09576,Quý cô Hà Mai,2024-02-02
U09577,Cô Hương Bùi,2025-07-01
U09578,Hà Mai Bảo Bùi,2024-05-25
U09579,Lâm Hải Đặng,2024-01-02
U09580,Quý cô Khoa Hoàng,2024-11-29
U09581,Bà Hà Mai,2024-09-10
U09582,Bảo Nguyễn,2025-06-01
U09583,Bác Bảo Hoàng,2024-03-30
U09584,Dũng Hải Mai,2024-10-27
U09585,Khoa Lê,2025-04-25
U09586,Thành Quang Hoàng,2025-10-16
U09587,Khoa Thế Đặng,2024-08-25
U09588,Thành Xuân Lê,2024-01-21
U09589,Vi Phạm,2024-09-28
U09590,Bảo Trần,2025-06-07
U09591,Mai Đặng,2025-03-20
U09592,Bà Lâm Lê,2025-04-28
U09593,Quý cô Hương Bùi,2024-06-02
U09594,Kim Lê,2024-01-08
U09595,Cô Hồng Lê,2025-05-16
U09596,Nam Mai,2025-10-03
U09597,Vũ Hữu Trần,2025-03-07
U09598,Bác Bảo Dương,2025-01-06
U09599,Linh Nguyễn,2024-07-20
U09600,Cô Nhật Trần,2025-04-20
U09601,Bà Hải Mai,2024-07-20
U09602,Ông Huy Lê,2024-08-16
U09603,Nhật Thị Trần,2025-08-14
U09604,Ông Trọng Trần,2024-12-26
U09605,Thành Nguyễn,2024-11-29
U09606,Huy Xuân Đặng,2025-04-21
U09607,Phúc Trần,2025-09-03
U09608,Kim Xuân Trần,2025-10-11
U09609,Thảo Lê,2024-12-18
U09610,Trọng Bảo Đặng,2025-01-11
U09611,Lâm Xuân Đặng,2024-02-27
U09612,Trọng Trần,2025-12-18
U09613,Chi Mai,2025-02-25
U09614,Phúc Bảo Dương,2025-09-13
U09615,Lâm Quang Dương,2025-03-21
U09616,Tùng Bùi,2025-06-16
U09617,Hương Dương,2025-10-08
U09618,Bảo Tấn Đặng,2025-05-27
U09619,Nhật Bùi,2025-04-11
U09620,Hưng Dương,2025-02-22
U09621,Anh Dương,2024-03-20
U09622,Duyên Trần,2025-11-26
U09623,Trọng Trí Mai,2025-11-26
U09624,Mai Đặng,2024-11-25
U09625,Ông Quang Nguyễn,2024-07-07
U09626,Bà Hạnh Dương,2025-06-10
U09627,Cô Chi Lê,2025-11-14
U09628,Cô Hải Mai,2025-12-24
U09629,Hải Hữu Đặng,2024-09-17
U09630,Quý cô Phương Đặng,2025-10-05
U09631,Chị Xuân Vũ,2025-05-10
U09632,Nhật Trí Đặng,2024-03-14
U09633,Cô Ngọc Lê,2024-12-11
U09634,Quý cô Bảo Hoàng,2025-06-05
U09635,Cô Nhật Nguyễn,2024-04-17
U09636,Huy Mai Bùi,2025-12-13
U09637,Linh Bùi,2025-08-06
U09638,Tùng Mai Đặng,2024-07-12
U09639,Nhật Xuân Bùi,2025-06-17
U09640,Tùng Bùi,2025-12-10
U09641,Hải Mai Bảo Đặng,2025-10-23
U09642,Thành Nguyễn,2025-05-28
U09643,Phúc Lê,2025-01-23
U09644,Cô Linh Bùi,2024-09-20
U09645,Phương Bảo Mai,2024-01-23
U09646,Nhật Vũ,2025-09-22
U09647,An Bảo Bùi,2025-03-19
U09648,Ông Huy Nguyễn,2025-06-04
U09649,Thành Mai,2024-12-05
U09650,Bà Lâm Dương,2024-05-14
U09651,Vi Mai,2024-02-07
U09652,Quý ông Minh Phạm,2025-07-07
U09653,Quý cô Mai Dương,2024-08-14
U09654,Duyên Đặng,2024-05-16
U09655,Kim Hoàng Dương,2024-04-02
U09656,Hạnh Thị Bùi,2025-07-08
U09657,Ông Hoàng Lê,2025-03-02
U09658,Quý cô Hương Đặng,2024-05-13
U09659,Tùng Quang Trần,2024-06-02
U09660,Quý ông Hoàng Hoàng,2025-10-04
U09661,Thành Tấn Vũ,2024-12-28
U09662,Quý cô Mai Mai,2025-10-20
U09663,Cô Ngọc Vũ,2025-09-18
U09664,Quý cô Vi Hoàng,2024-04-01
U09665,Linh Đặng,2025-04-01
U09666,Cô Hồng Dương,2025-09-20
U09667,Lâm Mai Phạm,2025-10-12
U09668,Ông Quang Phạm,2024-02-29
U09669,Chị Hồng Trần,2025-12-10
U09670,Quang Đức Lê,2025-02-19
U09671,Vi Vũ,2024-04-19
U09672,Ông Quang Phạm,2024-03-11
U09673,Hoàng Dương,2024-06-27
U09674,Cô Thành Đặng,2024-06-26
U09675,Ông Minh Trần,2024-03-29
U09676,Quang Thế Phạm,2025-10-09
U09677,Chi Lê,2025-09-27
U09678,An Văn Trần,2025-10-11
U09679,Vi Bùi,2025-12-09
U09680,Ông Thành Lê,2025-07-31
U09681,Khoa Phạm,2024-08-13
U09682,Quý cô An Đặng,2025-11-28
U09683,Trung Mai,2024-06-19
U09684,Bác Dũng Phạm,2025-01-15
U09685,Hải Quang Vũ,2025-12-02
U09686,Châu Quang Nguyễn,2024-02-15
U09687,Châu Dương,2025-03-06
U09688,Thành Nguyễn,2025-06-21
U09689,Quý ông Phúc Phạm,2024-03-15
U09690,Tùng Hữu Lê,2024-07-26
U09691,Tú Bùi,2025-05-23
U09692,Linh Phạm,2024-04-27
U09693,Quang Nguyễn,2025-04-25
U09694,Hạnh Mai Bảo Đặng,2024-06-18
U09695,Quý ông Quang Trần,2024-10-01
U09696,Cô Vân Vũ,2024-02-08
U09697,Hà Đặng,2024-01-29
U09698,Bác Dũng Vũ,2025-07-20
U09699,Nhiên Nguyễn,2024-05-09
U09700,Nam Phú Hoàng,2025-02-15
U09701,Nhật Hữu Dương,2024-03-16
U09702,Bảo Lê,2024-11-09
U09703,Lan Bùi,2024-11-28
U09704,Thành Trí Dương,2024-05-01
U09705,Bác Minh Hoàng,2025-06-22
U09706,Bảo Thế Vũ,2025-08-29
U09707,Ngọc Vũ,2025-06-27
U09708,Nhật Tấn Lê,2025-09-23
U09709,Nhiên Mai Bảo Lê,2025-11-05
U09710,Thành Trần,2025-01-03
U09711,Quý cô Hương Trần,2025-01-02
U09712,Hạnh Bảo Lê,2024-12-31
U09713,Cô Thảo Lê,2024-04-28
U09714,Nam Nguyễn,2024-08-09
U09715,Bác Quang Nguyễn,2025-07-30
U09716,Lâm Bảo Nguyễn,2025-10-15
U09717,Ông Hoàng Nguyễn,2025-12-20
U09718,Hạnh Hoàng,2025-08-03
U09719,Phúc Thị Vũ,2024-06-12
U09720,Dũng Nguyễn,2024-06-28
U09721,Kim Phú Trần,2025-06-02
U09722,Quý ông Khoa Lê,2025-04-23
U09723,Quý ông Bảo Hoàng,2024-11-22
U09724,Bà Lâm Lê,2024-01-30
U09725,Kim Hoàng,2024-10-25
U09726,Bà Thành Dương,2024-09-03
U09727,Quang Quang Phạm,2024-06-16
U09728,Phương Đặng,2024-05-17
U09729,Bà Nhật Nguyễn,2025-02-07
U09730,Minh Tấn Nguyễn,2024-07-27
U09731,Anh Tú Mai,2024-04-03
U09732,Lâm Đặng,2025-12-14
U09733,Hải Mai,2025-04-25
U09734,Quý cô Hương Lê,2025-02-20
U09735,Bảo Trí Trần,2024-10-29
U09736,Cô Nhật Mai,2024-11-07
U09737,Ông Hoàng Lê,2025-01-24
U09738,Bác Trọng Lê,2025-11-15
U09739,Nhật Bảo Dương,2025-12-18
U09740,Quý cô Kim Đặng,2025-06-24
U09741,Hoàng Hoàng,2024-12-09
U09742,Bác Trung Lê,2024-03-24
U09743,Anh Trọng Phạm,2024-03-27
U09744,Huy Mai Phạm,2024-08-08
U09745,Ông Trung Vũ,2025-07-15
U09746,Tú Dương,2025-04-18
U09747,Dương Mai,2025-06-21
U09748,Trọng Lê,2024-08-05
U09749,Lan Lê,2025-06-05
U09750,Nhật Trần,2024-04-14
U09751,Anh Hoàng,2025-06-17
U09752,Quang Nguyễn,2024-10-11
U09753,Hạnh Tấn Nguyễn,2025-06-29
U09754,Quang Dương,2025-05-04
U09755,Quý ông Châu Mai,2024-04-18
U09756,Chị Xuân Bùi,2024-07-25
U09757,Bảo Mai,2025-03-28
U09758,Bà Yến Mai,2025-12-13
U09759,Hải Trí Trần,2024-07-03
U09760,Ông Phúc Hoàng,2024-07-12
U09761,Quý ông Trung Bùi,2024-10-13
U09762,Nhật Đức Trần,2024-03-09
U09763,Bà Lan Trần,2024-12-10
U09764,Chị Kim Phạm,2024-07-30
U09765,Phúc Thị Bùi,2025-01-03
U09766,Bác Châu Vũ,2025-01-09
U09767,Trung Trần,2024-05-23
U09768,Minh Trần,2025-08-07
U09769,Anh Nhiên Dương,2025-12-05
U09770,Huy Đức Phạm,2024-07-09
U09771,Bác Vũ Dương,2025-05-05
U09772,Hạnh Thế Bùi,2025-06-25
U09773,An Văn Đặng,2024-05-25
U09774,Chị Kim Mai,2025-01-19
U09775,Bà Mai Vũ,2024-03-09
U09776,Bà Hạnh Dương,2024-05-12
U09777,Duyên Lê,2024-02-04
U09778,Anh Vũ,2025-01-25
U09779,Quý cô Dương Mai,2025-10-27
U09780,Cô Hà Mai,2025-04-29
U09781,Vũ Dương,2025-06-09
U09782,Bà Yến Trần,2025-12-27
U09783,Thành Trần,2025-12-14
U09784,Hạnh Mai,2024-02-20
U09785,Vân Hoàng,2024-02-18
U09786,Châu Phạm,2024-10-23
U09787,Hải Tấn Dương,2025-04-07
U09788,Bảo Mai,2025-01-05
U09789,Bà Duyên Bùi,2025-08-31
U09790,Cô Linh Bùi,2024-09-12
U09791,Quý cô Lan Lê,2025-12-30
U09792,Nhật Xuân Phạm,2025-09-06
U09793,Vân Nguyễn,2025-10-29
U09794,Hồng Hoàng,2024-02-24
U09795,Bảo Quang Mai,2024-07-29
U09796,Ông Thành Mai,2025-06-23
U09797,Quý ông Hoàng Dương,2024-04-01
U09798,Chị Hạnh Hoàng,2024-06-20
U09799,Cô Hạnh Phạm,2025-04-26
U09800,Hưng Hoàng,2024-03-04
U09801,Bà Nhật Vũ,2025-11-25
U09802,Lan Trần,2025-02-17
U09803,Khoa Bảo Vũ,2025-11-03
U09804,Tú Vũ,2024-04-25
U09805,Quý ông Tùng Bùi,2024-06-10
U09806,Lâm Hoàng,2024-11-23
U09807,Trung Vũ,2024-06-13
U09808,Bà Chi Lê,2025-11-30
U09809,Quý cô Khoa Vũ,2024-06-24
U09810,Phúc Lê,2025-09-28
U09811,Phương Tấn Nguyễn,2024-01-08
U09812,Mai Mai,2025-10-24
U09813,Bác Trung Nguyễn,2024-09-15
U09814,Quý ông Quang Trần,2025-03-31
U09815,Ánh Dương,2025-04-26
U09816,Hương Đặng,2025-12-26
U09817,Cô Yến Bùi,2025-06-11
U09818,Quý cô Xuân Trần,2024-05-26
U09819,Anh Huy Đặng,2024-07-17
U09820,Huy Lê,2025-08-06
U09821,Chi Phạm,2025-06-24
U09822,Quý cô Yến Trần,2025-04-30
U09823,Thành Mai Dương,2024-04-01
U09824,Cô Vân Mai,2024-06-09
U09825,Hải Dương,2024-09-21
U09826,Nhật Phú Vũ,2024-03-20
U09827,Chị Phương Đặng,2024-02-03
U09828,Hoàng Dương,2025-04-18
U09829,Quang Hải Vũ,2024-06-15
U09830,Bảo Mai,2024-10-09
U09831,Xuân Lê,2025-07-25
U09832,Kim Trí Dương,2025-05-05
U09833,Minh Lê,2024-02-07
U09834,Quý ông Anh Bùi,2025-10-07
U09835,Bà Khoa Nguyễn,2024-08-15
U09836,Kim Dương,2024-03-14
U09837,Quý ông Nam Dương,2025-01-31
U09838,Cô Hương Hoàng,2024-09-02
U09839,Quý cô Lâm Đặng,2025-11-08
U09840,Vân Trần,2025-01-24
U09841,Phương Đặng,2024-10-14
U09842,Ông Minh Nguyễn,2024-05-06
U09843,Cô Ngọc Vũ,2025-09-15
U09844,Bà Hải Lê,2025-01-17
U09845,Cô Bảo Vũ,2025-07-30
U09846,Châu Đặng,2025-12-24
U09847,Quý ông Dũng Phạm,2024-04-02
U09848,Bà Dương Mai,2025-08-24
U09849,Anh Trần,2024-04-14
U09850,Vân Phạm,2024-05-06
U09851,Dương Hoàng,2025-01-14
U09852,Chị Duyên Mai,2025-10-23
U09853,Quang Mai,2024-04-17
U09854,Nam Bùi,2024-10-25
U09855,Phúc Mai,2024-07-17
U09856,Vũ Phạm,2025-10-10
U09857,Quang Lê,2024-06-30
U09858,Chị An Nguyễn,2024-05-04
U09859,Bà Linh Bùi,2024-08-16
U09860,Nhật Hữu Phạm,2025-06-22
U09861,Quý ông Bảo Vũ,2025-10-22
U09862,Tú Hữu Dương,2024-04-15
U09863,Cô Dương Hoàng,2024-06-12
U09864,Khoa Dương,2024-10-24
U09865,Hồng Đặng,2024-08-29
U09866,Cô Ngọc Mai,2024-11-22
U09867,Cô Xuân Phạm,2024-01-23
U09868,Thành Hữu Dương,2024-02-17
U09869,Thảo Lê,2024-03-21
U09870,Nam Dương,2024-11-27
U09871,Yến Dương,2024-06-22
U09872,Bà Nhật Dương,2024-02-08
U09873,Chi Đặng,2025-12-25
U09874,Hương Đặng,2025-05-27
U09875,Phương Trần,2024-11-24
U09876,Chị Hà Nguyễn,2025-10-24
U09877,Bác Hoàng Đặng,2024-01-02
U09878,Lâm Hữu Mai,2025-02-19
U09879,Thành Quang Hoàng,2024-11-15
U09880,Nhật Trần,2025-07-25
U09881,Hà Thị Nguyễn,2025-07-31
U09882,Bác Quang Mai,2024-08-20
U09883,Hương Trần,2024-04-04
U09884,Bảo Văn Hoàng,2024-09-09
U09885,Linh Bùi,2024-07-09
U09886,Bác Vũ Mai,2024-11-08
U09887,Hoàng Bùi,2025-10-15
U09888,Quang Đức Đặng,2025-08-19
U09889,Bà Nhật Lê,2025-11-28
U09890,Hưng Vũ,2025-07-11
U09891,Nhật Trần,2024-03-10
U09892,Lâm Vũ,2025-10-21
U09893,Quý ông Quang Mai,2025-04-08
U09894,Kim Hoàng Nguyễn,2025-01-11
U09895,Hà Phạm,2024-04-26
U09896,Quý cô Nhật Hoàng,2024-10-08
U09897,Chị Nhật Vũ,2025-11-10
U09898,Tùng Hữu Nguyễn,2025-03-06
U09899,Bà Lan Dương,2024-09-07
U09900,Chị Ánh Lê,2024-06-19
U09901,Chị Xuân Đặng,2024-01-13
U09902,Hạnh Thế Dương,2025-10-12
U09903,Kim Lê,2024-08-14
U09904,Quang Hoàng Vũ,2025-08-11
U09905,Trung Thị Vũ,2024-10-11
U09906,Ông Quang Trần,2024-05-15
U09907,Nhiên Hải Dương,2025-12-29
U09908,Nhật Đặng,2024-10-10
U09909,Hà Hữu Trần,2025-01-08
U09910,Cô Bảo Dương,2025-01-30
U09911,Bảo Đặng,2025-05-14
U09912,Hạnh Lê,2024-09-30
U09913,Khoa Bùi,2024-07-24
U09914,Hoàng Đức Trần,2025-06-04
U09915,Quý cô Bảo Đặng,2024-02-24
U09916,Vũ Bảo Trần,2025-08-16
U09917,Chị Nhật Bùi,2025-04-13
U09918,Nam Lê,2024-07-19
U09919,Vân Dương,2025-12-21
U09920,An Thị Phạm,2024-02-16
U09921,Kim Phú Bùi,2025-01-19
U09922,Bảo Bảo Mai,2024-01-02
U09923,Minh Hoàng,2025-02-03
U09924,Ngọc Nguyễn,2025-04-08
U09925,Bác Hưng Vũ,2025-02-18
U09926,Hương Đặng,2024-05-10
U09927,Lâm Vũ,2024-04-02
U09928,Tùng Trần,2025-01-13
U09929,Kim Bùi,2024-04-25
U09930,Châu Thị Bùi,2024-05-01
U09931,Cô Hạnh Vũ,2024-03-05
U09932,Hạnh Tấn Lê,2024-09-09
U09933,Quý ông Huy Nguyễn,2024-06-16
U09934,Kim Nguyễn,2025-07-16
U09935,Vũ Hoàng,2024-01-20
U09936,Hương Mai,2025-07-07
U09937,Quý cô Thành Vũ,2025-01-25
U09938,Anh Tùng Mai,2024-10-25
U09939,Cô Yến Vũ,2024-06-20
U09940,Chị Phương Vũ,2025-03-13
U09941,Vũ Phú Hoàng,2025-07-14
U09942,Anh Mai,2025-03-31
U09943,Khoa Văn Hoàng,2024-11-07
U09944,Khoa Hoàng,2025-06-05
U09945,Quang Hoàng Lê,2025-06-16
U09946,Minh Hoàng,2024-03-12
U09947,Nhật Bảo Vũ,2024-12-03
U09948,Cô Yến Trần,2024-10-18
U09949,Bác Quang Vũ,2024-06-02
U09950,Quý ông Nhiên Mai,2024-11-07
U09951,Kim Dương,2024-02-25
U09952,Hạnh Quang Nguyễn,2025-05-18
U09953,Hải Hữu Vũ,2025-02-05
U09954,Quý cô Xuân Lê,2024-01-08
U09955,Cô Khoa Trần,2024-02-04
U09956,Anh Minh Phạm,2025-06-01
U09957,Khoa Nguyễn,2024-10-07
U09958,Bà Ngọc Bùi,2025-12-16
U09959,Kim Tấn Đặng,2024-06-01
U09960,Phúc Bùi,2025-05-24
U09961,Bảo Dương,2024-07-04
U09962,Anh Tú Lê,2024-05-24
U09963,Phương Xuân Lê,2024-06-07
U09964,Ông Quang Đặng,2024-06-28
U09965,Bà Yến Hoàng,2025-02-14
U09966,Hồng Hoàng,2024-08-16
U09967,Châu Tấn Vũ,2024-11-27
U09968,Chị Xuân Phạm,2025-10-03
U09969,An Vũ,2025-10-12
U09970,Phúc Hải Hoàng,2024-08-21
U09971,Tú Xuân Vũ,2024-05-19
U09972,Cô Vi Hoàng,2024-07-03
U09973,Anh Vũ Vũ,2025-05-29
U09974,Chị Hạnh Dương,2025-03-11
U09975,Quý cô Ngọc Trần,2025-05-16
U09976,Kim Nguyễn,2025-12-31
U09977,Nhiên Vũ,2024-08-08
U09978,Quý ông Tú Bùi,2025-05-22
U09979,Ngọc Mai,2025-03-01
U09980,Phương Trí Nguyễn,2024-05-18
U09981,Cô Hải Nguyễn,2024-05-15
U09982,Chị Hạnh Dương,2025-06-21
U09983,An Bảo Dương,2025-09-15
U09984,Thành Hoàng Mai,2025-09-17
U09985,Quý cô Thảo Mai,2024-11-05
U09986,Cô Khoa Bùi,2025-07-23
U09987,Lan Phạm,2025-05-11
U09988,Quý ông Dũng Bùi,2024-02-28
U09989,Cô Ánh Dương,2025-03-12
U09990,Chị Vân Phạm,2024-10-23
U09991,Minh Bảo Vũ,2024-06-03
U09992,Quý cô Linh Mai,2025-11-23
U09993,Ông Phúc Hoàng,2025-04-23
U09994,Cô Nhật Đặng,2025-06-26
U09995,Kim Mai Bảo Bùi,2024-03-28
U09996,Bác Trung Hoàng,2025-06-21
U09997,Anh Anh Bùi,2024-12-20
U09998,Thành Phú Nguyễn,2024-05-02
U09999,Chị Hồng Bùi,2025-11-02
U10000,Khoa Đức Bùi,2025-07-24
